# pc_bank	pc	reg_addr	value	count	first_frame	last_frame	bank_before(first)	bank_after(last)
# One row per distinct (pc_bank, pc, address, value); bank_before/after = mapped ROMX bank around the last write.
00	0182	2000	75	6	44	1625	67	75
00	0187	3000	00	6	44	1625	75	75
00	01A1	2000	67	5	44	1625	75	67
00	01A1	2000	68	1	52	52	75	68
00	01A5	3000	00	6	44	1625	67	67
00	01CD	2000	75	430	44	1508	67	75
00	01D2	3000	00	430	44	1508	75	75
00	01E1	2000	04	23	1369	1508	75	04
00	01E1	2000	4A	45	1369	1508	75	4A
00	01E1	2000	67	362	44	1508	75	67
00	01E5	3000	00	430	44	1508	67	67
00	021F	2000	75	6025	44	1624	67	75
00	0224	3000	00	6025	44	1624	75	75
00	0233	2000	04	332	45	1624	75	04
00	0233	2000	05	3	1401	1561	75	05
00	0233	2000	4A	549	44	1624	75	4A
00	0233	2000	67	5140	44	1624	75	67
00	0233	2000	75	1	1487	1487	75	75
00	0237	3000	00	6025	44	1624	67	67
00	0296	0000	00	2	0	1317	65	65
00	0299	4000	00	2	0	1317	65	65
00	0311	2100	4F	2	8	1325	00	4F
00	031E	2100	01	2	17	1334	4F	01
00	0324	3000	00	2	17	1334	01	01
00	0639	2100	1C	2	17	1334	01	1C
00	0639	2100	22	1	1641	1641	65	22
00	0639	2100	48	3	22	1648	65	48
00	0639	2100	4A	12	23	1343	67	4A
00	0639	2100	4E	3	22	1649	65	4E
00	0639	2100	4F	193	16	1823	4F	4F
00	0639	2100	58	13	1651	1784	65	58
00	0639	2100	63	2550	68	1794	7F	63
00	0639	2100	65	1034	17	2087	7D	65
00	0639	2100	67	311	22	1641	65	67
00	0639	2100	68	10	22	1779	65	68
00	0639	2100	7D	1878	16	2087	65	7D
00	0639	2100	7F	428	1655	1794	65	7F
00	066F	2100	4A	274	43	1624	67	4A
00	066F	2100	63	1211	74	1300	63	63
00	06A7	4000	01	4	16	1334	4F	4F
00	06AD	0000	00	4	16	1334	4F	4F
00	0A8F	2100	4A	2	26	1343	67	4A
00	0A8F	2100	63	1	74	74	63	63
00	0DE4	2100	7A	4	1657	1792	7F	7A
00	0DE4	2100	7B	4	1657	1790	7F	7B
00	0DE4	2100	7C	9	1656	1791	7F	7C
00	0DE4	2100	7D	4	1657	1792	7F	7D
00	0DE4	2100	7E	86	1655	1794	7F	7E
00	0E2E	2100	7F	107	1655	1794	7E	7F
00	1647	4000	01	72	1648	1649	48	48
00	164E	0000	0A	72	1648	1649	48	48
00	1658	0000	00	72	1648	1649	48	48
00	1660	4000	01	72	1648	1649	48	48
00	171C	2100	4F	2	17	1334	65	4F
00	1727	2100	65	2	22	1339	4F	65
00	2101	2000	00	2	8	1325	04	00
00	2101	2000	04	2805	8	2087	65	04
00	2101	2000	05	111	44	1773	04	05
00	2101	2000	4A	6	24	1343	04	4A
00	2101	2000	4E	2	1649	1650	04	4E
00	2101	2000	4F	178	17	1823	04	4F
00	2101	2000	58	6	1652	1784	04	58
00	2101	2000	63	1217	69	1301	04	63
00	2101	2000	65	364	1317	2087	04	65
00	2101	2000	67	285	27	1641	04	67
00	2107	3000	00	4976	8	2087	04	04
22	4EFD	4000	00	2	1641	1643	22	22
22	4F04	0000	0A	2	1641	1643	22	22
22	4F20	0000	00	2	1643	1645	22	22
22	4F60	4000	00	2	1645	1646	22	22
22	4F67	0000	0A	2	1645	1646	22	22
22	4F77	0000	00	2	1646	1647	22	22
22	5039	4000	01	1	1647	1647	22	22
22	5040	0000	0A	1	1647	1647	22	22
22	5073	0000	00	1	1648	1648	22	22
22	50A4	4000	01	1	1648	1648	22	22
22	50AB	0000	0A	1	1648	1648	22	22
22	50CB	0000	00	1	1648	1648	22	22
48	492B	4000	01	1	1648	1648	48	48
48	4932	0000	0A	1	1648	1648	48	48
48	494B	0000	00	1	1648	1648	48	48
48	4953	4000	01	1	1648	1648	48	48
48	496A	4000	01	1	1649	1649	48	48
48	4971	0000	0A	1	1649	1649	48	48
48	497E	0000	00	1	1649	1649	48	48
48	4986	4000	01	1	1649	1649	48	48
48	4AB6	4000	01	2	22	1339	48	48
48	4ABD	0000	0A	2	22	1339	48	48
48	4ACD	0000	00	2	22	1339	48	48
48	4AD5	4000	01	2	22	1339	48	48
4E	465C	0000	0A	2	22	1339	4E	4E
4E	4663	4000	01	2	22	1339	4E	4E
4E	469D	0000	00	2	22	1339	4E	4E
4E	474D	0000	0A	1	1649	1649	4E	4E
4E	4754	4000	01	1	1649	1649	4E	4E
4E	4792	0000	00	1	1649	1649	4E	4E
4E	4799	0000	0A	3	22	1649	4E	4E
4E	47A0	4000	01	3	22	1649	4E	4E
4E	47E7	0000	00	3	22	1650	4E	4E
65	423B	4000	01	1	1641	1641	65	65
65	4242	0000	0A	1	1641	1641	65	65
65	424C	4000	02	1	1641	1641	65	65
65	4256	0000	00	1	1641	1641	65	65
67	416D	4000	01	1	1641	1641	67	67
67	4174	0000	0A	1	1641	1641	67	67
67	417E	4000	02	1	1641	1641	67	67
67	4188	0000	00	1	1641	1641	67	67
67	41A5	4000	01	1	1641	1641	67	67
67	41AC	0000	0A	1	1641	1641	67	67
67	41B6	4000	02	1	1641	1641	67	67
67	41C0	0000	00	1	1641	1641	67	67
67	41DD	4000	01	1	1641	1641	67	67
67	41E4	0000	0A	1	1641	1641	67	67
67	41EE	4000	02	1	1641	1641	67	67
67	41F8	0000	00	1	1641	1641	67	67
67	64D8	0000	0A	1	1487	1487	67	67
67	64DF	4000	02	1	1487	1487	67	67
67	6505	0000	00	1	1625	1625	67	67
67	6529	0000	00	1	52	52	67	67
68	4256	0000	0A	1	1641	1641	68	68
68	4264	4000	02	1	1641	1641	68	68
68	4276	4000	02	1	1641	1641	68	68
68	427E	0000	00	1	1641	1641	68	68
68	431E	0000	0A	1	1625	1625	68	68
68	432C	4000	02	1	1625	1625	68	68
68	436A	4000	02	1	1625	1625	68	68
68	4372	0000	00	1	1625	1625	68	68
68	4790	4000	01	1	1641	1641	68	68
68	479E	0000	0A	1	1641	1641	68	68
68	47BD	4000	00	1	1641	1641	68	68
68	47C7	0000	02	1	1641	1641	68	68
68	47E6	4000	01	1	1641	1641	68	68
68	47ED	0000	0A	1	1641	1641	68	68
68	47F7	4000	00	1	1641	1641	68	68
68	4801	0000	02	1	1641	1641	68	68
68	495B	4000	01	4	68	1641	68	68
68	4969	0000	0A	4	68	1641	68	68
68	49A5	4000	00	3	68	1641	68	68
68	49A5	4000	02	1	1641	1641	68	68
68	49AF	0000	00	3	68	1641	68	68
68	49AF	0000	02	1	1641	1641	68	68
68	49C1	4000	01	2	1641	1779	68	68
68	49CF	0000	0A	2	1641	1779	68	68
68	49EF	4000	00	1	1779	1779	68	68
68	49EF	4000	02	1	1641	1641	68	68
68	49F9	0000	00	1	1641	1641	68	68
68	49F9	0000	01	1	1779	1779	68	68
68	4A1A	4000	01	2	22	1339	68	68
68	4A28	0000	0A	2	22	1339	68	68
68	4A3A	4000	00	2	22	1339	68	68
68	4A44	0000	01	2	22	1339	68	68
68	4B5E	4000	01	1	1779	1779	68	68
68	4B65	0000	0A	1	1779	1779	68	68
68	4B6F	4000	01	1	1779	1779	68	68
68	4B79	0000	00	1	1779	1779	68	68
68	4B98	4000	01	1	1779	1779	68	68
68	4B9F	0000	0A	1	1779	1779	68	68
68	4BA9	4000	01	1	1779	1779	68	68
68	4BB3	0000	00	1	1779	1779	68	68
68	4BCD	4000	01	1	1779	1779	68	68
68	4BD4	0000	0A	1	1779	1779	68	68
68	4BDE	4000	01	1	1779	1779	68	68
68	4BE8	0000	00	1	1779	1779	68	68
68	4C07	4000	01	1	1779	1779	68	68
68	4C0E	0000	0A	1	1779	1779	68	68
68	4C18	4000	01	1	1779	1779	68	68
68	4C22	0000	00	1	1779	1779	68	68
