# frame	pc_bank	pc	reg	kind	value	repeat
# kind: W=CPU write, R=CPU read (consecutive identical reads from one pc are folded into repeat), X=transfer completed (value = SB after the transfer, pc = instruction during which it completed). pc_bank is a ROM bank, WRAM/HRAM, or - (n/a)
44	75	5F20	SC	R	7E	1
44	00	0207	SC	R	7E	1
44	75	5B32	SB	W	4B	1
44	75	5B3F	SC	W	03	1
44	75	5B43	SC	W	83	1
44	-	023C	SB	X	00	1
44	75	56F6	SB	R	00	1
44	00	0207	SC	R	7F	157
51	75	5F20	SC	R	7F	1
51	00	0207	SC	R	7F	1
51	75	5B32	SB	W	99	1
51	75	5B3F	SC	W	03	1
51	75	5B43	SC	W	83	1
51	-	023C	SB	X	D2	1
51	00	0207	SC	R	7F	1
51	75	5B32	SB	W	66	1
51	75	5B3F	SC	W	03	1
51	75	5B43	SC	W	83	1
51	-	023C	SB	X	D2	1
51	00	0207	SC	R	7F	1
51	75	5B32	SB	W	10	1
51	75	5B3F	SC	W	03	1
51	75	5B43	SC	W	83	1
51	-	023C	SB	X	D2	1
51	00	0207	SC	R	7F	1
51	75	5B32	SB	W	00	1
51	75	5B3F	SC	W	03	1
51	75	5B43	SC	W	83	1
51	-	023C	SB	X	D2	1
51	00	0207	SC	R	7F	1
51	75	5B32	SB	W	00	1
51	75	5B3F	SC	W	03	1
51	75	5B43	SC	W	83	1
51	-	023C	SB	X	D2	1
51	00	0207	SC	R	7F	1
51	75	5B32	SB	W	08	1
51	75	5B3F	SC	W	03	1
51	75	5B43	SC	W	83	1
51	-	023C	SB	X	D2	1
51	00	0207	SC	R	7F	1
51	75	5B32	SB	W	4E	1
51	75	5B3F	SC	W	03	1
51	75	5B43	SC	W	83	1
51	-	023C	SB	X	D2	1
51	00	0207	SC	R	7F	1
51	75	5B32	SB	W	49	1
51	75	5B3F	SC	W	03	1
51	75	5B43	SC	W	83	1
51	-	023C	SB	X	D2	1
51	00	0207	SC	R	7F	1
51	75	5B32	SB	W	4E	1
51	75	5B3F	SC	W	03	1
51	75	5B43	SC	W	83	1
51	-	023C	SB	X	D2	1
51	00	0207	SC	R	7F	1
51	75	5B32	SB	W	54	1
51	75	5B3F	SC	W	03	1
51	75	5B43	SC	W	83	1
51	-	023C	SB	X	D2	1
51	00	0207	SC	R	7F	1
51	75	5B32	SB	W	45	1
51	75	5B3F	SC	W	03	1
51	75	5B43	SC	W	83	1
51	-	023C	SB	X	D2	1
51	00	0207	SC	R	7F	1
51	75	5B32	SB	W	4E	1
51	75	5B3F	SC	W	03	1
51	75	5B43	SC	W	83	1
51	-	023C	SB	X	D2	1
51	00	0207	SC	R	7F	1
51	75	5B32	SB	W	44	1
51	75	5B3F	SC	W	03	1
51	75	5B43	SC	W	83	1
51	-	023C	SB	X	D2	1
51	00	0207	SC	R	7F	1
51	75	5B32	SB	W	4F	1
51	75	5B3F	SC	W	03	1
51	75	5B43	SC	W	83	1
51	-	023C	SB	X	D2	1
51	00	0207	SC	R	7F	1
51	75	5B32	SB	W	02	1
51	75	5B3F	SC	W	03	1
51	75	5B43	SC	W	83	1
51	-	023C	SB	X	D2	1
51	00	0207	SC	R	7F	1
51	75	5B32	SB	W	77	1
51	75	5B3F	SC	W	03	1
51	75	5B43	SC	W	83	1
51	-	023C	SB	X	D2	1
51	00	0207	SC	R	7F	1
51	75	5B32	SB	W	80	1
51	75	5B3F	SC	W	03	1
51	75	5B43	SC	W	83	1
51	-	023C	SB	X	88	1
51	75	56F6	SB	R	88	1
51	00	0207	SC	R	7F	1
51	75	5B32	SB	W	00	1
51	75	5B3F	SC	W	03	1
51	75	5B43	SC	W	83	1
51	-	023C	SB	X	90	1
51	75	56F6	SB	R	90	1
51	00	0207	SC	R	7F	1
51	75	5A4C	SB	W	4B	1
51	75	5B3F	SC	W	03	1
51	75	5B43	SC	W	83	1
51	-	023C	SB	X	D2	1
51	75	5811	SB	R	D2	1
52	00	0207	SC	R	7F	1
52	75	5A4C	SB	W	4B	1
52	75	5B3F	SC	W	03	1
52	75	5B43	SC	W	83	1
52	-	023C	SB	X	D2	1
52	75	5811	SB	R	D2	1
52	00	0207	SC	R	7F	1
52	75	5A4C	SB	W	4B	1
52	75	5B3F	SC	W	03	1
52	75	5B43	SC	W	83	1
52	-	023C	SB	X	99	1
52	75	5811	SB	R	99	1
52	00	0207	SC	R	7F	1
52	75	5A4C	SB	W	4B	1
52	75	5B3F	SC	W	03	1
52	75	5B43	SC	W	83	1
52	-	023C	SB	X	66	1
52	75	5811	SB	R	66	1
52	00	0207	SC	R	7F	1
52	75	5A4C	SB	W	4B	1
52	75	5B3F	SC	W	03	1
52	75	5B43	SC	W	83	1
52	-	023C	SB	X	90	1
52	75	58CE	SB	R	90	1
52	00	0207	SC	R	7F	1
52	75	5A4C	SB	W	4B	1
52	75	5B3F	SC	W	03	1
52	75	5B43	SC	W	83	1
52	-	023C	SB	X	00	1
52	75	58CE	SB	R	00	1
52	00	0207	SC	R	7F	1
52	75	5A4C	SB	W	4B	1
52	75	5B3F	SC	W	03	1
52	75	5B43	SC	W	83	1
52	-	023C	SB	X	00	1
52	75	58CE	SB	R	00	1
52	00	0207	SC	R	7F	1
52	75	5A4C	SB	W	4B	1
52	75	5B3F	SC	W	03	1
52	75	5B43	SC	W	83	1
52	-	023C	SB	X	08	1
52	75	58CE	SB	R	08	1
52	75	5884	SB	R	08	1
52	00	0207	SC	R	7F	1
52	75	5A4C	SB	W	4B	1
52	75	5B3F	SC	W	03	1
52	75	5B43	SC	W	83	1
52	-	023C	SB	X	4E	1
52	75	58CE	SB	R	4E	1
52	00	0207	SC	R	7F	1
52	75	5A4C	SB	W	4B	1
52	75	5B3F	SC	W	03	1
52	75	5B43	SC	W	83	1
52	-	023C	SB	X	49	1
52	75	58CE	SB	R	49	1
52	00	0207	SC	R	7F	1
52	75	5A4C	SB	W	4B	1
52	75	5B3F	SC	W	03	1
52	75	5B43	SC	W	83	1
52	-	023C	SB	X	4E	1
52	75	58CE	SB	R	4E	1
52	00	0207	SC	R	7F	1
52	75	5A4C	SB	W	4B	1
52	75	5B3F	SC	W	03	1
52	75	5B43	SC	W	83	1
52	-	023C	SB	X	54	1
52	75	58CE	SB	R	54	1
52	00	0207	SC	R	7F	1
52	75	5A4C	SB	W	4B	1
52	75	5B3F	SC	W	03	1
52	75	5B43	SC	W	83	1
52	-	023C	SB	X	45	1
52	75	58CE	SB	R	45	1
52	00	0207	SC	R	7F	1
52	75	5A4C	SB	W	4B	1
52	75	5B3F	SC	W	03	1
52	75	5B43	SC	W	83	1
52	-	023C	SB	X	4E	1
52	75	58CE	SB	R	4E	1
52	00	0207	SC	R	7F	1
52	75	5A4C	SB	W	4B	1
52	75	5B3F	SC	W	03	1
52	75	5B43	SC	W	83	1
52	-	023C	SB	X	44	1
52	75	58CE	SB	R	44	1
52	00	0207	SC	R	7F	1
52	75	5A4C	SB	W	4B	1
52	75	5B3F	SC	W	03	1
52	75	5B43	SC	W	83	1
52	-	023C	SB	X	4F	1
52	75	58CE	SB	R	4F	1
52	00	0207	SC	R	7F	1
52	75	5A4C	SB	W	4B	1
52	75	5B3F	SC	W	03	1
52	75	5B43	SC	W	83	1
52	-	023C	SB	X	02	1
52	75	589E	SB	R	02	1
52	00	0207	SC	R	7F	1
52	75	5A4C	SB	W	4B	1
52	75	5B3F	SC	W	03	1
52	75	5B43	SC	W	83	1
52	-	023C	SB	X	F7	1
52	75	589E	SB	R	F7	1
52	00	0207	SC	R	7F	1
52	75	5A4C	SB	W	80	1
52	75	5B3F	SC	W	03	1
52	75	5B43	SC	W	83	1
52	-	023C	SB	X	88	1
52	75	589E	SB	R	88	1
52	00	0207	SC	R	7F	1
52	75	5A4C	SB	W	10	1
52	75	5B3F	SC	W	03	1
52	75	5B43	SC	W	83	1
52	-	023C	SB	X	00	1
52	75	589E	SB	R	00	1
52	00	0207	SC	R	7F	1
52	75	5F20	SC	R	7F	1
52	75	5B32	SB	W	99	1
52	75	5B3F	SC	W	03	1
52	75	5B43	SC	W	83	1
52	-	023C	SB	X	D2	1
52	00	0207	SC	R	7F	1
52	75	5B32	SB	W	66	1
52	75	5B3F	SC	W	03	1
52	75	5B43	SC	W	83	1
52	-	023C	SB	X	D2	1
52	00	0207	SC	R	7F	1
52	75	5B32	SB	W	11	1
52	75	5B3F	SC	W	03	1
52	75	5B43	SC	W	83	1
52	-	023C	SB	X	D2	1
53	00	0207	SC	R	7F	1
53	75	5B32	SB	W	00	1
53	75	5B3F	SC	W	03	1
53	75	5B43	SC	W	83	1
53	-	023C	SB	X	D2	1
53	00	0207	SC	R	7F	1
53	75	5B32	SB	W	00	1
53	75	5B3F	SC	W	03	1
53	75	5B43	SC	W	83	1
53	-	023C	SB	X	D2	1
53	00	0207	SC	R	7F	1
53	75	5B32	SB	W	00	1
53	75	5B3F	SC	W	03	1
53	75	5B43	SC	W	83	1
53	-	023C	SB	X	D2	1
53	00	0207	SC	R	7F	1
53	75	5B32	SB	W	00	1
53	75	5B3F	SC	W	03	1
53	75	5B43	SC	W	83	1
53	-	023C	SB	X	D2	1
53	00	0207	SC	R	7F	1
53	75	5B32	SB	W	11	1
53	75	5B3F	SC	W	03	1
53	75	5B43	SC	W	83	1
53	-	023C	SB	X	D2	1
53	00	0207	SC	R	7F	1
53	75	5B32	SB	W	80	1
53	75	5B3F	SC	W	03	1
53	75	5B43	SC	W	83	1
53	-	023C	SB	X	88	1
53	75	56F6	SB	R	88	1
53	00	0207	SC	R	7F	1
53	75	5B32	SB	W	00	1
53	75	5B3F	SC	W	03	1
53	75	5B43	SC	W	83	1
53	-	023C	SB	X	91	1
53	75	56F6	SB	R	91	1
53	00	0207	SC	R	7F	1
53	75	5A4C	SB	W	4B	1
53	75	5B3F	SC	W	03	1
53	75	5B43	SC	W	83	1
53	-	023C	SB	X	D2	1
53	75	5811	SB	R	D2	1
53	00	0207	SC	R	7F	1
53	75	5A4C	SB	W	4B	1
53	75	5B3F	SC	W	03	1
53	75	5B43	SC	W	83	1
53	-	023C	SB	X	D2	1
53	75	5811	SB	R	D2	1
53	00	0207	SC	R	7F	1
53	75	5A4C	SB	W	4B	1
53	75	5B3F	SC	W	03	1
53	75	5B43	SC	W	83	1
53	-	023C	SB	X	D2	1
53	75	5811	SB	R	D2	1
53	00	0207	SC	R	7F	1
53	75	5A4C	SB	W	4B	1
53	75	5B3F	SC	W	03	1
53	75	5B43	SC	W	83	1
53	-	023C	SB	X	D2	1
53	75	5811	SB	R	D2	1
53	00	0207	SC	R	7F	1
53	75	5A4C	SB	W	4B	1
53	75	5B3F	SC	W	03	1
53	75	5B43	SC	W	83	1
53	-	023C	SB	X	D2	1
53	75	5811	SB	R	D2	1
53	00	0207	SC	R	7F	1
53	75	5A4C	SB	W	4B	1
53	75	5B3F	SC	W	03	1
53	75	5B43	SC	W	83	1
53	-	023C	SB	X	D2	1
53	75	5811	SB	R	D2	1
53	00	0207	SC	R	7F	1
53	75	5A4C	SB	W	4B	1
53	75	5B3F	SC	W	03	1
53	75	5B43	SC	W	83	1
53	-	023C	SB	X	D2	1
53	75	5811	SB	R	D2	1
53	00	0207	SC	R	7F	1
53	75	5A4C	SB	W	4B	1
53	75	5B3F	SC	W	03	1
53	75	5B43	SC	W	83	1
53	-	023C	SB	X	D2	1
53	75	5811	SB	R	D2	1
53	00	0207	SC	R	7F	1
53	75	5A4C	SB	W	4B	1
53	75	5B3F	SC	W	03	1
53	75	5B43	SC	W	83	1
53	-	023C	SB	X	D2	1
53	75	5811	SB	R	D2	1
53	00	0207	SC	R	7F	1
53	75	5A4C	SB	W	4B	1
53	75	5B3F	SC	W	03	1
53	75	5B43	SC	W	83	1
53	-	023C	SB	X	D2	1
53	75	5811	SB	R	D2	1
53	00	0207	SC	R	7F	1
53	75	5A4C	SB	W	4B	1
53	75	5B3F	SC	W	03	1
53	75	5B43	SC	W	83	1
53	-	023C	SB	X	D2	1
53	75	5811	SB	R	D2	1
53	00	0207	SC	R	7F	1
53	75	5A4C	SB	W	4B	1
53	75	5B3F	SC	W	03	1
53	75	5B43	SC	W	83	1
53	-	023C	SB	X	D2	1
53	75	5811	SB	R	D2	1
53	00	0207	SC	R	7F	1
53	75	5A4C	SB	W	4B	1
53	75	5B3F	SC	W	03	1
53	75	5B43	SC	W	83	1
53	-	023C	SB	X	D2	1
53	75	5811	SB	R	D2	1
53	00	0207	SC	R	7F	1
53	75	5A4C	SB	W	4B	1
53	75	5B3F	SC	W	03	1
53	75	5B43	SC	W	83	1
53	-	023C	SB	X	D2	1
53	75	5811	SB	R	D2	1
53	00	0207	SC	R	7F	1
53	75	5A4C	SB	W	4B	1
53	75	5B3F	SC	W	03	1
53	75	5B43	SC	W	83	1
53	-	023C	SB	X	D2	1
53	75	5811	SB	R	D2	1
53	00	0207	SC	R	7F	1
53	75	5A4C	SB	W	4B	1
53	75	5B3F	SC	W	03	1
53	75	5B43	SC	W	83	1
53	-	023C	SB	X	D2	1
53	75	5811	SB	R	D2	1
54	00	0207	SC	R	7F	1
54	75	5A4C	SB	W	4B	1
54	75	5B3F	SC	W	03	1
54	75	5B43	SC	W	83	1
54	-	023C	SB	X	D2	1
54	75	5811	SB	R	D2	1
54	00	0207	SC	R	7F	1
54	75	5A4C	SB	W	4B	1
54	75	5B3F	SC	W	03	1
54	75	5B43	SC	W	83	1
54	-	023C	SB	X	99	1
54	75	5811	SB	R	99	1
54	00	0207	SC	R	7F	1
54	75	5A4C	SB	W	4B	1
54	75	5B3F	SC	W	03	1
54	75	5B43	SC	W	83	1
54	-	023C	SB	X	66	1
54	75	5811	SB	R	66	1
54	00	0207	SC	R	7F	1
54	75	5A4C	SB	W	4B	1
54	75	5B3F	SC	W	03	1
54	75	5B43	SC	W	83	1
54	-	023C	SB	X	91	1
54	75	58CE	SB	R	91	1
54	00	0207	SC	R	7F	1
54	75	5A4C	SB	W	4B	1
54	75	5B3F	SC	W	03	1
54	75	5B43	SC	W	83	1
54	-	023C	SB	X	00	1
54	75	58CE	SB	R	00	1
54	00	0207	SC	R	7F	1
54	75	5A4C	SB	W	4B	1
54	75	5B3F	SC	W	03	1
54	75	5B43	SC	W	83	1
54	-	023C	SB	X	00	1
54	75	58CE	SB	R	00	1
54	00	0207	SC	R	7F	1
54	75	5A4C	SB	W	4B	1
54	75	5B3F	SC	W	03	1
54	75	5B43	SC	W	83	1
54	-	023C	SB	X	00	1
54	75	58CE	SB	R	00	1
54	75	5884	SB	R	00	1
54	00	0207	SC	R	7F	1
54	75	5A4C	SB	W	4B	1
54	75	5B3F	SC	W	03	1
54	75	5B43	SC	W	83	1
54	-	023C	SB	X	00	1
54	75	589E	SB	R	00	1
54	00	0207	SC	R	7F	1
54	75	5A4C	SB	W	4B	1
54	75	5B3F	SC	W	03	1
54	75	5B43	SC	W	83	1
54	-	023C	SB	X	91	1
54	75	589E	SB	R	91	1
54	00	0207	SC	R	7F	1
54	75	5A4C	SB	W	80	1
54	75	5B3F	SC	W	03	1
54	75	5B43	SC	W	83	1
54	-	023C	SB	X	88	1
54	75	589E	SB	R	88	1
54	00	0207	SC	R	7F	1
54	75	5A4C	SB	W	11	1
54	75	5B3F	SC	W	03	1
54	75	5B43	SC	W	83	1
54	-	023C	SB	X	00	1
54	75	589E	SB	R	00	1
54	00	0207	SC	R	7F	2561
170	75	5F20	SC	R	7F	1
170	00	0207	SC	R	7F	1
170	75	5B32	SB	W	4B	1
170	75	5B3F	SC	W	03	1
170	75	5B43	SC	W	83	1
170	-	023C	SB	X	D2	1
170	75	56F6	SB	R	D2	1
170	00	0207	SC	R	7F	157
176	75	5F20	SC	R	7F	1
176	00	0207	SC	R	7F	1
176	75	5B32	SB	W	99	1
176	75	5B3F	SC	W	03	1
176	75	5B43	SC	W	83	1
176	-	023C	SB	X	D2	1
176	00	0207	SC	R	7F	1
176	75	5B32	SB	W	66	1
176	75	5B3F	SC	W	03	1
176	75	5B43	SC	W	83	1
176	-	023C	SB	X	D2	1
176	00	0207	SC	R	7F	1
176	75	5B32	SB	W	10	1
176	75	5B3F	SC	W	03	1
176	75	5B43	SC	W	83	1
176	-	023C	SB	X	D2	1
176	00	0207	SC	R	7F	1
176	75	5B32	SB	W	00	1
176	75	5B3F	SC	W	03	1
176	75	5B43	SC	W	83	1
177	-	023C	SB	X	D2	1
177	00	0207	SC	R	7F	1
177	75	5B32	SB	W	00	1
177	75	5B3F	SC	W	03	1
177	75	5B43	SC	W	83	1
177	-	023C	SB	X	D2	1
177	00	0207	SC	R	7F	1
177	75	5B32	SB	W	08	1
177	75	5B3F	SC	W	03	1
177	75	5B43	SC	W	83	1
177	-	023C	SB	X	D2	1
177	00	0207	SC	R	7F	1
177	75	5B32	SB	W	4E	1
177	75	5B3F	SC	W	03	1
177	75	5B43	SC	W	83	1
177	-	023C	SB	X	D2	1
177	00	0207	SC	R	7F	1
177	75	5B32	SB	W	49	1
177	75	5B3F	SC	W	03	1
177	75	5B43	SC	W	83	1
177	-	023C	SB	X	D2	1
177	00	0207	SC	R	7F	1
177	75	5B32	SB	W	4E	1
177	75	5B3F	SC	W	03	1
177	75	5B43	SC	W	83	1
177	-	023C	SB	X	D2	1
177	00	0207	SC	R	7F	1
177	75	5B32	SB	W	54	1
177	75	5B3F	SC	W	03	1
177	75	5B43	SC	W	83	1
177	-	023C	SB	X	D2	1
177	00	0207	SC	R	7F	1
177	75	5B32	SB	W	45	1
177	75	5B3F	SC	W	03	1
177	75	5B43	SC	W	83	1
177	-	023C	SB	X	D2	1
177	00	0207	SC	R	7F	1
177	75	5B32	SB	W	4E	1
177	75	5B3F	SC	W	03	1
177	75	5B43	SC	W	83	1
177	-	023C	SB	X	D2	1
177	00	0207	SC	R	7F	1
177	75	5B32	SB	W	44	1
177	75	5B3F	SC	W	03	1
177	75	5B43	SC	W	83	1
177	-	023C	SB	X	D2	1
177	00	0207	SC	R	7F	1
177	75	5B32	SB	W	4F	1
177	75	5B3F	SC	W	03	1
177	75	5B43	SC	W	83	1
177	-	023C	SB	X	D2	1
177	00	0207	SC	R	7F	1
177	75	5B32	SB	W	02	1
177	75	5B3F	SC	W	03	1
177	75	5B43	SC	W	83	1
177	-	023C	SB	X	D2	1
177	00	0207	SC	R	7F	1
177	75	5B32	SB	W	77	1
177	75	5B3F	SC	W	03	1
177	75	5B43	SC	W	83	1
177	-	023C	SB	X	D2	1
177	00	0207	SC	R	7F	1
177	75	5B32	SB	W	80	1
177	75	5B3F	SC	W	03	1
177	75	5B43	SC	W	83	1
177	-	023C	SB	X	88	1
177	75	56F6	SB	R	88	1
177	00	0207	SC	R	7F	1
177	75	5B32	SB	W	00	1
177	75	5B3F	SC	W	03	1
177	75	5B43	SC	W	83	1
177	-	023C	SB	X	90	1
177	75	56F6	SB	R	90	1
177	00	0207	SC	R	7F	1
177	75	5A4C	SB	W	4B	1
177	75	5B3F	SC	W	03	1
177	75	5B43	SC	W	83	1
177	-	023C	SB	X	D2	1
177	75	5811	SB	R	D2	1
177	00	0207	SC	R	7F	1
177	75	5A4C	SB	W	4B	1
177	75	5B3F	SC	W	03	1
177	75	5B43	SC	W	83	1
177	-	023C	SB	X	D2	1
177	75	5811	SB	R	D2	1
177	00	0207	SC	R	7F	1
177	75	5A4C	SB	W	4B	1
177	75	5B3F	SC	W	03	1
177	75	5B43	SC	W	83	1
177	-	023C	SB	X	D2	1
177	75	5811	SB	R	D2	1
177	00	0207	SC	R	7F	1
177	75	5A4C	SB	W	4B	1
177	75	5B3F	SC	W	03	1
177	75	5B43	SC	W	83	1
177	-	023C	SB	X	D2	1
177	75	5811	SB	R	D2	1
177	00	0207	SC	R	7F	1
177	75	5A4C	SB	W	4B	1
177	75	5B3F	SC	W	03	1
177	75	5B43	SC	W	83	1
177	-	023C	SB	X	D2	1
177	75	5811	SB	R	D2	1
177	00	0207	SC	R	7F	1
177	75	5A4C	SB	W	4B	1
177	75	5B3F	SC	W	03	1
177	75	5B43	SC	W	83	1
177	-	023C	SB	X	D2	1
177	75	5811	SB	R	D2	1
177	00	0207	SC	R	7F	1
177	75	5A4C	SB	W	4B	1
177	75	5B3F	SC	W	03	1
177	75	5B43	SC	W	83	1
177	-	023C	SB	X	D2	1
177	75	5811	SB	R	D2	1
177	00	0207	SC	R	7F	1
177	75	5A4C	SB	W	4B	1
177	75	5B3F	SC	W	03	1
177	75	5B43	SC	W	83	1
177	-	023C	SB	X	D2	1
177	75	5811	SB	R	D2	1
177	00	0207	SC	R	7F	1
177	75	5A4C	SB	W	4B	1
177	75	5B3F	SC	W	03	1
177	75	5B43	SC	W	83	1
177	-	023C	SB	X	D2	1
177	75	5811	SB	R	D2	1
178	00	0207	SC	R	7F	1
178	75	5A4C	SB	W	4B	1
178	75	5B3F	SC	W	03	1
178	75	5B43	SC	W	83	1
178	-	023C	SB	X	D2	1
178	75	5811	SB	R	D2	1
178	00	0207	SC	R	7F	1
178	75	5A4C	SB	W	4B	1
178	75	5B3F	SC	W	03	1
178	75	5B43	SC	W	83	1
178	-	023C	SB	X	99	1
178	75	5811	SB	R	99	1
178	00	0207	SC	R	7F	1
178	75	5A4C	SB	W	4B	1
178	75	5B3F	SC	W	03	1
178	75	5B43	SC	W	83	1
178	-	023C	SB	X	66	1
178	75	5811	SB	R	66	1
178	00	0207	SC	R	7F	1
178	75	5A4C	SB	W	4B	1
178	75	5B3F	SC	W	03	1
178	75	5B43	SC	W	83	1
178	-	023C	SB	X	90	1
178	75	58CE	SB	R	90	1
178	00	0207	SC	R	7F	1
178	75	5A4C	SB	W	4B	1
178	75	5B3F	SC	W	03	1
178	75	5B43	SC	W	83	1
178	-	023C	SB	X	00	1
178	75	58CE	SB	R	00	1
178	00	0207	SC	R	7F	1
178	75	5A4C	SB	W	4B	1
178	75	5B3F	SC	W	03	1
178	75	5B43	SC	W	83	1
178	-	023C	SB	X	00	1
178	75	58CE	SB	R	00	1
178	00	0207	SC	R	7F	1
178	75	5A4C	SB	W	4B	1
178	75	5B3F	SC	W	03	1
178	75	5B43	SC	W	83	1
178	-	023C	SB	X	08	1
178	75	58CE	SB	R	08	1
178	75	5884	SB	R	08	1
178	00	0207	SC	R	7F	1
178	75	5A4C	SB	W	4B	1
178	75	5B3F	SC	W	03	1
178	75	5B43	SC	W	83	1
178	-	023C	SB	X	4E	1
178	75	58CE	SB	R	4E	1
178	00	0207	SC	R	7F	1
178	75	5A4C	SB	W	4B	1
178	75	5B3F	SC	W	03	1
178	75	5B43	SC	W	83	1
178	-	023C	SB	X	49	1
178	75	58CE	SB	R	49	1
178	00	0207	SC	R	7F	1
178	75	5A4C	SB	W	4B	1
178	75	5B3F	SC	W	03	1
178	75	5B43	SC	W	83	1
178	-	023C	SB	X	4E	1
178	75	58CE	SB	R	4E	1
178	00	0207	SC	R	7F	1
178	75	5A4C	SB	W	4B	1
178	75	5B3F	SC	W	03	1
178	75	5B43	SC	W	83	1
178	-	023C	SB	X	54	1
178	75	58CE	SB	R	54	1
178	00	0207	SC	R	7F	1
178	75	5A4C	SB	W	4B	1
178	75	5B3F	SC	W	03	1
178	75	5B43	SC	W	83	1
178	-	023C	SB	X	45	1
178	75	58CE	SB	R	45	1
178	00	0207	SC	R	7F	1
178	75	5A4C	SB	W	4B	1
178	75	5B3F	SC	W	03	1
178	75	5B43	SC	W	83	1
178	-	023C	SB	X	4E	1
178	75	58CE	SB	R	4E	1
178	00	0207	SC	R	7F	1
178	75	5A4C	SB	W	4B	1
178	75	5B3F	SC	W	03	1
178	75	5B43	SC	W	83	1
178	-	023C	SB	X	44	1
178	75	58CE	SB	R	44	1
178	00	0207	SC	R	7F	1
178	75	5A4C	SB	W	4B	1
178	75	5B3F	SC	W	03	1
178	75	5B43	SC	W	83	1
178	-	023C	SB	X	4F	1
178	75	58CE	SB	R	4F	1
178	00	0207	SC	R	7F	1
178	75	5A4C	SB	W	4B	1
178	75	5B3F	SC	W	03	1
178	75	5B43	SC	W	83	1
178	-	023C	SB	X	02	1
178	75	589E	SB	R	02	1
178	00	0207	SC	R	7F	1
178	75	5A4C	SB	W	4B	1
178	75	5B3F	SC	W	03	1
178	75	5B43	SC	W	83	1
178	-	023C	SB	X	F7	1
178	75	589E	SB	R	F7	1
178	00	0207	SC	R	7F	1
178	75	5A4C	SB	W	80	1
178	75	5B3F	SC	W	03	1
178	75	5B43	SC	W	83	1
178	-	023C	SB	X	88	1
178	75	589E	SB	R	88	1
178	00	0207	SC	R	7F	1
178	75	5A4C	SB	W	10	1
178	75	5B3F	SC	W	03	1
178	75	5B43	SC	W	83	1
178	-	023C	SB	X	00	1
178	75	589E	SB	R	00	1
178	00	0207	SC	R	7F	1
178	75	5F20	SC	R	7F	1
178	75	5B32	SB	W	99	1
178	75	5B3F	SC	W	03	1
178	75	5B43	SC	W	83	1
178	-	023C	SB	X	D2	1
178	00	0207	SC	R	7F	1
178	75	5B32	SB	W	66	1
178	75	5B3F	SC	W	03	1
178	75	5B43	SC	W	83	1
178	-	023C	SB	X	D2	1
178	00	0207	SC	R	7F	1
178	75	5B32	SB	W	19	1
178	75	5B3F	SC	W	03	1
178	75	5B43	SC	W	83	1
178	-	023C	SB	X	D2	1
179	00	0207	SC	R	7F	1
179	75	5B32	SB	W	00	1
179	75	5B3F	SC	W	03	1
179	75	5B43	SC	W	83	1
179	-	023C	SB	X	D2	1
179	00	0207	SC	R	7F	1
179	75	5B32	SB	W	00	1
179	75	5B3F	SC	W	03	1
179	75	5B43	SC	W	83	1
179	-	023C	SB	X	D2	1
179	00	0207	SC	R	7F	1
179	75	5B32	SB	W	02	1
179	75	5B3F	SC	W	03	1
179	75	5B43	SC	W	83	1
179	-	023C	SB	X	D2	1
179	00	0207	SC	R	7F	1
179	75	5B32	SB	W	00	1
179	75	5B3F	SC	W	03	1
179	75	5B43	SC	W	83	1
179	-	023C	SB	X	D2	1
179	00	0207	SC	R	7F	1
179	75	5B32	SB	W	80	1
179	75	5B3F	SC	W	03	1
179	75	5B43	SC	W	83	1
179	-	023C	SB	X	D2	1
179	00	0207	SC	R	7F	1
179	75	5B32	SB	W	00	1
179	75	5B3F	SC	W	03	1
179	75	5B43	SC	W	83	1
179	-	023C	SB	X	D2	1
179	00	0207	SC	R	7F	1
179	75	5B32	SB	W	9B	1
179	75	5B3F	SC	W	03	1
179	75	5B43	SC	W	83	1
179	-	023C	SB	X	D2	1
179	00	0207	SC	R	7F	1
179	75	5B32	SB	W	80	1
179	75	5B3F	SC	W	03	1
179	75	5B43	SC	W	83	1
179	-	023C	SB	X	88	1
179	75	56F6	SB	R	88	1
179	00	0207	SC	R	7F	1
179	75	5B32	SB	W	00	1
179	75	5B3F	SC	W	03	1
179	75	5B43	SC	W	83	1
179	-	023C	SB	X	99	1
179	75	56F6	SB	R	99	1
179	00	0207	SC	R	7F	1
179	75	5A4C	SB	W	4B	1
179	75	5B3F	SC	W	03	1
179	75	5B43	SC	W	83	1
179	-	023C	SB	X	D2	1
179	75	5811	SB	R	D2	1
179	00	0207	SC	R	7F	1
179	75	5A4C	SB	W	4B	1
179	75	5B3F	SC	W	03	1
179	75	5B43	SC	W	83	1
179	-	023C	SB	X	D2	1
179	75	5811	SB	R	D2	1
179	00	0207	SC	R	7F	1
179	75	5A4C	SB	W	4B	1
179	75	5B3F	SC	W	03	1
179	75	5B43	SC	W	83	1
179	-	023C	SB	X	D2	1
179	75	5811	SB	R	D2	1
179	00	0207	SC	R	7F	1
179	75	5A4C	SB	W	4B	1
179	75	5B3F	SC	W	03	1
179	75	5B43	SC	W	83	1
179	-	023C	SB	X	D2	1
179	75	5811	SB	R	D2	1
179	00	0207	SC	R	7F	1
179	75	5A4C	SB	W	4B	1
179	75	5B3F	SC	W	03	1
179	75	5B43	SC	W	83	1
179	-	023C	SB	X	D2	1
179	75	5811	SB	R	D2	1
179	00	0207	SC	R	7F	1
179	75	5A4C	SB	W	4B	1
179	75	5B3F	SC	W	03	1
179	75	5B43	SC	W	83	1
179	-	023C	SB	X	D2	1
179	75	5811	SB	R	D2	1
179	00	0207	SC	R	7F	1
179	75	5A4C	SB	W	4B	1
179	75	5B3F	SC	W	03	1
179	75	5B43	SC	W	83	1
179	-	023C	SB	X	D2	1
179	75	5811	SB	R	D2	1
179	00	0207	SC	R	7F	1
179	75	5A4C	SB	W	4B	1
179	75	5B3F	SC	W	03	1
179	75	5B43	SC	W	83	1
179	-	023C	SB	X	D2	1
179	75	5811	SB	R	D2	1
179	00	0207	SC	R	7F	1
179	75	5A4C	SB	W	4B	1
179	75	5B3F	SC	W	03	1
179	75	5B43	SC	W	83	1
179	-	023C	SB	X	D2	1
179	75	5811	SB	R	D2	1
179	00	0207	SC	R	7F	1
179	75	5A4C	SB	W	4B	1
179	75	5B3F	SC	W	03	1
179	75	5B43	SC	W	83	1
179	-	023C	SB	X	D2	1
179	75	5811	SB	R	D2	1
179	00	0207	SC	R	7F	1
179	75	5A4C	SB	W	4B	1
179	75	5B3F	SC	W	03	1
179	75	5B43	SC	W	83	1
179	-	023C	SB	X	D2	1
179	75	5811	SB	R	D2	1
179	00	0207	SC	R	7F	1
179	75	5A4C	SB	W	4B	1
179	75	5B3F	SC	W	03	1
179	75	5B43	SC	W	83	1
179	-	023C	SB	X	D2	1
179	75	5811	SB	R	D2	1
179	00	0207	SC	R	7F	1
179	75	5A4C	SB	W	4B	1
179	75	5B3F	SC	W	03	1
179	75	5B43	SC	W	83	1
179	-	023C	SB	X	D2	1
179	75	5811	SB	R	D2	1
179	00	0207	SC	R	7F	1
179	75	5A4C	SB	W	4B	1
179	75	5B3F	SC	W	03	1
179	75	5B43	SC	W	83	1
179	-	023C	SB	X	D2	1
179	75	5811	SB	R	D2	1
180	00	0207	SC	R	7F	1
180	75	5A4C	SB	W	4B	1
180	75	5B3F	SC	W	03	1
180	75	5B43	SC	W	83	1
180	-	023C	SB	X	D2	1
180	75	5811	SB	R	D2	1
180	00	0207	SC	R	7F	1
180	75	5A4C	SB	W	4B	1
180	75	5B3F	SC	W	03	1
180	75	5B43	SC	W	83	1
180	-	023C	SB	X	99	1
180	75	5811	SB	R	99	1
180	00	0207	SC	R	7F	1
180	75	5A4C	SB	W	4B	1
180	75	5B3F	SC	W	03	1
180	75	5B43	SC	W	83	1
180	-	023C	SB	X	66	1
180	75	5811	SB	R	66	1
180	00	0207	SC	R	7F	1
180	75	5A4C	SB	W	4B	1
180	75	5B3F	SC	W	03	1
180	75	5B43	SC	W	83	1
180	-	023C	SB	X	99	1
180	75	58CE	SB	R	99	1
180	00	0207	SC	R	7F	1
180	75	5A4C	SB	W	4B	1
180	75	5B3F	SC	W	03	1
180	75	5B43	SC	W	83	1
180	-	023C	SB	X	00	1
180	75	58CE	SB	R	00	1
180	00	0207	SC	R	7F	1
180	75	5A4C	SB	W	4B	1
180	75	5B3F	SC	W	03	1
180	75	5B43	SC	W	83	1
180	-	023C	SB	X	00	1
180	75	58CE	SB	R	00	1
180	00	0207	SC	R	7F	1
180	75	5A4C	SB	W	4B	1
180	75	5B3F	SC	W	03	1
180	75	5B43	SC	W	83	1
180	-	023C	SB	X	81	1
180	75	58CE	SB	R	81	1
180	75	5884	SB	R	81	1
180	00	0207	SC	R	7F	1
180	75	5A4C	SB	W	4B	1
180	75	5B3F	SC	W	03	1
180	75	5B43	SC	W	83	1
180	-	023C	SB	X	00	1
180	75	58CE	SB	R	00	1
180	00	0207	SC	R	7F	1
180	75	5A4C	SB	W	4B	1
180	75	5B3F	SC	W	03	1
180	75	5B43	SC	W	83	1
180	-	023C	SB	X	4D	1
180	75	58CE	SB	R	4D	1
180	00	0207	SC	R	7F	1
180	75	5A4C	SB	W	4B	1
180	75	5B3F	SC	W	03	1
180	75	5B43	SC	W	83	1
180	-	023C	SB	X	41	1
180	75	58CE	SB	R	41	1
180	00	0207	SC	R	7F	1
180	75	5A4C	SB	W	4B	1
180	75	5B3F	SC	W	03	1
180	75	5B43	SC	W	83	1
180	-	023C	SB	X	81	1
180	75	58CE	SB	R	81	1
180	00	0207	SC	R	7F	1
180	75	5A4C	SB	W	4B	1
180	75	5B3F	SC	W	03	1
180	75	5B43	SC	W	83	1
180	-	023C	SB	X	00	1
180	75	58CE	SB	R	00	1
180	00	0207	SC	R	7F	1
180	75	5A4C	SB	W	4B	1
180	75	5B3F	SC	W	03	1
180	75	5B43	SC	W	83	1
180	-	023C	SB	X	D2	1
180	75	58CE	SB	R	D2	1
180	00	0207	SC	R	7F	1
180	75	5A4C	SB	W	4B	1
180	75	5B3F	SC	W	03	1
180	75	5B43	SC	W	83	1
180	-	023C	SB	X	C4	1
180	75	58CE	SB	R	C4	1
180	00	0207	SC	R	7F	1
180	75	5A4C	SB	W	4B	1
180	75	5B3F	SC	W	03	1
180	75	5B43	SC	W	83	1
180	-	023C	SB	X	03	1
180	75	58CE	SB	R	03	1
180	00	0207	SC	R	7F	1
180	75	5A4C	SB	W	4B	1
180	75	5B3F	SC	W	03	1
180	75	5B43	SC	W	83	1
180	-	023C	SB	X	B7	1
180	75	58CE	SB	R	B7	1
180	00	0207	SC	R	7F	1
180	75	5A4C	SB	W	4B	1
180	75	5B3F	SC	W	03	1
180	75	5B43	SC	W	83	1
180	-	023C	SB	X	D2	1
180	75	58CE	SB	R	D2	1
180	00	0207	SC	R	7F	1
180	75	5A4C	SB	W	4B	1
180	75	5B3F	SC	W	03	1
180	75	5B43	SC	W	83	1
180	-	023C	SB	X	8D	1
180	75	58CE	SB	R	8D	1
180	00	0207	SC	R	7F	1
180	75	5A4C	SB	W	4B	1
180	75	5B3F	SC	W	03	1
180	75	5B43	SC	W	83	1
180	-	023C	SB	X	70	1
180	75	58CE	SB	R	70	1
180	00	0207	SC	R	7F	1
180	75	5A4C	SB	W	4B	1
180	75	5B3F	SC	W	03	1
180	75	5B43	SC	W	83	1
180	-	023C	SB	X	A3	1
180	75	58CE	SB	R	A3	1
180	00	0207	SC	R	7F	1
180	75	5A4C	SB	W	4B	1
180	75	5B3F	SC	W	03	1
180	75	5B43	SC	W	83	1
180	-	023C	SB	X	67	1
180	75	58CE	SB	R	67	1
180	00	0207	SC	R	7F	1
180	75	5A4C	SB	W	4B	1
180	75	5B3F	SC	W	03	1
180	75	5B43	SC	W	83	1
180	-	023C	SB	X	31	1
180	75	58CE	SB	R	31	1
180	00	0207	SC	R	7F	1
180	75	5A4C	SB	W	4B	1
180	75	5B3F	SC	W	03	1
180	75	5B43	SC	W	83	1
180	-	023C	SB	X	31	1
180	75	58CE	SB	R	31	1
181	00	0207	SC	R	7F	1
181	75	5A4C	SB	W	4B	1
181	75	5B3F	SC	W	03	1
181	75	5B43	SC	W	83	1
181	-	023C	SB	X	31	1
181	75	58CE	SB	R	31	1
181	00	0207	SC	R	7F	1
181	75	5A4C	SB	W	4B	1
181	75	5B3F	SC	W	03	1
181	75	5B43	SC	W	83	1
181	-	023C	SB	X	31	1
181	75	58CE	SB	R	31	1
181	00	0207	SC	R	7F	1
181	75	5A4C	SB	W	4B	1
181	75	5B3F	SC	W	03	1
181	75	5B43	SC	W	83	1
181	-	023C	SB	X	31	1
181	75	58CE	SB	R	31	1
181	00	0207	SC	R	7F	1
181	75	5A4C	SB	W	4B	1
181	75	5B3F	SC	W	03	1
181	75	5B43	SC	W	83	1
181	-	023C	SB	X	31	1
181	75	58CE	SB	R	31	1
181	00	0207	SC	R	7F	1
181	75	5A4C	SB	W	4B	1
181	75	5B3F	SC	W	03	1
181	75	5B43	SC	W	83	1
181	-	023C	SB	X	31	1
181	75	58CE	SB	R	31	1
181	00	0207	SC	R	7F	1
181	75	5A4C	SB	W	4B	1
181	75	5B3F	SC	W	03	1
181	75	5B43	SC	W	83	1
181	-	023C	SB	X	31	1
181	75	58CE	SB	R	31	1
181	00	0207	SC	R	7F	1
181	75	5A4C	SB	W	4B	1
181	75	5B3F	SC	W	03	1
181	75	5B43	SC	W	83	1
181	-	023C	SB	X	31	1
181	75	58CE	SB	R	31	1
181	00	0207	SC	R	7F	1
181	75	5A4C	SB	W	4B	1
181	75	5B3F	SC	W	03	1
181	75	5B43	SC	W	83	1
181	-	023C	SB	X	00	1
181	75	58CE	SB	R	00	1
181	00	0207	SC	R	7F	1
181	75	5A4C	SB	W	4B	1
181	75	5B3F	SC	W	03	1
181	75	5B43	SC	W	83	1
181	-	023C	SB	X	00	1
181	75	58CE	SB	R	00	1
181	00	0207	SC	R	7F	1
181	75	5A4C	SB	W	4B	1
181	75	5B3F	SC	W	03	1
181	75	5B43	SC	W	83	1
181	-	023C	SB	X	00	1
181	75	58CE	SB	R	00	1
181	00	0207	SC	R	7F	1
181	75	5A4C	SB	W	4B	1
181	75	5B3F	SC	W	03	1
181	75	5B43	SC	W	83	1
181	-	023C	SB	X	00	1
181	75	58CE	SB	R	00	1
181	00	0207	SC	R	7F	1
181	75	5A4C	SB	W	4B	1
181	75	5B3F	SC	W	03	1
181	75	5B43	SC	W	83	1
181	-	023C	SB	X	00	1
181	75	58CE	SB	R	00	1
181	00	0207	SC	R	7F	1
181	75	5A4C	SB	W	4B	1
181	75	5B3F	SC	W	03	1
181	75	5B43	SC	W	83	1
181	-	023C	SB	X	00	1
181	75	58CE	SB	R	00	1
181	00	0207	SC	R	7F	1
181	75	5A4C	SB	W	4B	1
181	75	5B3F	SC	W	03	1
181	75	5B43	SC	W	83	1
181	-	023C	SB	X	00	1
181	75	58CE	SB	R	00	1
181	00	0207	SC	R	7F	1
181	75	5A4C	SB	W	4B	1
181	75	5B3F	SC	W	03	1
181	75	5B43	SC	W	83	1
181	-	023C	SB	X	00	1
181	75	58CE	SB	R	00	1
181	00	0207	SC	R	7F	1
181	75	5A4C	SB	W	4B	1
181	75	5B3F	SC	W	03	1
181	75	5B43	SC	W	83	1
181	-	023C	SB	X	00	1
181	75	58CE	SB	R	00	1
181	00	0207	SC	R	7F	1
181	75	5A4C	SB	W	4B	1
181	75	5B3F	SC	W	03	1
181	75	5B43	SC	W	83	1
181	-	023C	SB	X	00	1
181	75	58CE	SB	R	00	1
181	00	0207	SC	R	7F	1
181	75	5A4C	SB	W	4B	1
181	75	5B3F	SC	W	03	1
181	75	5B43	SC	W	83	1
181	-	023C	SB	X	00	1
181	75	58CE	SB	R	00	1
181	00	0207	SC	R	7F	1
181	75	5A4C	SB	W	4B	1
181	75	5B3F	SC	W	03	1
181	75	5B43	SC	W	83	1
181	-	023C	SB	X	00	1
181	75	58CE	SB	R	00	1
181	00	0207	SC	R	7F	1
181	75	5A4C	SB	W	4B	1
181	75	5B3F	SC	W	03	1
181	75	5B43	SC	W	83	1
181	-	023C	SB	X	00	1
181	75	58CE	SB	R	00	1
181	00	0207	SC	R	7F	1
181	75	5A4C	SB	W	4B	1
181	75	5B3F	SC	W	03	1
181	75	5B43	SC	W	83	1
181	-	023C	SB	X	00	1
181	75	58CE	SB	R	00	1
181	00	0207	SC	R	7F	1
181	75	5A4C	SB	W	4B	1
181	75	5B3F	SC	W	03	1
181	75	5B43	SC	W	83	1
181	-	023C	SB	X	00	1
181	75	58CE	SB	R	00	1
181	00	0207	SC	R	7F	1
181	75	5A4C	SB	W	4B	1
181	75	5B3F	SC	W	03	1
181	75	5B43	SC	W	83	1
181	-	023C	SB	X	00	1
181	75	58CE	SB	R	00	1
182	00	0207	SC	R	7F	1
182	75	5A4C	SB	W	4B	1
182	75	5B3F	SC	W	03	1
182	75	5B43	SC	W	83	1
182	-	023C	SB	X	00	1
182	75	58CE	SB	R	00	1
182	00	0207	SC	R	7F	1
182	75	5A4C	SB	W	4B	1
182	75	5B3F	SC	W	03	1
182	75	5B43	SC	W	83	1
182	-	023C	SB	X	00	1
182	75	58CE	SB	R	00	1
182	00	0207	SC	R	7F	1
182	75	5A4C	SB	W	4B	1
182	75	5B3F	SC	W	03	1
182	75	5B43	SC	W	83	1
182	-	023C	SB	X	00	1
182	75	58CE	SB	R	00	1
182	00	0207	SC	R	7F	1
182	75	5A4C	SB	W	4B	1
182	75	5B3F	SC	W	03	1
182	75	5B43	SC	W	83	1
182	-	023C	SB	X	00	1
182	75	58CE	SB	R	00	1
182	00	0207	SC	R	7F	1
182	75	5A4C	SB	W	4B	1
182	75	5B3F	SC	W	03	1
182	75	5B43	SC	W	83	1
182	-	023C	SB	X	00	1
182	75	58CE	SB	R	00	1
182	00	0207	SC	R	7F	1
182	75	5A4C	SB	W	4B	1
182	75	5B3F	SC	W	03	1
182	75	5B43	SC	W	83	1
182	-	023C	SB	X	00	1
182	75	58CE	SB	R	00	1
182	00	0207	SC	R	7F	1
182	75	5A4C	SB	W	4B	1
182	75	5B3F	SC	W	03	1
182	75	5B43	SC	W	83	1
182	-	023C	SB	X	31	1
182	75	58CE	SB	R	31	1
182	00	0207	SC	R	7F	1
182	75	5A4C	SB	W	4B	1
182	75	5B3F	SC	W	03	1
182	75	5B43	SC	W	83	1
182	-	023C	SB	X	31	1
182	75	58CE	SB	R	31	1
182	00	0207	SC	R	7F	1
182	75	5A4C	SB	W	4B	1
182	75	5B3F	SC	W	03	1
182	75	5B43	SC	W	83	1
182	-	023C	SB	X	31	1
182	75	58CE	SB	R	31	1
182	00	0207	SC	R	7F	1
182	75	5A4C	SB	W	4B	1
182	75	5B3F	SC	W	03	1
182	75	5B43	SC	W	83	1
182	-	023C	SB	X	31	1
182	75	58CE	SB	R	31	1
182	00	0207	SC	R	7F	1
182	75	5A4C	SB	W	4B	1
182	75	5B3F	SC	W	03	1
182	75	5B43	SC	W	83	1
182	-	023C	SB	X	31	1
182	75	58CE	SB	R	31	1
182	00	0207	SC	R	7F	1
182	75	5A4C	SB	W	4B	1
182	75	5B3F	SC	W	03	1
182	75	5B43	SC	W	83	1
182	-	023C	SB	X	31	1
182	75	58CE	SB	R	31	1
182	00	0207	SC	R	7F	1
182	75	5A4C	SB	W	4B	1
182	75	5B3F	SC	W	03	1
182	75	5B43	SC	W	83	1
182	-	023C	SB	X	31	1
182	75	58CE	SB	R	31	1
182	00	0207	SC	R	7F	1
182	75	5A4C	SB	W	4B	1
182	75	5B3F	SC	W	03	1
182	75	5B43	SC	W	83	1
182	-	023C	SB	X	31	1
182	75	58CE	SB	R	31	1
182	00	0207	SC	R	7F	1
182	75	5A4C	SB	W	4B	1
182	75	5B3F	SC	W	03	1
182	75	5B43	SC	W	83	1
182	-	023C	SB	X	40	1
182	75	58CE	SB	R	40	1
182	00	0207	SC	R	7F	1
182	75	5A4C	SB	W	4B	1
182	75	5B3F	SC	W	03	1
182	75	5B43	SC	W	83	1
182	-	023C	SB	X	31	1
182	75	58CE	SB	R	31	1
182	00	0207	SC	R	7F	1
182	75	5A4C	SB	W	4B	1
182	75	5B3F	SC	W	03	1
182	75	5B43	SC	W	83	1
182	-	023C	SB	X	31	1
182	75	58CE	SB	R	31	1
182	00	0207	SC	R	7F	1
182	75	5A4C	SB	W	4B	1
182	75	5B3F	SC	W	03	1
182	75	5B43	SC	W	83	1
182	-	023C	SB	X	31	1
182	75	58CE	SB	R	31	1
182	00	0207	SC	R	7F	1
182	75	5A4C	SB	W	4B	1
182	75	5B3F	SC	W	03	1
182	75	5B43	SC	W	83	1
182	-	023C	SB	X	31	1
182	75	58CE	SB	R	31	1
182	00	0207	SC	R	7F	1
182	75	5A4C	SB	W	4B	1
182	75	5B3F	SC	W	03	1
182	75	5B43	SC	W	83	1
182	-	023C	SB	X	2E	1
182	75	58CE	SB	R	2E	1
182	00	0207	SC	R	7F	1
182	75	5A4C	SB	W	4B	1
182	75	5B3F	SC	W	03	1
182	75	5B43	SC	W	83	1
182	-	023C	SB	X	64	1
182	75	58CE	SB	R	64	1
182	00	0207	SC	R	7F	1
182	75	5A4C	SB	W	4B	1
182	75	5B3F	SC	W	03	1
182	75	5B43	SC	W	83	1
182	-	023C	SB	X	69	1
182	75	58CE	SB	R	69	1
182	00	0207	SC	R	7F	1
182	75	5A4C	SB	W	4B	1
182	75	5B3F	SC	W	03	1
182	75	5B43	SC	W	83	1
182	-	023C	SB	X	6F	1
182	75	58CE	SB	R	6F	1
183	00	0207	SC	R	7F	1
183	75	5A4C	SB	W	4B	1
183	75	5B3F	SC	W	03	1
183	75	5B43	SC	W	83	1
183	-	023C	SB	X	6E	1
183	75	58CE	SB	R	6E	1
183	00	0207	SC	R	7F	1
183	75	5A4C	SB	W	4B	1
183	75	5B3F	SC	W	03	1
183	75	5B43	SC	W	83	1
183	-	023C	SB	X	2E	1
183	75	58CE	SB	R	2E	1
183	00	0207	SC	R	7F	1
183	75	5A4C	SB	W	4B	1
183	75	5B3F	SC	W	03	1
183	75	5B43	SC	W	83	1
183	-	023C	SB	X	6E	1
183	75	58CE	SB	R	6E	1
183	00	0207	SC	R	7F	1
183	75	5A4C	SB	W	4B	1
183	75	5B3F	SC	W	03	1
183	75	5B43	SC	W	83	1
183	-	023C	SB	X	65	1
183	75	58CE	SB	R	65	1
183	00	0207	SC	R	7F	1
183	75	5A4C	SB	W	4B	1
183	75	5B3F	SC	W	03	1
183	75	5B43	SC	W	83	1
183	-	023C	SB	X	2E	1
183	75	58CE	SB	R	2E	1
183	00	0207	SC	R	7F	1
183	75	5A4C	SB	W	4B	1
183	75	5B3F	SC	W	03	1
183	75	5B43	SC	W	83	1
183	-	023C	SB	X	6A	1
183	75	58CE	SB	R	6A	1
183	00	0207	SC	R	7F	1
183	75	5A4C	SB	W	4B	1
183	75	5B3F	SC	W	03	1
183	75	5B43	SC	W	83	1
183	-	023C	SB	X	70	1
183	75	58CE	SB	R	70	1
183	00	0207	SC	R	7F	1
183	75	5A4C	SB	W	4B	1
183	75	5B3F	SC	W	03	1
183	75	5B43	SC	W	83	1
183	-	023C	SB	X	00	1
183	75	58CE	SB	R	00	1
183	00	0207	SC	R	7F	1
183	75	5A4C	SB	W	4B	1
183	75	5B3F	SC	W	03	1
183	75	5B43	SC	W	83	1
183	-	023C	SB	X	00	1
183	75	58CE	SB	R	00	1
183	00	0207	SC	R	7F	1
183	75	5A4C	SB	W	4B	1
183	75	5B3F	SC	W	03	1
183	75	5B43	SC	W	83	1
183	-	023C	SB	X	00	1
183	75	58CE	SB	R	00	1
183	00	0207	SC	R	7F	1
183	75	5A4C	SB	W	4B	1
183	75	5B3F	SC	W	03	1
183	75	5B43	SC	W	83	1
183	-	023C	SB	X	00	1
183	75	58CE	SB	R	00	1
183	00	0207	SC	R	7F	1
183	75	5A4C	SB	W	4B	1
183	75	5B3F	SC	W	03	1
183	75	5B43	SC	W	83	1
183	-	023C	SB	X	00	1
183	75	58CE	SB	R	00	1
183	00	0207	SC	R	7F	1
183	75	5A4C	SB	W	4B	1
183	75	5B3F	SC	W	03	1
183	75	5B43	SC	W	83	1
183	-	023C	SB	X	00	1
183	75	58CE	SB	R	00	1
183	00	0207	SC	R	7F	1
183	75	5A4C	SB	W	4B	1
183	75	5B3F	SC	W	03	1
183	75	5B43	SC	W	83	1
183	-	023C	SB	X	6D	1
183	75	58CE	SB	R	6D	1
183	00	0207	SC	R	7F	1
183	75	5A4C	SB	W	4B	1
183	75	5B3F	SC	W	03	1
183	75	5B43	SC	W	83	1
183	-	023C	SB	X	61	1
183	75	58CE	SB	R	61	1
183	00	0207	SC	R	7F	1
183	75	5A4C	SB	W	4B	1
183	75	5B3F	SC	W	03	1
183	75	5B43	SC	W	83	1
183	-	023C	SB	X	69	1
183	75	58CE	SB	R	69	1
183	00	0207	SC	R	7F	1
183	75	5A4C	SB	W	4B	1
183	75	5B3F	SC	W	03	1
183	75	5B43	SC	W	83	1
183	-	023C	SB	X	6C	1
183	75	58CE	SB	R	6C	1
183	00	0207	SC	R	7F	1
183	75	5A4C	SB	W	4B	1
183	75	5B3F	SC	W	03	1
183	75	5B43	SC	W	83	1
183	-	023C	SB	X	2E	1
183	75	58CE	SB	R	2E	1
183	00	0207	SC	R	7F	1
183	75	5A4C	SB	W	4B	1
183	75	5B3F	SC	W	03	1
183	75	5B43	SC	W	83	1
183	-	023C	SB	X	31	1
183	75	58CE	SB	R	31	1
183	00	0207	SC	R	7F	1
183	75	5A4C	SB	W	4B	1
183	75	5B3F	SC	W	03	1
183	75	5B43	SC	W	83	1
183	-	023C	SB	X	31	1
183	75	58CE	SB	R	31	1
183	00	0207	SC	R	7F	1
183	75	5A4C	SB	W	4B	1
183	75	5B3F	SC	W	03	1
183	75	5B43	SC	W	83	1
183	-	023C	SB	X	31	1
183	75	58CE	SB	R	31	1
183	00	0207	SC	R	7F	1
183	75	5A4C	SB	W	4B	1
183	75	5B3F	SC	W	03	1
183	75	5B43	SC	W	83	1
183	-	023C	SB	X	31	1
183	75	58CE	SB	R	31	1
183	00	0207	SC	R	7F	1
183	75	5A4C	SB	W	4B	1
183	75	5B3F	SC	W	03	1
183	75	5B43	SC	W	83	1
183	-	023C	SB	X	2E	1
183	75	58CE	SB	R	2E	1
184	00	0207	SC	R	7F	1
184	75	5A4C	SB	W	4B	1
184	75	5B3F	SC	W	03	1
184	75	5B43	SC	W	83	1
184	-	023C	SB	X	64	1
184	75	58CE	SB	R	64	1
184	00	0207	SC	R	7F	1
184	75	5A4C	SB	W	4B	1
184	75	5B3F	SC	W	03	1
184	75	5B43	SC	W	83	1
184	-	023C	SB	X	69	1
184	75	58CE	SB	R	69	1
184	00	0207	SC	R	7F	1
184	75	5A4C	SB	W	4B	1
184	75	5B3F	SC	W	03	1
184	75	5B43	SC	W	83	1
184	-	023C	SB	X	6F	1
184	75	58CE	SB	R	6F	1
184	00	0207	SC	R	7F	1
184	75	5A4C	SB	W	4B	1
184	75	5B3F	SC	W	03	1
184	75	5B43	SC	W	83	1
184	-	023C	SB	X	6E	1
184	75	58CE	SB	R	6E	1
184	00	0207	SC	R	7F	1
184	75	5A4C	SB	W	4B	1
184	75	5B3F	SC	W	03	1
184	75	5B43	SC	W	83	1
184	-	023C	SB	X	2E	1
184	75	58CE	SB	R	2E	1
184	00	0207	SC	R	7F	1
184	75	5A4C	SB	W	4B	1
184	75	5B3F	SC	W	03	1
184	75	5B43	SC	W	83	1
184	-	023C	SB	X	6E	1
184	75	58CE	SB	R	6E	1
184	00	0207	SC	R	7F	1
184	75	5A4C	SB	W	4B	1
184	75	5B3F	SC	W	03	1
184	75	5B43	SC	W	83	1
184	-	023C	SB	X	65	1
184	75	58CE	SB	R	65	1
184	00	0207	SC	R	7F	1
184	75	5A4C	SB	W	4B	1
184	75	5B3F	SC	W	03	1
184	75	5B43	SC	W	83	1
184	-	023C	SB	X	2E	1
184	75	58CE	SB	R	2E	1
184	00	0207	SC	R	7F	1
184	75	5A4C	SB	W	4B	1
184	75	5B3F	SC	W	03	1
184	75	5B43	SC	W	83	1
184	-	023C	SB	X	6A	1
184	75	58CE	SB	R	6A	1
184	00	0207	SC	R	7F	1
184	75	5A4C	SB	W	4B	1
184	75	5B3F	SC	W	03	1
184	75	5B43	SC	W	83	1
184	-	023C	SB	X	70	1
184	75	58CE	SB	R	70	1
184	00	0207	SC	R	7F	1
184	75	5A4C	SB	W	4B	1
184	75	5B3F	SC	W	03	1
184	75	5B43	SC	W	83	1
184	-	023C	SB	X	70	1
184	75	58CE	SB	R	70	1
184	00	0207	SC	R	7F	1
184	75	5A4C	SB	W	4B	1
184	75	5B3F	SC	W	03	1
184	75	5B43	SC	W	83	1
184	-	023C	SB	X	6F	1
184	75	58CE	SB	R	6F	1
184	00	0207	SC	R	7F	1
184	75	5A4C	SB	W	4B	1
184	75	5B3F	SC	W	03	1
184	75	5B43	SC	W	83	1
184	-	023C	SB	X	70	1
184	75	58CE	SB	R	70	1
184	00	0207	SC	R	7F	1
184	75	5A4C	SB	W	4B	1
184	75	5B3F	SC	W	03	1
184	75	5B43	SC	W	83	1
184	-	023C	SB	X	2E	1
184	75	58CE	SB	R	2E	1
184	00	0207	SC	R	7F	1
184	75	5A4C	SB	W	4B	1
184	75	5B3F	SC	W	03	1
184	75	5B43	SC	W	83	1
184	-	023C	SB	X	31	1
184	75	58CE	SB	R	31	1
184	00	0207	SC	R	7F	1
184	75	5A4C	SB	W	4B	1
184	75	5B3F	SC	W	03	1
184	75	5B43	SC	W	83	1
184	-	023C	SB	X	31	1
184	75	58CE	SB	R	31	1
184	00	0207	SC	R	7F	1
184	75	5A4C	SB	W	4B	1
184	75	5B3F	SC	W	03	1
184	75	5B43	SC	W	83	1
184	-	023C	SB	X	31	1
184	75	58CE	SB	R	31	1
184	00	0207	SC	R	7F	1
184	75	5A4C	SB	W	4B	1
184	75	5B3F	SC	W	03	1
184	75	5B43	SC	W	83	1
184	-	023C	SB	X	31	1
184	75	58CE	SB	R	31	1
184	00	0207	SC	R	7F	1
184	75	5A4C	SB	W	4B	1
184	75	5B3F	SC	W	03	1
184	75	5B43	SC	W	83	1
184	-	023C	SB	X	2E	1
184	75	58CE	SB	R	2E	1
184	00	0207	SC	R	7F	1
184	75	5A4C	SB	W	4B	1
184	75	5B3F	SC	W	03	1
184	75	5B43	SC	W	83	1
184	-	023C	SB	X	64	1
184	75	58CE	SB	R	64	1
184	00	0207	SC	R	7F	1
184	75	5A4C	SB	W	4B	1
184	75	5B3F	SC	W	03	1
184	75	5B43	SC	W	83	1
184	-	023C	SB	X	69	1
184	75	58CE	SB	R	69	1
184	00	0207	SC	R	7F	1
184	75	5A4C	SB	W	4B	1
184	75	5B3F	SC	W	03	1
184	75	5B43	SC	W	83	1
184	-	023C	SB	X	6F	1
184	75	58CE	SB	R	6F	1
184	00	0207	SC	R	7F	1
184	75	5A4C	SB	W	4B	1
184	75	5B3F	SC	W	03	1
184	75	5B43	SC	W	83	1
184	-	023C	SB	X	6E	1
184	75	58CE	SB	R	6E	1
185	00	0207	SC	R	7F	1
185	75	5A4C	SB	W	4B	1
185	75	5B3F	SC	W	03	1
185	75	5B43	SC	W	83	1
185	-	023C	SB	X	2E	1
185	75	58CE	SB	R	2E	1
185	00	0207	SC	R	7F	1
185	75	5A4C	SB	W	4B	1
185	75	5B3F	SC	W	03	1
185	75	5B43	SC	W	83	1
185	-	023C	SB	X	6E	1
185	75	58CE	SB	R	6E	1
185	00	0207	SC	R	7F	1
185	75	5A4C	SB	W	4B	1
185	75	5B3F	SC	W	03	1
185	75	5B43	SC	W	83	1
185	-	023C	SB	X	65	1
185	75	58CE	SB	R	65	1
185	00	0207	SC	R	7F	1
185	75	5A4C	SB	W	4B	1
185	75	5B3F	SC	W	03	1
185	75	5B43	SC	W	83	1
185	-	023C	SB	X	2E	1
185	75	58CE	SB	R	2E	1
185	00	0207	SC	R	7F	1
185	75	5A4C	SB	W	4B	1
185	75	5B3F	SC	W	03	1
185	75	5B43	SC	W	83	1
185	-	023C	SB	X	6A	1
185	75	58CE	SB	R	6A	1
185	00	0207	SC	R	7F	1
185	75	5A4C	SB	W	4B	1
185	75	5B3F	SC	W	03	1
185	75	5B43	SC	W	83	1
185	-	023C	SB	X	70	1
185	75	58CE	SB	R	70	1
185	00	0207	SC	R	7F	1
185	75	5A4C	SB	W	4B	1
185	75	5B3F	SC	W	03	1
185	75	5B43	SC	W	83	1
185	-	023C	SB	X	00	1
185	75	58CE	SB	R	00	1
185	00	0207	SC	R	7F	1
185	75	5A4C	SB	W	4B	1
185	75	5B3F	SC	W	03	1
185	75	5B43	SC	W	83	1
185	-	023C	SB	X	00	1
185	75	58CE	SB	R	00	1
185	00	0207	SC	R	7F	1
185	75	5A4C	SB	W	4B	1
185	75	5B3F	SC	W	03	1
185	75	5B43	SC	W	83	1
185	-	023C	SB	X	00	1
185	75	58CE	SB	R	00	1
185	00	0207	SC	R	7F	1
185	75	5A4C	SB	W	4B	1
185	75	5B3F	SC	W	03	1
185	75	5B43	SC	W	83	1
185	-	023C	SB	X	00	1
185	75	58CE	SB	R	00	1
185	00	0207	SC	R	7F	1
185	75	5A4C	SB	W	4B	1
185	75	5B3F	SC	W	03	1
185	75	5B43	SC	W	83	1
185	-	023C	SB	X	00	1
185	75	58CE	SB	R	00	1
185	00	0207	SC	R	7F	1
185	75	5A4C	SB	W	4B	1
185	75	5B3F	SC	W	03	1
185	75	5B43	SC	W	83	1
185	-	023C	SB	X	A9	1
185	75	58CE	SB	R	A9	1
185	00	0207	SC	R	7F	1
185	75	5A4C	SB	W	4B	1
185	75	5B3F	SC	W	03	1
185	75	5B43	SC	W	83	1
185	-	023C	SB	X	67	1
185	75	58CE	SB	R	67	1
185	00	0207	SC	R	7F	1
185	75	5A4C	SB	W	4B	1
185	75	5B3F	SC	W	03	1
185	75	5B43	SC	W	83	1
185	-	023C	SB	X	7F	1
185	75	58CE	SB	R	7F	1
185	00	0207	SC	R	7F	1
185	75	5A4C	SB	W	4B	1
185	75	5B3F	SC	W	03	1
185	75	5B43	SC	W	83	1
185	-	023C	SB	X	00	1
185	75	58CE	SB	R	00	1
185	00	0207	SC	R	7F	1
185	75	5A4C	SB	W	4B	1
185	75	5B3F	SC	W	03	1
185	75	5B43	SC	W	83	1
185	-	023C	SB	X	00	1
185	75	58CE	SB	R	00	1
185	00	0207	SC	R	7F	1
185	75	5A4C	SB	W	4B	1
185	75	5B3F	SC	W	03	1
185	75	5B43	SC	W	83	1
185	-	023C	SB	X	F0	1
185	75	58CE	SB	R	F0	1
185	00	0207	SC	R	7F	1
185	75	5A4C	SB	W	4B	1
185	75	5B3F	SC	W	03	1
185	75	5B43	SC	W	83	1
185	-	023C	SB	X	00	1
185	75	58CE	SB	R	00	1
185	00	0207	SC	R	7F	1
185	75	5A4C	SB	W	4B	1
185	75	5B3F	SC	W	03	1
185	75	5B43	SC	W	83	1
185	-	023C	SB	X	00	1
185	75	58CE	SB	R	00	1
185	00	0207	SC	R	7F	1
185	75	5A4C	SB	W	4B	1
185	75	5B3F	SC	W	03	1
185	75	5B43	SC	W	83	1
185	-	023C	SB	X	44	1
185	75	58CE	SB	R	44	1
185	00	0207	SC	R	7F	1
185	75	5A4C	SB	W	4B	1
185	75	5B3F	SC	W	03	1
185	75	5B43	SC	W	83	1
185	-	023C	SB	X	49	1
185	75	58CE	SB	R	49	1
185	00	0207	SC	R	7F	1
185	75	5A4C	SB	W	4B	1
185	75	5B3F	SC	W	03	1
185	75	5B43	SC	W	83	1
185	-	023C	SB	X	1F	1
185	75	589E	SB	R	1F	1
185	00	0207	SC	R	7F	1
185	75	5A4C	SB	W	4B	1
185	75	5B3F	SC	W	03	1
185	75	5B43	SC	W	83	1
185	-	023C	SB	X	1C	1
185	75	589E	SB	R	1C	1
186	00	0207	SC	R	7F	1
186	75	5A4C	SB	W	80	1
186	75	5B3F	SC	W	03	1
186	75	5B43	SC	W	83	1
186	-	023C	SB	X	88	1
186	75	589E	SB	R	88	1
186	00	0207	SC	R	7F	1
186	75	5A4C	SB	W	19	1
186	75	5B3F	SC	W	03	1
186	75	5B43	SC	W	83	1
186	-	023C	SB	X	00	1
186	75	589E	SB	R	00	1
186	00	0207	SC	R	7F	1
186	75	5F20	SC	R	7F	1
186	75	5B32	SB	W	99	1
186	75	5B3F	SC	W	03	1
186	75	5B43	SC	W	83	1
186	-	023C	SB	X	D2	1
186	00	0207	SC	R	7F	1
186	75	5B32	SB	W	66	1
186	75	5B3F	SC	W	03	1
186	75	5B43	SC	W	83	1
186	-	023C	SB	X	D2	1
186	00	0207	SC	R	7F	1
186	75	5B32	SB	W	19	1
186	75	5B3F	SC	W	03	1
186	75	5B43	SC	W	83	1
186	-	023C	SB	X	D2	1
186	00	0207	SC	R	7F	1
186	75	5B32	SB	W	00	1
186	75	5B3F	SC	W	03	1
186	75	5B43	SC	W	83	1
186	-	023C	SB	X	D2	1
186	00	0207	SC	R	7F	1
186	75	5B32	SB	W	00	1
186	75	5B3F	SC	W	03	1
186	75	5B43	SC	W	83	1
186	-	023C	SB	X	D2	1
186	00	0207	SC	R	7F	1
186	75	5B32	SB	W	02	1
186	75	5B3F	SC	W	03	1
186	75	5B43	SC	W	83	1
186	-	023C	SB	X	D2	1
186	00	0207	SC	R	7F	1
186	75	5B32	SB	W	80	1
186	75	5B3F	SC	W	03	1
186	75	5B43	SC	W	83	1
186	-	023C	SB	X	D2	1
186	00	0207	SC	R	7F	1
186	75	5B32	SB	W	40	1
186	75	5B3F	SC	W	03	1
186	75	5B43	SC	W	83	1
186	-	023C	SB	X	D2	1
186	00	0207	SC	R	7F	1
186	75	5B32	SB	W	00	1
186	75	5B3F	SC	W	03	1
186	75	5B43	SC	W	83	1
186	-	023C	SB	X	D2	1
186	00	0207	SC	R	7F	1
186	75	5B32	SB	W	DB	1
186	75	5B3F	SC	W	03	1
186	75	5B43	SC	W	83	1
186	-	023C	SB	X	D2	1
186	00	0207	SC	R	7F	1
186	75	5B32	SB	W	80	1
186	75	5B3F	SC	W	03	1
186	75	5B43	SC	W	83	1
186	-	023C	SB	X	88	1
186	75	56F6	SB	R	88	1
186	00	0207	SC	R	7F	1
186	75	5B32	SB	W	00	1
186	75	5B3F	SC	W	03	1
186	75	5B43	SC	W	83	1
186	-	023C	SB	X	99	1
186	75	56F6	SB	R	99	1
186	00	0207	SC	R	7F	1
186	75	5A4C	SB	W	4B	1
186	75	5B3F	SC	W	03	1
186	75	5B43	SC	W	83	1
186	-	023C	SB	X	D2	1
186	75	5811	SB	R	D2	1
186	00	0207	SC	R	7F	1
186	75	5A4C	SB	W	4B	1
186	75	5B3F	SC	W	03	1
186	75	5B43	SC	W	83	1
186	-	023C	SB	X	D2	1
186	75	5811	SB	R	D2	1
186	00	0207	SC	R	7F	1
186	75	5A4C	SB	W	4B	1
186	75	5B3F	SC	W	03	1
186	75	5B43	SC	W	83	1
186	-	023C	SB	X	D2	1
186	75	5811	SB	R	D2	1
186	00	0207	SC	R	7F	1
186	75	5A4C	SB	W	4B	1
186	75	5B3F	SC	W	03	1
186	75	5B43	SC	W	83	1
186	-	023C	SB	X	D2	1
186	75	5811	SB	R	D2	1
186	00	0207	SC	R	7F	1
186	75	5A4C	SB	W	4B	1
186	75	5B3F	SC	W	03	1
186	75	5B43	SC	W	83	1
186	-	023C	SB	X	D2	1
186	75	5811	SB	R	D2	1
186	00	0207	SC	R	7F	1
186	75	5A4C	SB	W	4B	1
186	75	5B3F	SC	W	03	1
186	75	5B43	SC	W	83	1
186	-	023C	SB	X	D2	1
186	75	5811	SB	R	D2	1
186	00	0207	SC	R	7F	1
186	75	5A4C	SB	W	4B	1
186	75	5B3F	SC	W	03	1
186	75	5B43	SC	W	83	1
186	-	023C	SB	X	D2	1
186	75	5811	SB	R	D2	1
186	00	0207	SC	R	7F	1
186	75	5A4C	SB	W	4B	1
186	75	5B3F	SC	W	03	1
186	75	5B43	SC	W	83	1
186	-	023C	SB	X	D2	1
186	75	5811	SB	R	D2	1
187	00	0207	SC	R	7F	1
187	75	5A4C	SB	W	4B	1
187	75	5B3F	SC	W	03	1
187	75	5B43	SC	W	83	1
187	-	023C	SB	X	D2	1
187	75	5811	SB	R	D2	1
187	00	0207	SC	R	7F	1
187	75	5A4C	SB	W	4B	1
187	75	5B3F	SC	W	03	1
187	75	5B43	SC	W	83	1
187	-	023C	SB	X	99	1
187	75	5811	SB	R	99	1
187	00	0207	SC	R	7F	1
187	75	5A4C	SB	W	4B	1
187	75	5B3F	SC	W	03	1
187	75	5B43	SC	W	83	1
187	-	023C	SB	X	66	1
187	75	5811	SB	R	66	1
187	00	0207	SC	R	7F	1
187	75	5A4C	SB	W	4B	1
187	75	5B3F	SC	W	03	1
187	75	5B43	SC	W	83	1
187	-	023C	SB	X	99	1
187	75	58CE	SB	R	99	1
187	00	0207	SC	R	7F	1
187	75	5A4C	SB	W	4B	1
187	75	5B3F	SC	W	03	1
187	75	5B43	SC	W	83	1
187	-	023C	SB	X	00	1
187	75	58CE	SB	R	00	1
187	00	0207	SC	R	7F	1
187	75	5A4C	SB	W	4B	1
187	75	5B3F	SC	W	03	1
187	75	5B43	SC	W	83	1
187	-	023C	SB	X	00	1
187	75	58CE	SB	R	00	1
187	00	0207	SC	R	7F	1
187	75	5A4C	SB	W	4B	1
187	75	5B3F	SC	W	03	1
187	75	5B43	SC	W	83	1
187	-	023C	SB	X	41	1
187	75	58CE	SB	R	41	1
187	75	5884	SB	R	41	1
187	00	0207	SC	R	7F	1
187	75	5A4C	SB	W	4B	1
187	75	5B3F	SC	W	03	1
187	75	5B43	SC	W	83	1
187	-	023C	SB	X	80	1
187	75	58CE	SB	R	80	1
187	00	0207	SC	R	7F	1
187	75	5A4C	SB	W	4B	1
187	75	5B3F	SC	W	03	1
187	75	5B43	SC	W	83	1
187	-	023C	SB	X	4F	1
187	75	58CE	SB	R	4F	1
187	00	0207	SC	R	7F	1
187	75	5A4C	SB	W	4B	1
187	75	5B3F	SC	W	03	1
187	75	5B43	SC	W	83	1
187	-	023C	SB	X	4E	1
187	75	58CE	SB	R	4E	1
187	00	0207	SC	R	7F	1
187	75	5A4C	SB	W	4B	1
187	75	5B3F	SC	W	03	1
187	75	5B43	SC	W	83	1
187	-	023C	SB	X	20	1
187	75	58CE	SB	R	20	1
187	00	0207	SC	R	7F	1
187	75	5A4C	SB	W	4B	1
187	75	5B3F	SC	W	03	1
187	75	5B43	SC	W	83	1
187	-	023C	SB	X	50	1
187	75	58CE	SB	R	50	1
187	00	0207	SC	R	7F	1
187	75	5A4C	SB	W	4B	1
187	75	5B3F	SC	W	03	1
187	75	5B43	SC	W	83	1
187	-	023C	SB	X	44	1
187	75	58CE	SB	R	44	1
187	00	0207	SC	R	7F	1
187	75	5A4C	SB	W	4B	1
187	75	5B3F	SC	W	03	1
187	75	5B43	SC	W	83	1
187	-	023C	SB	X	43	1
187	75	58CE	SB	R	43	1
187	00	0207	SC	R	7F	1
187	75	5A4C	SB	W	4B	1
187	75	5B3F	SC	W	03	1
187	75	5B43	SC	W	83	1
187	-	023C	SB	X	2F	1
187	75	58CE	SB	R	2F	1
187	00	0207	SC	R	7F	1
187	75	5A4C	SB	W	4B	1
187	75	5B3F	SC	W	03	1
187	75	5B43	SC	W	83	1
187	-	023C	SB	X	43	1
187	75	58CE	SB	R	43	1
187	00	0207	SC	R	7F	1
187	75	5A4C	SB	W	4B	1
187	75	5B3F	SC	W	03	1
187	75	5B43	SC	W	83	1
187	-	023C	SB	X	44	1
187	75	58CE	SB	R	44	1
187	00	0207	SC	R	7F	1
187	75	5A4C	SB	W	4B	1
187	75	5B3F	SC	W	03	1
187	75	5B43	SC	W	83	1
187	-	023C	SB	X	4D	1
187	75	58CE	SB	R	4D	1
187	00	0207	SC	R	7F	1
187	75	5A4C	SB	W	4B	1
187	75	5B3F	SC	W	03	1
187	75	5B43	SC	W	83	1
187	-	023C	SB	X	41	1
187	75	58CE	SB	R	41	1
187	00	0207	SC	R	7F	1
187	75	5A4C	SB	W	4B	1
187	75	5B3F	SC	W	03	1
187	75	5B43	SC	W	83	1
187	-	023C	SB	X	4F	1
187	75	58CE	SB	R	4F	1
187	00	0207	SC	R	7F	1
187	75	5A4C	SB	W	4B	1
187	75	5B3F	SC	W	03	1
187	75	5B43	SC	W	83	1
187	-	023C	SB	X	4E	1
187	75	58CE	SB	R	4E	1
187	00	0207	SC	R	7F	1
187	75	5A4C	SB	W	4B	1
187	75	5B3F	SC	W	03	1
187	75	5B43	SC	W	83	1
187	-	023C	SB	X	45	1
187	75	58CE	SB	R	45	1
187	00	0207	SC	R	7F	1
187	75	5A4C	SB	W	4B	1
187	75	5B3F	SC	W	03	1
187	75	5B43	SC	W	83	1
187	-	023C	SB	X	FF	1
187	75	58CE	SB	R	FF	1
188	00	0207	SC	R	7F	1
188	75	5A4C	SB	W	4B	1
188	75	5B3F	SC	W	03	1
188	75	5B43	SC	W	83	1
188	-	023C	SB	X	FF	1
188	75	58CE	SB	R	FF	1
188	00	0207	SC	R	7F	1
188	75	5A4C	SB	W	4B	1
188	75	5B3F	SC	W	03	1
188	75	5B43	SC	W	83	1
188	-	023C	SB	X	FF	1
188	75	58CE	SB	R	FF	1
188	00	0207	SC	R	7F	1
188	75	5A4C	SB	W	4B	1
188	75	5B3F	SC	W	03	1
188	75	5B43	SC	W	83	1
188	-	023C	SB	X	FF	1
188	75	58CE	SB	R	FF	1
188	00	0207	SC	R	7F	1
188	75	5A4C	SB	W	4B	1
188	75	5B3F	SC	W	03	1
188	75	5B43	SC	W	83	1
188	-	023C	SB	X	FF	1
188	75	58CE	SB	R	FF	1
188	00	0207	SC	R	7F	1
188	75	5A4C	SB	W	4B	1
188	75	5B3F	SC	W	03	1
188	75	5B43	SC	W	83	1
188	-	023C	SB	X	FF	1
188	75	58CE	SB	R	FF	1
188	00	0207	SC	R	7F	1
188	75	5A4C	SB	W	4B	1
188	75	5B3F	SC	W	03	1
188	75	5B43	SC	W	83	1
188	-	023C	SB	X	FF	1
188	75	58CE	SB	R	FF	1
188	00	0207	SC	R	7F	1
188	75	5A4C	SB	W	4B	1
188	75	5B3F	SC	W	03	1
188	75	5B43	SC	W	83	1
188	-	023C	SB	X	FF	1
188	75	58CE	SB	R	FF	1
188	00	0207	SC	R	7F	1
188	75	5A4C	SB	W	4B	1
188	75	5B3F	SC	W	03	1
188	75	5B43	SC	W	83	1
188	-	023C	SB	X	00	1
188	75	58CE	SB	R	00	1
188	00	0207	SC	R	7F	1
188	75	5A4C	SB	W	4B	1
188	75	5B3F	SC	W	03	1
188	75	5B43	SC	W	83	1
188	-	023C	SB	X	00	1
188	75	58CE	SB	R	00	1
188	00	0207	SC	R	7F	1
188	75	5A4C	SB	W	4B	1
188	75	5B3F	SC	W	03	1
188	75	5B43	SC	W	83	1
188	-	023C	SB	X	00	1
188	75	58CE	SB	R	00	1
188	00	0207	SC	R	7F	1
188	75	5A4C	SB	W	4B	1
188	75	5B3F	SC	W	03	1
188	75	5B43	SC	W	83	1
188	-	023C	SB	X	00	1
188	75	58CE	SB	R	00	1
188	00	0207	SC	R	7F	1
188	75	5A4C	SB	W	4B	1
188	75	5B3F	SC	W	03	1
188	75	5B43	SC	W	83	1
188	-	023C	SB	X	00	1
188	75	58CE	SB	R	00	1
188	00	0207	SC	R	7F	1
188	75	5A4C	SB	W	4B	1
188	75	5B3F	SC	W	03	1
188	75	5B43	SC	W	83	1
188	-	023C	SB	X	00	1
188	75	58CE	SB	R	00	1
188	00	0207	SC	R	7F	1
188	75	5A4C	SB	W	4B	1
188	75	5B3F	SC	W	03	1
188	75	5B43	SC	W	83	1
188	-	023C	SB	X	00	1
188	75	58CE	SB	R	00	1
188	00	0207	SC	R	7F	1
188	75	5A4C	SB	W	4B	1
188	75	5B3F	SC	W	03	1
188	75	5B43	SC	W	83	1
188	-	023C	SB	X	00	1
188	75	58CE	SB	R	00	1
188	00	0207	SC	R	7F	1
188	75	5A4C	SB	W	4B	1
188	75	5B3F	SC	W	03	1
188	75	5B43	SC	W	83	1
188	-	023C	SB	X	00	1
188	75	58CE	SB	R	00	1
188	00	0207	SC	R	7F	1
188	75	5A4C	SB	W	4B	1
188	75	5B3F	SC	W	03	1
188	75	5B43	SC	W	83	1
188	-	023C	SB	X	00	1
188	75	58CE	SB	R	00	1
188	00	0207	SC	R	7F	1
188	75	5A4C	SB	W	4B	1
188	75	5B3F	SC	W	03	1
188	75	5B43	SC	W	83	1
188	-	023C	SB	X	00	1
188	75	58CE	SB	R	00	1
188	00	0207	SC	R	7F	1
188	75	5A4C	SB	W	4B	1
188	75	5B3F	SC	W	03	1
188	75	5B43	SC	W	83	1
188	-	023C	SB	X	00	1
188	75	58CE	SB	R	00	1
188	00	0207	SC	R	7F	1
188	75	5A4C	SB	W	4B	1
188	75	5B3F	SC	W	03	1
188	75	5B43	SC	W	83	1
188	-	023C	SB	X	00	1
188	75	58CE	SB	R	00	1
188	00	0207	SC	R	7F	1
188	75	5A4C	SB	W	4B	1
188	75	5B3F	SC	W	03	1
188	75	5B43	SC	W	83	1
188	-	023C	SB	X	00	1
188	75	58CE	SB	R	00	1
188	00	0207	SC	R	7F	1
188	75	5A4C	SB	W	4B	1
188	75	5B3F	SC	W	03	1
188	75	5B43	SC	W	83	1
188	-	023C	SB	X	00	1
188	75	58CE	SB	R	00	1
188	00	0207	SC	R	7F	1
188	75	5A4C	SB	W	4B	1
188	75	5B3F	SC	W	03	1
188	75	5B43	SC	W	83	1
188	-	023C	SB	X	00	1
188	75	58CE	SB	R	00	1
189	00	0207	SC	R	7F	1
189	75	5A4C	SB	W	4B	1
189	75	5B3F	SC	W	03	1
189	75	5B43	SC	W	83	1
189	-	023C	SB	X	FF	1
189	75	58CE	SB	R	FF	1
189	00	0207	SC	R	7F	1
189	75	5A4C	SB	W	4B	1
189	75	5B3F	SC	W	03	1
189	75	5B43	SC	W	83	1
189	-	023C	SB	X	FF	1
189	75	58CE	SB	R	FF	1
189	00	0207	SC	R	7F	1
189	75	5A4C	SB	W	4B	1
189	75	5B3F	SC	W	03	1
189	75	5B43	SC	W	83	1
189	-	023C	SB	X	FF	1
189	75	58CE	SB	R	FF	1
189	00	0207	SC	R	7F	1
189	75	5A4C	SB	W	4B	1
189	75	5B3F	SC	W	03	1
189	75	5B43	SC	W	83	1
189	-	023C	SB	X	FF	1
189	75	58CE	SB	R	FF	1
189	00	0207	SC	R	7F	1
189	75	5A4C	SB	W	4B	1
189	75	5B3F	SC	W	03	1
189	75	5B43	SC	W	83	1
189	-	023C	SB	X	FF	1
189	75	58CE	SB	R	FF	1
189	00	0207	SC	R	7F	1
189	75	5A4C	SB	W	4B	1
189	75	5B3F	SC	W	03	1
189	75	5B43	SC	W	83	1
189	-	023C	SB	X	FF	1
189	75	58CE	SB	R	FF	1
189	00	0207	SC	R	7F	1
189	75	5A4C	SB	W	4B	1
189	75	5B3F	SC	W	03	1
189	75	5B43	SC	W	83	1
189	-	023C	SB	X	FF	1
189	75	58CE	SB	R	FF	1
189	00	0207	SC	R	7F	1
189	75	5A4C	SB	W	4B	1
189	75	5B3F	SC	W	03	1
189	75	5B43	SC	W	83	1
189	-	023C	SB	X	FF	1
189	75	58CE	SB	R	FF	1
189	00	0207	SC	R	7F	1
189	75	5A4C	SB	W	4B	1
189	75	5B3F	SC	W	03	1
189	75	5B43	SC	W	83	1
189	-	023C	SB	X	00	1
189	75	58CE	SB	R	00	1
189	00	0207	SC	R	7F	1
189	75	5A4C	SB	W	4B	1
189	75	5B3F	SC	W	03	1
189	75	5B43	SC	W	83	1
189	-	023C	SB	X	00	1
189	75	58CE	SB	R	00	1
189	00	0207	SC	R	7F	1
189	75	5A4C	SB	W	4B	1
189	75	5B3F	SC	W	03	1
189	75	5B43	SC	W	83	1
189	-	023C	SB	X	00	1
189	75	58CE	SB	R	00	1
189	00	0207	SC	R	7F	1
189	75	5A4C	SB	W	4B	1
189	75	5B3F	SC	W	03	1
189	75	5B43	SC	W	83	1
189	-	023C	SB	X	00	1
189	75	58CE	SB	R	00	1
189	00	0207	SC	R	7F	1
189	75	5A4C	SB	W	4B	1
189	75	5B3F	SC	W	03	1
189	75	5B43	SC	W	83	1
189	-	023C	SB	X	00	1
189	75	58CE	SB	R	00	1
189	00	0207	SC	R	7F	1
189	75	5A4C	SB	W	4B	1
189	75	5B3F	SC	W	03	1
189	75	5B43	SC	W	83	1
189	-	023C	SB	X	00	1
189	75	58CE	SB	R	00	1
189	00	0207	SC	R	7F	1
189	75	5A4C	SB	W	4B	1
189	75	5B3F	SC	W	03	1
189	75	5B43	SC	W	83	1
189	-	023C	SB	X	00	1
189	75	58CE	SB	R	00	1
189	00	0207	SC	R	7F	1
189	75	5A4C	SB	W	4B	1
189	75	5B3F	SC	W	03	1
189	75	5B43	SC	W	83	1
189	-	023C	SB	X	00	1
189	75	58CE	SB	R	00	1
189	00	0207	SC	R	7F	1
189	75	5A4C	SB	W	4B	1
189	75	5B3F	SC	W	03	1
189	75	5B43	SC	W	83	1
189	-	023C	SB	X	00	1
189	75	58CE	SB	R	00	1
189	00	0207	SC	R	7F	1
189	75	5A4C	SB	W	4B	1
189	75	5B3F	SC	W	03	1
189	75	5B43	SC	W	83	1
189	-	023C	SB	X	00	1
189	75	58CE	SB	R	00	1
189	00	0207	SC	R	7F	1
189	75	5A4C	SB	W	4B	1
189	75	5B3F	SC	W	03	1
189	75	5B43	SC	W	83	1
189	-	023C	SB	X	00	1
189	75	58CE	SB	R	00	1
189	00	0207	SC	R	7F	1
189	75	5A4C	SB	W	4B	1
189	75	5B3F	SC	W	03	1
189	75	5B43	SC	W	83	1
189	-	023C	SB	X	00	1
189	75	58CE	SB	R	00	1
189	00	0207	SC	R	7F	1
189	75	5A4C	SB	W	4B	1
189	75	5B3F	SC	W	03	1
189	75	5B43	SC	W	83	1
189	-	023C	SB	X	00	1
189	75	58CE	SB	R	00	1
189	00	0207	SC	R	7F	1
189	75	5A4C	SB	W	4B	1
189	75	5B3F	SC	W	03	1
189	75	5B43	SC	W	83	1
189	-	023C	SB	X	00	1
189	75	58CE	SB	R	00	1
189	00	0207	SC	R	7F	1
189	75	5A4C	SB	W	4B	1
189	75	5B3F	SC	W	03	1
189	75	5B43	SC	W	83	1
189	-	023C	SB	X	00	1
189	75	58CE	SB	R	00	1
190	00	0207	SC	R	7F	1
190	75	5A4C	SB	W	4B	1
190	75	5B3F	SC	W	03	1
190	75	5B43	SC	W	83	1
190	-	023C	SB	X	00	1
190	75	58CE	SB	R	00	1
190	00	0207	SC	R	7F	1
190	75	5A4C	SB	W	4B	1
190	75	5B3F	SC	W	03	1
190	75	5B43	SC	W	83	1
190	-	023C	SB	X	31	1
190	75	58CE	SB	R	31	1
190	00	0207	SC	R	7F	1
190	75	5A4C	SB	W	4B	1
190	75	5B3F	SC	W	03	1
190	75	5B43	SC	W	83	1
190	-	023C	SB	X	AC	1
190	75	58CE	SB	R	AC	1
190	00	0207	SC	R	7F	1
190	75	5A4C	SB	W	4B	1
190	75	5B3F	SC	W	03	1
190	75	5B43	SC	W	83	1
190	-	023C	SB	X	15	1
190	75	589E	SB	R	15	1
190	00	0207	SC	R	7F	1
190	75	5A4C	SB	W	4B	1
190	75	5B3F	SC	W	03	1
190	75	5B43	SC	W	83	1
190	-	023C	SB	X	E1	1
190	75	589E	SB	R	E1	1
190	00	0207	SC	R	7F	1
190	75	5A4C	SB	W	80	1
190	75	5B3F	SC	W	03	1
190	75	5B43	SC	W	83	1
190	-	023C	SB	X	88	1
190	75	589E	SB	R	88	1
190	00	0207	SC	R	7F	1
190	75	5A4C	SB	W	19	1
190	75	5B3F	SC	W	03	1
190	75	5B43	SC	W	83	1
190	-	023C	SB	X	00	1
190	75	589E	SB	R	00	1
190	00	0207	SC	R	7F	1
190	75	5F20	SC	R	7F	1
190	75	5B32	SB	W	99	1
190	75	5B3F	SC	W	03	1
190	75	5B43	SC	W	83	1
190	-	023C	SB	X	D2	1
190	00	0207	SC	R	7F	1
190	75	5B32	SB	W	66	1
190	75	5B3F	SC	W	03	1
190	75	5B43	SC	W	83	1
190	-	023C	SB	X	D2	1
190	00	0207	SC	R	7F	1
190	75	5B32	SB	W	11	1
190	75	5B3F	SC	W	03	1
190	75	5B43	SC	W	83	1
190	-	023C	SB	X	D2	1
190	00	0207	SC	R	7F	1
190	75	5B32	SB	W	00	1
190	75	5B3F	SC	W	03	1
190	75	5B43	SC	W	83	1
190	-	023C	SB	X	D2	1
190	00	0207	SC	R	7F	1
190	75	5B32	SB	W	00	1
190	75	5B3F	SC	W	03	1
190	75	5B43	SC	W	83	1
190	-	023C	SB	X	D2	1
190	00	0207	SC	R	7F	1
190	75	5B32	SB	W	00	1
190	75	5B3F	SC	W	03	1
190	75	5B43	SC	W	83	1
190	-	023C	SB	X	D2	1
190	00	0207	SC	R	7F	1
190	75	5B32	SB	W	00	1
190	75	5B3F	SC	W	03	1
190	75	5B43	SC	W	83	1
190	-	023C	SB	X	D2	1
190	00	0207	SC	R	7F	1
190	75	5B32	SB	W	11	1
190	75	5B3F	SC	W	03	1
190	75	5B43	SC	W	83	1
190	-	023C	SB	X	D2	1
190	00	0207	SC	R	7F	1
190	75	5B32	SB	W	80	1
190	75	5B3F	SC	W	03	1
190	75	5B43	SC	W	83	1
190	-	023C	SB	X	88	1
190	75	56F6	SB	R	88	1
190	00	0207	SC	R	7F	1
190	75	5B32	SB	W	00	1
190	75	5B3F	SC	W	03	1
190	75	5B43	SC	W	83	1
190	-	023C	SB	X	91	1
190	75	56F6	SB	R	91	1
190	00	0207	SC	R	7F	1
190	75	5A4C	SB	W	4B	1
190	75	5B3F	SC	W	03	1
190	75	5B43	SC	W	83	1
190	-	023C	SB	X	D2	1
190	75	5811	SB	R	D2	1
190	00	0207	SC	R	7F	1
190	75	5A4C	SB	W	4B	1
190	75	5B3F	SC	W	03	1
190	75	5B43	SC	W	83	1
190	-	023C	SB	X	D2	1
190	75	5811	SB	R	D2	1
190	00	0207	SC	R	7F	1
190	75	5A4C	SB	W	4B	1
190	75	5B3F	SC	W	03	1
190	75	5B43	SC	W	83	1
190	-	023C	SB	X	D2	1
190	75	5811	SB	R	D2	1
190	00	0207	SC	R	7F	1
190	75	5A4C	SB	W	4B	1
190	75	5B3F	SC	W	03	1
190	75	5B43	SC	W	83	1
190	-	023C	SB	X	D2	1
190	75	5811	SB	R	D2	1
190	00	0207	SC	R	7F	1
190	75	5A4C	SB	W	4B	1
190	75	5B3F	SC	W	03	1
190	75	5B43	SC	W	83	1
190	-	023C	SB	X	D2	1
190	75	5811	SB	R	D2	1
191	00	0207	SC	R	7F	1
191	75	5A4C	SB	W	4B	1
191	75	5B3F	SC	W	03	1
191	75	5B43	SC	W	83	1
191	-	023C	SB	X	D2	1
191	75	5811	SB	R	D2	1
191	00	0207	SC	R	7F	1
191	75	5A4C	SB	W	4B	1
191	75	5B3F	SC	W	03	1
191	75	5B43	SC	W	83	1
191	-	023C	SB	X	99	1
191	75	5811	SB	R	99	1
191	00	0207	SC	R	7F	1
191	75	5A4C	SB	W	4B	1
191	75	5B3F	SC	W	03	1
191	75	5B43	SC	W	83	1
191	-	023C	SB	X	66	1
191	75	5811	SB	R	66	1
191	00	0207	SC	R	7F	1
191	75	5A4C	SB	W	4B	1
191	75	5B3F	SC	W	03	1
191	75	5B43	SC	W	83	1
191	-	023C	SB	X	91	1
191	75	58CE	SB	R	91	1
191	00	0207	SC	R	7F	1
191	75	5A4C	SB	W	4B	1
191	75	5B3F	SC	W	03	1
191	75	5B43	SC	W	83	1
191	-	023C	SB	X	00	1
191	75	58CE	SB	R	00	1
191	00	0207	SC	R	7F	1
191	75	5A4C	SB	W	4B	1
191	75	5B3F	SC	W	03	1
191	75	5B43	SC	W	83	1
191	-	023C	SB	X	00	1
191	75	58CE	SB	R	00	1
191	00	0207	SC	R	7F	1
191	75	5A4C	SB	W	4B	1
191	75	5B3F	SC	W	03	1
191	75	5B43	SC	W	83	1
191	-	023C	SB	X	00	1
191	75	58CE	SB	R	00	1
191	75	5884	SB	R	00	1
191	00	0207	SC	R	7F	1
191	75	5A4C	SB	W	4B	1
191	75	5B3F	SC	W	03	1
191	75	5B43	SC	W	83	1
191	-	023C	SB	X	00	1
191	75	589E	SB	R	00	1
191	00	0207	SC	R	7F	1
191	75	5A4C	SB	W	4B	1
191	75	5B3F	SC	W	03	1
191	75	5B43	SC	W	83	1
191	-	023C	SB	X	91	1
191	75	589E	SB	R	91	1
191	00	0207	SC	R	7F	1
191	75	5A4C	SB	W	80	1
191	75	5B3F	SC	W	03	1
191	75	5B43	SC	W	83	1
191	-	023C	SB	X	88	1
191	75	589E	SB	R	88	1
191	00	0207	SC	R	7F	1
191	75	5A4C	SB	W	11	1
191	75	5B3F	SC	W	03	1
191	75	5B43	SC	W	83	1
191	-	023C	SB	X	00	1
191	75	589E	SB	R	00	1
191	00	0207	SC	R	7F	2560
3150	75	5F20	SC	R	7F	1
3150	00	0207	SC	R	7F	1
3150	75	5B32	SB	W	4B	1
3150	75	5B3F	SC	W	03	1
3150	75	5B43	SC	W	83	1
3150	-	023C	SB	X	D2	1
3150	75	56F6	SB	R	D2	1
3150	00	0207	SC	R	7F	157
3158	75	5F20	SC	R	7F	1
3158	00	0207	SC	R	7F	1
3158	75	5B32	SB	W	99	1
3158	75	5B3F	SC	W	03	1
3158	75	5B43	SC	W	83	1
3158	-	023C	SB	X	D2	1
3158	00	0207	SC	R	7F	1
3158	75	5B32	SB	W	66	1
3158	75	5B3F	SC	W	03	1
3158	75	5B43	SC	W	83	1
3158	-	023C	SB	X	D2	1
3158	00	0207	SC	R	7F	1
3158	75	5B32	SB	W	10	1
3158	75	5B3F	SC	W	03	1
3158	75	5B43	SC	W	83	1
3158	-	023C	SB	X	D2	1
3158	00	0207	SC	R	7F	1
3158	75	5B32	SB	W	00	1
3158	75	5B3F	SC	W	03	1
3158	75	5B43	SC	W	83	1
3158	-	023C	SB	X	D2	1
3158	00	0207	SC	R	7F	1
3158	75	5B32	SB	W	00	1
3158	75	5B3F	SC	W	03	1
3158	75	5B43	SC	W	83	1
3158	-	023C	SB	X	D2	1
3158	00	0207	SC	R	7F	1
3158	75	5B32	SB	W	08	1
3158	75	5B3F	SC	W	03	1
3158	75	5B43	SC	W	83	1
3158	-	023C	SB	X	D2	1
3158	00	0207	SC	R	7F	1
3158	75	5B32	SB	W	4E	1
3158	75	5B3F	SC	W	03	1
3158	75	5B43	SC	W	83	1
3158	-	023C	SB	X	D2	1
3158	00	0207	SC	R	7F	1
3158	75	5B32	SB	W	49	1
3158	75	5B3F	SC	W	03	1
3158	75	5B43	SC	W	83	1
3158	-	023C	SB	X	D2	1
3158	00	0207	SC	R	7F	1
3158	75	5B32	SB	W	4E	1
3158	75	5B3F	SC	W	03	1
3158	75	5B43	SC	W	83	1
3158	-	023C	SB	X	D2	1
3159	00	0207	SC	R	7F	1
3159	75	5B32	SB	W	54	1
3159	75	5B3F	SC	W	03	1
3159	75	5B43	SC	W	83	1
3159	-	023C	SB	X	D2	1
3159	00	0207	SC	R	7F	1
3159	75	5B32	SB	W	45	1
3159	75	5B3F	SC	W	03	1
3159	75	5B43	SC	W	83	1
3159	-	023C	SB	X	D2	1
3159	00	0207	SC	R	7F	1
3159	75	5B32	SB	W	4E	1
3159	75	5B3F	SC	W	03	1
3159	75	5B43	SC	W	83	1
3159	-	023C	SB	X	D2	1
3159	00	0207	SC	R	7F	1
3159	75	5B32	SB	W	44	1
3159	75	5B3F	SC	W	03	1
3159	75	5B43	SC	W	83	1
3159	-	023C	SB	X	D2	1
3159	00	0207	SC	R	7F	1
3159	75	5B32	SB	W	4F	1
3159	75	5B3F	SC	W	03	1
3159	75	5B43	SC	W	83	1
3159	-	023C	SB	X	D2	1
3159	00	0207	SC	R	7F	1
3159	75	5B32	SB	W	02	1
3159	75	5B3F	SC	W	03	1
3159	75	5B43	SC	W	83	1
3159	-	023C	SB	X	D2	1
3159	00	0207	SC	R	7F	1
3159	75	5B32	SB	W	77	1
3159	75	5B3F	SC	W	03	1
3159	75	5B43	SC	W	83	1
3159	-	023C	SB	X	D2	1
3159	00	0207	SC	R	7F	1
3159	75	5B32	SB	W	80	1
3159	75	5B3F	SC	W	03	1
3159	75	5B43	SC	W	83	1
3159	-	023C	SB	X	88	1
3159	75	56F6	SB	R	88	1
3159	00	0207	SC	R	7F	1
3159	75	5B32	SB	W	00	1
3159	75	5B3F	SC	W	03	1
3159	75	5B43	SC	W	83	1
3159	-	023C	SB	X	90	1
3159	75	56F6	SB	R	90	1
3159	00	0207	SC	R	7F	1
3159	75	5A4C	SB	W	4B	1
3159	75	5B3F	SC	W	03	1
3159	75	5B43	SC	W	83	1
3159	-	023C	SB	X	D2	1
3159	75	5811	SB	R	D2	1
3159	00	0207	SC	R	7F	1
3159	75	5A4C	SB	W	4B	1
3159	75	5B3F	SC	W	03	1
3159	75	5B43	SC	W	83	1
3159	-	023C	SB	X	D2	1
3159	75	5811	SB	R	D2	1
3159	00	0207	SC	R	7F	1
3159	75	5A4C	SB	W	4B	1
3159	75	5B3F	SC	W	03	1
3159	75	5B43	SC	W	83	1
3159	-	023C	SB	X	D2	1
3159	75	5811	SB	R	D2	1
3159	00	0207	SC	R	7F	1
3159	75	5A4C	SB	W	4B	1
3159	75	5B3F	SC	W	03	1
3159	75	5B43	SC	W	83	1
3159	-	023C	SB	X	D2	1
3159	75	5811	SB	R	D2	1
3159	00	0207	SC	R	7F	1
3159	75	5A4C	SB	W	4B	1
3159	75	5B3F	SC	W	03	1
3159	75	5B43	SC	W	83	1
3159	-	023C	SB	X	D2	1
3159	75	5811	SB	R	D2	1
3159	00	0207	SC	R	7F	1
3159	75	5A4C	SB	W	4B	1
3159	75	5B3F	SC	W	03	1
3159	75	5B43	SC	W	83	1
3159	-	023C	SB	X	D2	1
3159	75	5811	SB	R	D2	1
3159	00	0207	SC	R	7F	1
3159	75	5A4C	SB	W	4B	1
3159	75	5B3F	SC	W	03	1
3159	75	5B43	SC	W	83	1
3159	-	023C	SB	X	D2	1
3159	75	5811	SB	R	D2	1
3159	00	0207	SC	R	7F	1
3159	75	5A4C	SB	W	4B	1
3159	75	5B3F	SC	W	03	1
3159	75	5B43	SC	W	83	1
3159	-	023C	SB	X	D2	1
3159	75	5811	SB	R	D2	1
3159	00	0207	SC	R	7F	1
3159	75	5A4C	SB	W	4B	1
3159	75	5B3F	SC	W	03	1
3159	75	5B43	SC	W	83	1
3159	-	023C	SB	X	D2	1
3159	75	5811	SB	R	D2	1
3159	00	0207	SC	R	7F	1
3159	75	5A4C	SB	W	4B	1
3159	75	5B3F	SC	W	03	1
3159	75	5B43	SC	W	83	1
3159	-	023C	SB	X	D2	1
3159	75	5811	SB	R	D2	1
3159	00	0207	SC	R	7F	1
3159	75	5A4C	SB	W	4B	1
3159	75	5B3F	SC	W	03	1
3159	75	5B43	SC	W	83	1
3159	-	023C	SB	X	D2	1
3160	75	5811	SB	R	D2	1
3160	00	0207	SC	R	7F	1
3160	75	5A4C	SB	W	4B	1
3160	75	5B3F	SC	W	03	1
3160	75	5B43	SC	W	83	1
3160	-	023C	SB	X	D2	1
3160	75	5811	SB	R	D2	1
3160	00	0207	SC	R	7F	1
3160	75	5A4C	SB	W	4B	1
3160	75	5B3F	SC	W	03	1
3160	75	5B43	SC	W	83	1
3160	-	023C	SB	X	99	1
3160	75	5811	SB	R	99	1
3160	00	0207	SC	R	7F	1
3160	75	5A4C	SB	W	4B	1
3160	75	5B3F	SC	W	03	1
3160	75	5B43	SC	W	83	1
3160	-	023C	SB	X	66	1
3160	75	5811	SB	R	66	1
3160	00	0207	SC	R	7F	1
3160	75	5A4C	SB	W	4B	1
3160	75	5B3F	SC	W	03	1
3160	75	5B43	SC	W	83	1
3160	-	023C	SB	X	90	1
3160	75	58CE	SB	R	90	1
3160	00	0207	SC	R	7F	1
3160	75	5A4C	SB	W	4B	1
3160	75	5B3F	SC	W	03	1
3160	75	5B43	SC	W	83	1
3160	-	023C	SB	X	00	1
3160	75	58CE	SB	R	00	1
3160	00	0207	SC	R	7F	1
3160	75	5A4C	SB	W	4B	1
3160	75	5B3F	SC	W	03	1
3160	75	5B43	SC	W	83	1
3160	-	023C	SB	X	00	1
3160	75	58CE	SB	R	00	1
3160	00	0207	SC	R	7F	1
3160	75	5A4C	SB	W	4B	1
3160	75	5B3F	SC	W	03	1
3160	75	5B43	SC	W	83	1
3160	-	023C	SB	X	08	1
3160	75	58CE	SB	R	08	1
3160	75	5884	SB	R	08	1
3160	00	0207	SC	R	7F	1
3160	75	5A4C	SB	W	4B	1
3160	75	5B3F	SC	W	03	1
3160	75	5B43	SC	W	83	1
3160	-	023C	SB	X	4E	1
3160	75	58CE	SB	R	4E	1
3160	00	0207	SC	R	7F	1
3160	75	5A4C	SB	W	4B	1
3160	75	5B3F	SC	W	03	1
3160	75	5B43	SC	W	83	1
3160	-	023C	SB	X	49	1
3160	75	58CE	SB	R	49	1
3160	00	0207	SC	R	7F	1
3160	75	5A4C	SB	W	4B	1
3160	75	5B3F	SC	W	03	1
3160	75	5B43	SC	W	83	1
3160	-	023C	SB	X	4E	1
3160	75	58CE	SB	R	4E	1
3160	00	0207	SC	R	7F	1
3160	75	5A4C	SB	W	4B	1
3160	75	5B3F	SC	W	03	1
3160	75	5B43	SC	W	83	1
3160	-	023C	SB	X	54	1
3160	75	58CE	SB	R	54	1
3160	00	0207	SC	R	7F	1
3160	75	5A4C	SB	W	4B	1
3160	75	5B3F	SC	W	03	1
3160	75	5B43	SC	W	83	1
3160	-	023C	SB	X	45	1
3160	75	58CE	SB	R	45	1
3160	00	0207	SC	R	7F	1
3160	75	5A4C	SB	W	4B	1
3160	75	5B3F	SC	W	03	1
3160	75	5B43	SC	W	83	1
3160	-	023C	SB	X	4E	1
3160	75	58CE	SB	R	4E	1
3160	00	0207	SC	R	7F	1
3160	75	5A4C	SB	W	4B	1
3160	75	5B3F	SC	W	03	1
3160	75	5B43	SC	W	83	1
3160	-	023C	SB	X	44	1
3160	75	58CE	SB	R	44	1
3160	00	0207	SC	R	7F	1
3160	75	5A4C	SB	W	4B	1
3160	75	5B3F	SC	W	03	1
3160	75	5B43	SC	W	83	1
3160	-	023C	SB	X	4F	1
3160	75	58CE	SB	R	4F	1
3160	00	0207	SC	R	7F	1
3160	75	5A4C	SB	W	4B	1
3160	75	5B3F	SC	W	03	1
3160	75	5B43	SC	W	83	1
3160	-	023C	SB	X	02	1
3160	75	589E	SB	R	02	1
3160	00	0207	SC	R	7F	1
3160	75	5A4C	SB	W	4B	1
3160	75	5B3F	SC	W	03	1
3160	75	5B43	SC	W	83	1
3160	-	023C	SB	X	F7	1
3160	75	589E	SB	R	F7	1
3160	00	0207	SC	R	7F	1
3160	75	5A4C	SB	W	80	1
3160	75	5B3F	SC	W	03	1
3160	75	5B43	SC	W	83	1
3160	-	023C	SB	X	88	1
3160	75	589E	SB	R	88	1
3160	00	0207	SC	R	7F	1
3160	75	5A4C	SB	W	10	1
3160	75	5B3F	SC	W	03	1
3160	75	5B43	SC	W	83	1
3160	-	023C	SB	X	00	1
3160	75	589E	SB	R	00	1
3161	00	0207	SC	R	7F	1
3161	75	5F20	SC	R	7F	1
3161	75	5B32	SB	W	99	1
3161	75	5B3F	SC	W	03	1
3161	75	5B43	SC	W	83	1
3161	-	023C	SB	X	D2	1
3161	00	0207	SC	R	7F	1
3161	75	5B32	SB	W	66	1
3161	75	5B3F	SC	W	03	1
3161	75	5B43	SC	W	83	1
3161	-	023C	SB	X	D2	1
3161	00	0207	SC	R	7F	1
3161	75	5B32	SB	W	11	1
3161	75	5B3F	SC	W	03	1
3161	75	5B43	SC	W	83	1
3161	-	023C	SB	X	D2	1
3161	00	0207	SC	R	7F	1
3161	75	5B32	SB	W	00	1
3161	75	5B3F	SC	W	03	1
3161	75	5B43	SC	W	83	1
3161	-	023C	SB	X	D2	1
3161	00	0207	SC	R	7F	1
3161	75	5B32	SB	W	00	1
3161	75	5B3F	SC	W	03	1
3161	75	5B43	SC	W	83	1
3161	-	023C	SB	X	D2	1
3161	00	0207	SC	R	7F	1
3161	75	5B32	SB	W	00	1
3161	75	5B3F	SC	W	03	1
3161	75	5B43	SC	W	83	1
3161	-	023C	SB	X	D2	1
3161	00	0207	SC	R	7F	1
3161	75	5B32	SB	W	00	1
3161	75	5B3F	SC	W	03	1
3161	75	5B43	SC	W	83	1
3161	-	023C	SB	X	D2	1
3161	00	0207	SC	R	7F	1
3161	75	5B32	SB	W	11	1
3161	75	5B3F	SC	W	03	1
3161	75	5B43	SC	W	83	1
3161	-	023C	SB	X	D2	1
3161	00	0207	SC	R	7F	1
3161	75	5B32	SB	W	80	1
3161	75	5B3F	SC	W	03	1
3161	75	5B43	SC	W	83	1
3161	-	023C	SB	X	88	1
3161	75	56F6	SB	R	88	1
3161	00	0207	SC	R	7F	1
3161	75	5B32	SB	W	00	1
3161	75	5B3F	SC	W	03	1
3161	75	5B43	SC	W	83	1
3161	-	023C	SB	X	91	1
3161	75	56F6	SB	R	91	1
3161	00	0207	SC	R	7F	1
3161	75	5A4C	SB	W	4B	1
3161	75	5B3F	SC	W	03	1
3161	75	5B43	SC	W	83	1
3161	-	023C	SB	X	D2	1
3161	75	5811	SB	R	D2	1
3161	00	0207	SC	R	7F	1
3161	75	5A4C	SB	W	4B	1
3161	75	5B3F	SC	W	03	1
3161	75	5B43	SC	W	83	1
3161	-	023C	SB	X	D2	1
3161	75	5811	SB	R	D2	1
3161	00	0207	SC	R	7F	1
3161	75	5A4C	SB	W	4B	1
3161	75	5B3F	SC	W	03	1
3161	75	5B43	SC	W	83	1
3161	-	023C	SB	X	D2	1
3161	75	5811	SB	R	D2	1
3161	00	0207	SC	R	7F	1
3161	75	5A4C	SB	W	4B	1
3161	75	5B3F	SC	W	03	1
3161	75	5B43	SC	W	83	1
3161	-	023C	SB	X	D2	1
3161	75	5811	SB	R	D2	1
3161	00	0207	SC	R	7F	1
3161	75	5A4C	SB	W	4B	1
3161	75	5B3F	SC	W	03	1
3161	75	5B43	SC	W	83	1
3161	-	023C	SB	X	D2	1
3161	75	5811	SB	R	D2	1
3161	00	0207	SC	R	7F	1
3161	75	5A4C	SB	W	4B	1
3161	75	5B3F	SC	W	03	1
3161	75	5B43	SC	W	83	1
3161	-	023C	SB	X	D2	1
3161	75	5811	SB	R	D2	1
3161	00	0207	SC	R	7F	1
3161	75	5A4C	SB	W	4B	1
3161	75	5B3F	SC	W	03	1
3161	75	5B43	SC	W	83	1
3161	-	023C	SB	X	D2	1
3161	75	5811	SB	R	D2	1
3161	00	0207	SC	R	7F	1
3161	75	5A4C	SB	W	4B	1
3161	75	5B3F	SC	W	03	1
3161	75	5B43	SC	W	83	1
3161	-	023C	SB	X	D2	1
3161	75	5811	SB	R	D2	1
3161	00	0207	SC	R	7F	1
3161	75	5A4C	SB	W	4B	1
3161	75	5B3F	SC	W	03	1
3161	75	5B43	SC	W	83	1
3161	-	023C	SB	X	D2	1
3161	75	5811	SB	R	D2	1
3162	00	0207	SC	R	7F	1
3162	75	5A4C	SB	W	4B	1
3162	75	5B3F	SC	W	03	1
3162	75	5B43	SC	W	83	1
3162	-	023C	SB	X	D2	1
3162	75	5811	SB	R	D2	1
3162	00	0207	SC	R	7F	1
3162	75	5A4C	SB	W	4B	1
3162	75	5B3F	SC	W	03	1
3162	75	5B43	SC	W	83	1
3162	-	023C	SB	X	99	1
3162	75	5811	SB	R	99	1
3162	00	0207	SC	R	7F	1
3162	75	5A4C	SB	W	4B	1
3162	75	5B3F	SC	W	03	1
3162	75	5B43	SC	W	83	1
3162	-	023C	SB	X	66	1
3162	75	5811	SB	R	66	1
3162	00	0207	SC	R	7F	1
3162	75	5A4C	SB	W	4B	1
3162	75	5B3F	SC	W	03	1
3162	75	5B43	SC	W	83	1
3162	-	023C	SB	X	91	1
3162	75	58CE	SB	R	91	1
3162	00	0207	SC	R	7F	1
3162	75	5A4C	SB	W	4B	1
3162	75	5B3F	SC	W	03	1
3162	75	5B43	SC	W	83	1
3162	-	023C	SB	X	00	1
3162	75	58CE	SB	R	00	1
3162	00	0207	SC	R	7F	1
3162	75	5A4C	SB	W	4B	1
3162	75	5B3F	SC	W	03	1
3162	75	5B43	SC	W	83	1
3162	-	023C	SB	X	00	1
3162	75	58CE	SB	R	00	1
3162	00	0207	SC	R	7F	1
3162	75	5A4C	SB	W	4B	1
3162	75	5B3F	SC	W	03	1
3162	75	5B43	SC	W	83	1
3162	-	023C	SB	X	00	1
3162	75	58CE	SB	R	00	1
3162	75	5884	SB	R	00	1
3162	00	0207	SC	R	7F	1
3162	75	5A4C	SB	W	4B	1
3162	75	5B3F	SC	W	03	1
3162	75	5B43	SC	W	83	1
3162	-	023C	SB	X	00	1
3162	75	589E	SB	R	00	1
3162	00	0207	SC	R	7F	1
3162	75	5A4C	SB	W	4B	1
3162	75	5B3F	SC	W	03	1
3162	75	5B43	SC	W	83	1
3162	-	023C	SB	X	91	1
3162	75	589E	SB	R	91	1
3162	00	0207	SC	R	7F	1
3162	75	5A4C	SB	W	80	1
3162	75	5B3F	SC	W	03	1
3162	75	5B43	SC	W	83	1
3162	-	023C	SB	X	88	1
3162	75	589E	SB	R	88	1
3162	00	0207	SC	R	7F	1
3162	75	5A4C	SB	W	11	1
3162	75	5B3F	SC	W	03	1
3162	75	5B43	SC	W	83	1
3162	-	023C	SB	X	00	1
3162	75	589E	SB	R	00	1
3162	00	0207	SC	R	7F	2560
3297	75	5F20	SC	R	7F	1
3297	00	0207	SC	R	7F	1
3297	75	5B32	SB	W	4B	1
3297	75	5B3F	SC	W	03	1
3297	75	5B43	SC	W	83	1
3297	-	023C	SB	X	D2	1
3297	75	56F6	SB	R	D2	1
3297	00	0207	SC	R	7F	157
3305	75	5F20	SC	R	7F	1
3305	00	0207	SC	R	7F	1
3305	75	5B32	SB	W	99	1
3305	75	5B3F	SC	W	03	1
3305	75	5B43	SC	W	83	1
3305	-	023C	SB	X	D2	1
3305	00	0207	SC	R	7F	1
3305	75	5B32	SB	W	66	1
3305	75	5B3F	SC	W	03	1
3305	75	5B43	SC	W	83	1
3305	-	023C	SB	X	D2	1
3305	00	0207	SC	R	7F	1
3305	75	5B32	SB	W	10	1
3305	75	5B3F	SC	W	03	1
3305	75	5B43	SC	W	83	1
3305	-	023C	SB	X	D2	1
3305	00	0207	SC	R	7F	1
3305	75	5B32	SB	W	00	1
3305	75	5B3F	SC	W	03	1
3305	75	5B43	SC	W	83	1
3305	-	023C	SB	X	D2	1
3305	00	0207	SC	R	7F	1
3305	75	5B32	SB	W	00	1
3305	75	5B3F	SC	W	03	1
3305	75	5B43	SC	W	83	1
3305	-	023C	SB	X	D2	1
3305	00	0207	SC	R	7F	1
3305	75	5B32	SB	W	08	1
3305	75	5B3F	SC	W	03	1
3305	75	5B43	SC	W	83	1
3305	-	023C	SB	X	D2	1
3305	00	0207	SC	R	7F	1
3305	75	5B32	SB	W	4E	1
3305	75	5B3F	SC	W	03	1
3305	75	5B43	SC	W	83	1
3305	-	023C	SB	X	D2	1
3305	00	0207	SC	R	7F	1
3305	75	5B32	SB	W	49	1
3305	75	5B3F	SC	W	03	1
3305	75	5B43	SC	W	83	1
3305	-	023C	SB	X	D2	1
3305	00	0207	SC	R	7F	1
3305	75	5B32	SB	W	4E	1
3305	75	5B3F	SC	W	03	1
3305	75	5B43	SC	W	83	1
3305	-	023C	SB	X	D2	1
3305	00	0207	SC	R	7F	1
3305	75	5B32	SB	W	54	1
3305	75	5B3F	SC	W	03	1
3305	75	5B43	SC	W	83	1
3305	-	023C	SB	X	D2	1
3305	00	0207	SC	R	7F	1
3305	75	5B32	SB	W	45	1
3305	75	5B3F	SC	W	03	1
3305	75	5B43	SC	W	83	1
3305	-	023C	SB	X	D2	1
3305	00	0207	SC	R	7F	1
3305	75	5B32	SB	W	4E	1
3305	75	5B3F	SC	W	03	1
3305	75	5B43	SC	W	83	1
3305	-	023C	SB	X	D2	1
3305	00	0207	SC	R	7F	1
3305	75	5B32	SB	W	44	1
3305	75	5B3F	SC	W	03	1
3305	75	5B43	SC	W	83	1
3305	-	023C	SB	X	D2	1
3305	00	0207	SC	R	7F	1
3305	75	5B32	SB	W	4F	1
3305	75	5B3F	SC	W	03	1
3305	75	5B43	SC	W	83	1
3305	-	023C	SB	X	D2	1
3305	00	0207	SC	R	7F	1
3305	75	5B32	SB	W	02	1
3305	75	5B3F	SC	W	03	1
3305	75	5B43	SC	W	83	1
3305	-	023C	SB	X	D2	1
3305	00	0207	SC	R	7F	1
3305	75	5B32	SB	W	77	1
3305	75	5B3F	SC	W	03	1
3305	75	5B43	SC	W	83	1
3305	-	023C	SB	X	D2	1
3305	00	0207	SC	R	7F	1
3305	75	5B32	SB	W	80	1
3305	75	5B3F	SC	W	03	1
3305	75	5B43	SC	W	83	1
3305	-	023C	SB	X	88	1
3305	75	56F6	SB	R	88	1
3305	00	0207	SC	R	7F	1
3305	75	5B32	SB	W	00	1
3305	75	5B3F	SC	W	03	1
3305	75	5B43	SC	W	83	1
3305	-	023C	SB	X	90	1
3305	75	56F6	SB	R	90	1
3306	00	0207	SC	R	7F	1
3306	75	5A4C	SB	W	4B	1
3306	75	5B3F	SC	W	03	1
3306	75	5B43	SC	W	83	1
3306	-	023C	SB	X	D2	1
3306	75	5811	SB	R	D2	1
3306	00	0207	SC	R	7F	1
3306	75	5A4C	SB	W	4B	1
3306	75	5B3F	SC	W	03	1
3306	75	5B43	SC	W	83	1
3306	-	023C	SB	X	D2	1
3306	75	5811	SB	R	D2	1
3306	00	0207	SC	R	7F	1
3306	75	5A4C	SB	W	4B	1
3306	75	5B3F	SC	W	03	1
3306	75	5B43	SC	W	83	1
3306	-	023C	SB	X	D2	1
3306	75	5811	SB	R	D2	1
3306	00	0207	SC	R	7F	1
3306	75	5A4C	SB	W	4B	1
3306	75	5B3F	SC	W	03	1
3306	75	5B43	SC	W	83	1
3306	-	023C	SB	X	D2	1
3306	75	5811	SB	R	D2	1
3306	00	0207	SC	R	7F	1
3306	75	5A4C	SB	W	4B	1
