# addr	name	size	type	status	evidence
# proposals of namer 6/8 (banks 57, 5C, 63, 65, 67); "replaces X" = existing config/ram row to rename; not merged into config/ram by the namer
C18A	wConnectDialogArgBank	1	byte	CONFIRMED	bank of the argument struct passed in D to 57:4000 (stored at 57:4015); read back at 57:40A4 (destination pointer), 425B and 446B (initial mode check); replaces wRam_C18A
C18B	wConnectDialogArgPtr	2	word	CONFIRMED	address (BC of 57:4000: lo C18B, hi C18C) of the argument struct [mode,-,-,dest bank,dest ptr,mail count]; stored at 57:4019/401D, read at 57:409C, 4253, 4463; replaces wRam_C18B/wRam_C18C
C1B2	wConnectDialogText	8	array	CONFIRMED	typed / stored connection password (ASCII, up to 8 chars, no terminator): written by 57:4299-42E0 (append) and 57:45AC (decoded from SRAM1:A88D), read by 57:5369 (validation) and 57:40C3 (copy to the caller); replaces wRam_C1B2
C1BA	wConnectDialogGlyphs	17	array	PROBABLE	2 glyph bytes (from 55:6CC6) per typed password char plus a 0 terminator (max 8*2+1 bytes, ends right before C1CB): written at 57:42EE and by the erase path 57:433F, consumed by 57:5444 (tile rendering of the password field); replaces wRam_C1BA
C1CB	wConnectDialogTextLen	1	byte	CONFIRMED	number of characters in wConnectDialogText (0-8): incremented at 57:4305, decremented by 57:433F, read by 57:5369, 510F/520D (field drawing), 527D (caret X = 8*len+$32), 459A/4590 (SRAM store/load); replaces wRam_C1CB
C0F7	wConnectDialogLowerWindowShown	1	byte	PROBABLE	1 while the lower window (WY=$38) of the connect dialog is shown: set at 57:5351, cleared at 57:5365, tested at 57:50BA and 57:5340/5355; only bank 57 uses it; replaces wRam_C0F7
C196	wCommErrCategory	1	byte	CONFIRMED	error category shown as the first two digits 'No.CC-DDD': stored by 5C:5150 from A, compared with the record ids at 5C:527D, digits drawn by 5C:53B3, tested against $40 and $F0; replaces wRam_C196
C197	wCommErrCodeHi	1	byte	CONFIRMED	first code byte d of the error screen (from H of 5C:5150), key d of the triple lists at 5C:5302-531C, digits drawn by 5C:53B3; replaces wRam_C197
C198	wCommErrCodeLo	1	byte	CONFIRMED	second code byte e of the error screen (from L of 5C:5150), key e of the triple lists, last two digits drawn by 5C:53B3; replaces wRam_C198
C272	wLastErrorCategory	1	byte	PROBABLE	last SDK/communication error category: API $00 result A (docs/research/mobile_trainer_serial.md), set to $40 (CGI answer, 67:5C8A) and $26 (5-minute timeout, 67:5D1A), tested for $32 (HTTP status) at 67:5D2F, passed to 5C:5150 by 68:4F8C (A=C272, H=C274, L=C273); replaces wRam_C272; independent proposals for the same address: g2:wMobileErrorCode, g7:wMobileErrorCode
C273	wLastErrorCodeLo	1	byte	PROBABLE	low code byte e paired with wLastErrorCategory: API $00 result L, BCD digits 3-4 of the CGI answer (67:5CA7) or HTTP status low part (67:5D3A: 1/2 = 301/302); passed as L to 5C:5150; replaces wRam_C273; independent proposals for the same address: g2:wMobileErrorDetail, g7:wMobileErrorInfo
C274	wLastErrorCodeHi	1	byte	PROBABLE	high code byte d: API $00 result H, BCD digits 1-2 of the CGI answer (67:5C9A) or the hundreds digit of the HTTP status (67:5D33 tests 3); passed as H to 5C:5150; replaces wRam_C274
C277	wRegistrationStage	1	byte	PROBABLE	copy of SRAM1:B010 xor $A5 restricted to 1-3 (else 0), set by 65:4123 and cleared at the wizard entries (65:409A, 40A6.., 40E7.., 40FA..); $02 selects the 'previous registration unfinished' page $17 in Registration_Run (65:427D); replaces wRam_C277; independent proposals for the same address: g7:wRegistrationProgress
C27A	wRegSavePasswordChoice	1	byte	PROBABLE	1 = save the password for the connect dialog: initialised to 1 at 65:41F2, set from the Yes/No result of 67:6536 at 65:4424 (and copied to SRAM1:B088 by 68:4B48), tested at 65:4655 before Registration_SavePassword; also read by 67:6565 as default cursor; replaces wRam_C27A; independent proposals for the same address: g7:wSavePasswordFlag
C28C	wHiddenModeFlag	1	byte	PROBABLE	0/1 hidden extended mode: set to 1 at 65:42BD/42DD when B+Select+Right are held on the registration wizard's first page ($16 & hJoyHeld, 65:42B3), cleared at 65:41E7, copied to SRAM1:B089 by 68:4B48 (65:42E3); selects the wizard variant with the phone-method page $0C (65:4455..); broader use (settings menu with 5 items) per g7 wHiddenModeFlag; replaces wRam_C28C
DE80	wTextEntryBuf	20	struct	CONFIRMED	TextBuf object in WRAM bank 3 used by the keypad/keyboard screens (TextBuf_Init(DE80,$11) at 67:4331/49B8): +0 capacity, +1 free slots, +2 char count, +3.. NUL-terminated text (DE83); layout from 67:6731-6842; replaces wRam_DE80; independent proposals for the same address: g7:wEditBuffer0
DEDD	wPhoneNumberInternet	17	string	PROBABLE	WRAM bank 3: 'internet' phone number entered by PhoneKeypad_Run(A=0), stored to config by 67:5664, mirrored from SRAM1:B08B (65:4531), shown by 67:52A7 and cleared by 67:41FE ($33 bytes from here); replaces wRam_DEDD; independent proposals for the same address: g7:wAcctNumberInternet
DEEE	wPhoneNumberSelfPage	17	string	PROBABLE	WRAM bank 3: 'self-page' phone number entered by PhoneKeypad_Run(A=1), stored to SRAM1 B014.. xor $A5 by 67:5664, mirrored from B09C (65:454A), shown by 67:52A7; also used as scratch for the login ID by 67:5B27 (PasswordChange_State_Connect, via 00:1586), so the name is only valid inside the phone-number flows; replaces wRam_DEEE; independent proposals for the same address: g7:wAcctNumberSelfPage
DEFF	wPhoneComment	17	string	PROBABLE	WRAM bank 3: comment (16 chars) typed by PhoneComment_KeyboardRun, copied into the config image by 67:5664, mirrored from SRAM1:B0AD (65:4563), shown by 67:52A7; replaces wRam_DEFF; independent proposals for the same address: g7:wAcctNumberComment
DF10	wPhoneSlotFields	153	array	PROBABLE	WRAM bank 3: fields of the 3 registered dial slots, $33 bytes per slot [internet number 17, self-page number 17, comment 17]: addresses DF10/DF43/DF76, DF21/DF54/DF87, DF32/DF65/DF98 listed in Table_67_50A5 and printed by 67:4F9C; replaces wRam_DF10; independent proposals for the same address: g7:wDialEntry0Number
A880	sSavedPasswordLen	1	byte	CONFIRMED	SRAM bank 1: length (0-8, 0 = none) of the saved connection password; written by 57:543A (SavedPassword_Store), cleared at 57:4767, 57:4795 and 65:464C, read at 57:41AB, 41EC and 459C; replaces sSram_A880
A88D	sSavedPasswordText	8	array	CONFIRMED	SRAM bank 1: the saved connection password, each char xor $5A (written by 57:5423.., decoded by 57:45A6); replaces sSram_A88D
BF02	sPhoneTopMenuCursor	1	byte	PROBABLE	SRAM bank 1: remembered cursor of the phone-number top choice menu (67:4631 with A=0 stores C27D here, 67:4688 restores it, 67:4156 clears it); replaces sSram_BF02
BF03	sPhoneSlotMenuCursor	1	byte	PROBABLE	SRAM bank 1: remembered cursor of the dial-slot menu (67:4C73 stores C27D, 67:4CCB restores it, 67:404D stores the default slot from 68:44D0, 67:418E clears it); replaces sSram_BF03
BF04	sPhoneMethodMenuCursor	1	byte	PROBABLE	SRAM bank 1: remembered cursor of the auto/manual input-method menu (67:4631 with A=1 stores C27D here, 67:4688 restores it, 67:41C6 clears it); replaces sSram_BF04
B010	sRegistrationStage	1	byte	PROBABLE	SRAM bank 1 (xor $A5 encoded): registration stage read by 65:4123 (values 1-3 kept, 2 = registration unfinished -> resume page) and classified by 68:4870 to choose the startup path; replaces sSram_B010; independent proposals for the same address: g7:sSettingsRegProgress
