# reg	addr	pc_bank	pc	value	count	first_frame	last_frame
# writes to selected hardware registers, aggregated by (reg, pc, value). value=* for palette data ports.
rTIMA	FF05	00	023C	B0	153387	44	19896
rTIMA	FF05	75	40FC	B0	10	44	19025
rTMA	FF06	75	40FA	B0	10	44	19025
rTAC	FF07	00	01F2	00	153387	44	19896
rTAC	FF07	00	0240	06	153387	44	19896
rTAC	FF07	00	0280	00	2	0	13118
rTAC	FF07	75	40DD	00	10	44	19025
rTAC	FF07	75	4110	02	10	44	19025
rTAC	FF07	75	4113	06	10	44	19025
rTAC	FF07	75	423C	00	4	44	18716
rTAC	FF07	75	433F	00	2	170	13288
rTAC	FF07	75	43DC	00	2	4503	19025
rTAC	FF07	75	45B3	00	2	4341	18863
rTAC	FF07	75	5694	00	14	169	19897
rLCDC	FF40	00	05BA	83	14	28	20038
rLCDC	FF40	00	05BA	87	6	332	14239
rLCDC	FF40	00	05BA	C3	4	10424	17350
rLCDC	FF40	00	05BA	E3	11	3464	19729
rLCDC	FF40	00	05BA	E7	4	4179	19732
rLCDC	FF40	00	05E0	03	1	11236	11236
rLCDC	FF40	00	05E0	43	1	10423	10423
rLCDC	FF40	00	05E0	63	7	4176	20034
rLCDC	FF40	00	05FB	11	2	0	13118
rLCDC	FF40	0E	4081	83	2	1112	14228
rLCDC	FF40	0E	421E	87	2	477	13595
rLCDC	FF40	0E	4358	87	2	328	13446
rLCDC	FF40	1D	402F	83	3	1764	14878
rLCDC	FF40	1F	4039	83	2	1112	14228
rLCDC	FF40	1F	41A9	87	2	1122	14238
rLCDC	FF40	1F	423D	83	2	1762	14876
rLCDC	FF40	27	44DD	E3	2	4631	19153
rLCDC	FF40	27	49AC	E3	2	10728	20033
rLCDC	FF40	27	4D3F	E7	4	4177	19729
rLCDC	FF40	29	4631	03	1	11236	11236
rLCDC	FF40	4F	4798	83	2	16	13134
rLCDC	FF40	4F	47A7	83	2	17	13135
rLCDC	FF40	51	4051	03	2	10729	20034
rLCDC	FF40	57	402F	E3	4	3454	18577
rLCDC	FF40	72	417F	E3	1	10276	10276
rLCDC	FF40	72	41A2	C3	1	10280	10280
rLCDC	FF40	72	4348	E3	3	2645	15747
rLCDC	FF40	72	436B	C3	3	2649	15751
rLCDC	FF40	72	4499	E3	1	10402	10402
rLCDC	FF40	72	44C2	C3	1	10406	10406
rLCDC	FF40	72	4525	E3	2	3296	16398
rLCDC	FF40	72	454E	C3	2	3300	16402
rLCDC	FF40	72	4815	C3	4	2638	15740
rSTAT	FF41	48	440D	08	15	1140	15606
rSTAT	FF41	48	44AC	80	7	2365	15705
rSTAT	FF41	48	44AC	82	1	2603	2603
rSTAT	FF41	48	44AC	83	7	1762	15573
rSTAT	FF41	7F	729F	44	18	2604	19179
rLYC	FF45	00	0EA6	0B	806	2605	19706
rLYC	FF45	00	0EA6	15	3699	2638	17959
rLYC	FF45	00	0EBB	00	10143	2605	19710
rLYC	FF45	2D	5075	0B	12	4633	19159
rLYC	FF45	48	4411	80	15	1140	15606
rLYC	FF45	7F	72A2	00	18	2604	19179
rDMA	FF46	HRAM	FF82	C0	21070	17	21128
rKEY1	FF4D	00	060E	01	2	0	13118
rVBK	FF4F	00	02B0	01	2	0	13118
rVBK	FF4F	00	02D4	00	2	5	13123
rVBK	FF4F	00	06B4	00	4	16	13135
rVBK	FF4F	00	0761	00	316	26	20036
rVBK	FF4F	00	0761	01	316	27	20037
rVBK	FF4F	00	079F	00	444	23	19728
rVBK	FF4F	00	079F	01	88	24	20035
rVBK	FF4F	22	43CA	02	2	16541	17211
rVBK	FF4F	22	4452	02	2	2616	15718
rVBK	FF4F	22	466B	02	2	16609	17342
rVBK	FF4F	22	4685	02	2	16610	17343
rVBK	FF4F	22	469F	02	2	16611	17344
rVBK	FF4F	22	46B9	02	2	16612	17345
rVBK	FF4F	22	48A9	00	6	2618	17346
rVBK	FF4F	23	43C9	02	1	12265	12265
rVBK	FF4F	23	4798	00	1	12267	12267
rVBK	FF4F	23	5893	00	3	19277	19482
rVBK	FF4F	23	6EEA	00	2	19180	19588
rVBK	FF4F	23	6F05	00	591	19161	19711
rVBK	FF4F	26	58E4	00	54	4660	19209
rVBK	FF4F	29	4FE1	00	1	11236	11236
rVBK	FF4F	2D	5020	00	3	4633	19155
rVBK	FF4F	2E	4FC7	00	10	4854	9370
rVBK	FF4F	2E	5054	00	5	4858	9365
rVBK	FF4F	2E	5356	00	11	4846	10263
rVBK	FF4F	2E	5482	00	6	4658	10261
rVBK	FF4F	2E	54A9	02	14	4867	10253
rVBK	FF4F	2E	54C5	00	14	4868	10253
rVBK	FF4F	2E	55FF	00	5484	4639	10268
rVBK	FF4F	2E	5621	00	7	4856	10406
rVBK	FF4F	4F	4744	01	2	8	13126
rVBK	FF4F	4F	4768	00	2	14	13132
rHDMA1	FF51	00	074F	D0	309	26	20036
rHDMA1	FF51	00	074F	D1	7	2643	16396
rHDMA1	FF51	00	074F	D4	309	27	20037
rHDMA1	FF51	00	074F	D5	7	2644	16397
rHDMA1	FF51	00	078D	43	2	477	13595
rHDMA1	FF51	00	078D	47	2	478	13596
rHDMA1	FF51	00	078D	48	4	2638	15740
rHDMA1	FF51	00	078D	49	4	479	14228
rHDMA1	FF51	00	078D	4B	2	480	13598
rHDMA1	FF51	00	078D	4D	7	1113	20034
rHDMA1	FF51	00	078D	4E	3	1765	14879
rHDMA1	FF51	00	078D	4F	2	481	13599
rHDMA1	FF51	00	078D	50	5	4176	19728
rHDMA1	FF51	00	078D	51	4	1114	20035
rHDMA1	FF51	00	078D	52	5	1766	17976
rHDMA1	FF51	00	078D	53	2	482	13600
rHDMA1	FF51	00	078D	54	6	4176	19728
rHDMA1	FF51	00	078D	55	2	1115	14231
rHDMA1	FF51	00	078D	56	6	1767	17977
rHDMA1	FF51	00	078D	57	2	483	13601
rHDMA1	FF51	00	078D	58	6	4176	19728
rHDMA1	FF51	00	078D	59	2	1116	14232
rHDMA1	FF51	00	078D	5A	5	1768	14882
rHDMA1	FF51	00	078D	5B	4	1117	17338
rHDMA1	FF51	00	078D	5C	4	4176	19728
rHDMA1	FF51	00	078D	5E	8	1769	19728
rHDMA1	FF51	00	078D	5F	8	23	17204
rHDMA1	FF51	00	078D	60	5	24	13446
rHDMA1	FF51	00	078D	61	4	2610	17205
rHDMA1	FF51	00	078D	62	4	4176	19728
rHDMA1	FF51	00	078D	64	7	25	18577
rHDMA1	FF51	00	078D	65	5	2611	17206
rHDMA1	FF51	00	078D	66	6	4176	19728
rHDMA1	FF51	00	078D	67	6	2612	18578
rHDMA1	FF51	00	078D	68	4	4176	19728
rHDMA1	FF51	00	078D	6A	2	4057	18579
rHDMA1	FF51	00	078D	6C	4	4176	19728
rHDMA1	FF51	00	078D	6F	2	11236	19161
rHDMA1	FF51	00	078D	73	2	11236	19161
rHDMA1	FF51	00	078D	74	2	11236	19161
rHDMA1	FF51	00	078D	75	4	3461	18587
rHDMA1	FF51	00	078D	D0	93	1120	18605
rHDMA1	FF51	00	078D	D1	59	1331	15259
rHDMA1	FF51	00	078D	D2	61	1519	15463
rHDMA1	FF51	00	078D	D4	40	1141	18606
rHDMA1	FF51	00	078D	D5	59	1332	15260
rHDMA1	FF51	00	078D	D6	61	1520	15464
rHDMA1	FF51	00	078D	DC	7	2641	15744
rHDMA1	FF51	25	538B	D0	7	2618	17346
rHDMA1	FF51	25	538B	D4	7	2619	17347
rHDMA1	FF51	2D	5055	D0	3	4633	19155
rHDMA1	FF51	2D	5055	D4	3	4634	19156
rHDMA1	FF51	2D	5055	D8	3	4635	19157
rHDMA1	FF51	2D	5055	DC	3	4637	19159
rHDMA1	FF51	2E	4FE6	D0	10	4854	9370
rHDMA1	FF51	2E	4FE6	D4	10	4855	9371
rHDMA1	FF51	2E	54D0	D8	14	4868	10253
rHDMA1	FF51	7F	72C3	D0	23	4658	19588
rHDMA1	FF51	7F	72C3	D4	11	4847	10265
rHDMA1	FF51	7F	72C3	D8	11	4853	10267
rHDMA2	FF52	00	0752	00	618	26	20037
rHDMA2	FF52	00	0752	40	10	2643	16397
rHDMA2	FF52	00	0752	80	4	10274	10401
rHDMA2	FF52	00	0790	00	112	1120	18586
rHDMA2	FF52	00	0790	10	18	1536	15294
rHDMA2	FF52	00	0790	20	22	1553	17204
rHDMA2	FF52	00	0790	30	22	1570	15328
rHDMA2	FF52	00	0790	40	12	1587	15345
rHDMA2	FF52	00	0790	50	32	1331	17338
rHDMA2	FF52	00	0790	60	60	1348	19728
rHDMA2	FF52	00	0790	70	22	1365	15396
rHDMA2	FF52	00	0790	80	36	23	18606
rHDMA2	FF52	00	0790	90	22	1399	15430
rHDMA2	FF52	00	0790	A0	40	328	15447
rHDMA2	FF52	00	0790	B0	37	1434	20035
rHDMA2	FF52	00	0790	C0	48	477	18587
rHDMA2	FF52	00	0790	D0	12	1468	15226
rHDMA2	FF52	00	0790	E0	25	1485	19182
rHDMA2	FF52	00	0790	F0	12	1502	15260
rHDMA2	FF52	25	538E	00	14	2618	17347
rHDMA2	FF52	2D	5058	00	12	4633	19159
rHDMA2	FF52	2E	4FE9	00	20	4854	9371
rHDMA2	FF52	2E	54D3	00	14	4868	10253
rHDMA2	FF52	7F	72C6	00	45	4658	19588
rHDMA3	FF53	00	0755	98	598	26	20037
rHDMA3	FF53	00	0755	9C	34	2643	19899
rHDMA3	FF53	00	0793	80	31	23	19728
rHDMA3	FF53	00	0793	84	10	1113	19728
rHDMA3	FF53	00	0793	88	25	478	19728
rHDMA3	FF53	00	0793	8A	1	4639	4639
rHDMA3	FF53	00	0793	8C	20	481	19728
rHDMA3	FF53	00	0793	8E	1	4639	4639
rHDMA3	FF53	00	0793	90	41	24	20034
rHDMA3	FF53	00	0793	91	2	4056	18578
rHDMA3	FF53	00	0793	93	7	2609	17336
rHDMA3	FF53	00	0793	94	147	25	20035
rHDMA3	FF53	00	0793	95	65	1331	15242
rHDMA3	FF53	00	0793	96	107	1139	15704
rHDMA3	FF53	00	0793	97	67	1332	17337
rHDMA3	FF53	00	0793	98	8	4058	18606
rHDMA3	FF53	25	5391	90	7	2618	17346
rHDMA3	FF53	25	5391	94	7	2619	17347
rHDMA3	FF53	2D	505B	88	3	4635	19157
rHDMA3	FF53	2D	505B	8C	3	4637	19159
rHDMA3	FF53	2D	505B	90	3	4633	19155
rHDMA3	FF53	2D	505B	94	3	4634	19156
rHDMA3	FF53	2E	4FEC	90	10	4854	9370
rHDMA3	FF53	2E	4FEC	94	10	4855	9371
rHDMA3	FF53	2E	54D6	88	14	4868	10253
rHDMA3	FF53	7F	72C9	88	11	4853	10267
rHDMA3	FF53	7F	72C9	90	23	4658	19588
rHDMA3	FF53	7F	72C9	94	11	4847	10265
rHDMA4	FF54	00	075A	00	632	26	20037
rHDMA4	FF54	00	0798	00	260	23	20035
rHDMA4	FF54	00	0798	10	12	1519	15277
rHDMA4	FF54	00	0798	20	12	1536	15294
rHDMA4	FF54	00	0798	30	12	1553	15311
rHDMA4	FF54	00	0798	40	12	1570	15328
rHDMA4	FF54	00	0798	50	12	1587	15345
rHDMA4	FF54	00	0798	60	22	1331	15362
rHDMA4	FF54	00	0798	70	22	1348	15379
rHDMA4	FF54	00	0798	80	32	1365	18606
rHDMA4	FF54	00	0798	90	22	1382	15413
rHDMA4	FF54	00	0798	A0	22	1399	15430
rHDMA4	FF54	00	0798	B0	22	1416	15447
rHDMA4	FF54	00	0798	C0	22	1434	15464
rHDMA4	FF54	00	0798	D0	18	1451	15209
rHDMA4	FF54	00	0798	E0	18	1468	15226
rHDMA4	FF54	00	0798	F0	12	1485	15243
rHDMA4	FF54	25	5394	00	14	2618	17347
rHDMA4	FF54	2D	505E	00	12	4633	19159
rHDMA4	FF54	2E	4FEF	00	20	4854	9371
rHDMA4	FF54	2E	54D9	00	14	4868	10253
rHDMA4	FF54	7F	72CC	00	45	4658	19588
rHDMA5	FF55	00	0774	11	4	10275	10401
rHDMA5	FF55	00	0774	15	10	2644	16397
rHDMA5	FF55	00	0774	23	618	27	20037
rHDMA5	FF55	00	07B2	00	277	1332	19183
rHDMA5	FF55	00	07B2	02	1	11236	11236
rHDMA5	FF55	00	07B2	03	8	4059	18607
rHDMA5	FF55	00	07B2	07	6	2613	17339
rHDMA5	FF55	00	07B2	0F	3	24	19161
rHDMA5	FF55	00	07B2	11	1	4639	4639
rHDMA5	FF55	00	07B2	13	30	1141	15608
rHDMA5	FF55	00	07B2	15	2	4639	19161
rHDMA5	FF55	00	07B2	18	3	1765	14879
rHDMA5	FF55	00	07B2	1F	61	1117	19728
rHDMA5	FF55	00	07B2	22	4	2609	17204
rHDMA5	FF55	00	07B2	28	4	2612	17207
rHDMA5	FF55	00	07B2	29	2	16604	17338
rHDMA5	FF55	00	07B2	2F	4	1119	18579
rHDMA5	FF55	00	07B2	3F	126	25	20036
rHDMA5	FF55	25	53A7	3F	14	2619	17348
rHDMA5	FF55	2D	5088	3F	12	4634	19160
rHDMA5	FF55	2E	5002	3F	20	4855	9372
rHDMA5	FF55	2E	54ED	27	14	4869	10255
rHDMA5	FF55	7F	72DF	17	6	4659	10262
rHDMA5	FF55	7F	72DF	1F	1	11237	11237
rHDMA5	FF55	7F	72DF	27	16	4854	19591
rHDMA5	FF55	7F	72DF	3F	22	4847	10267
rBCPS	FF68	00	0333	80	4	16	13135
rBCPS	FF68	4F	4065	80	618	29	20053
rBCPD	FF69	00	034D	*	256	16	13135
rBCPD	FF69	4F	4070	*	4944	29	20053
rBCPD	FF69	4F	4072	*	4944	29	20053
rBCPD	FF69	4F	4074	*	4944	29	20053
rBCPD	FF69	4F	4076	*	4944	29	20053
rBCPD	FF69	4F	4078	*	4944	29	20053
rBCPD	FF69	4F	407A	*	4944	29	20053
rBCPD	FF69	4F	407C	*	4944	29	20053
rBCPD	FF69	4F	407E	*	4944	29	20053
rOCPS	FF6A	00	033F	80	4	16	13135
rOCPS	FF6A	4F	406B	80	618	29	20053
rOCPD	FF6B	00	034D	*	256	16	13135
rOCPD	FF6B	4F	4070	*	4944	29	20053
rOCPD	FF6B	4F	4072	*	4944	29	20053
rOCPD	FF6B	4F	4074	*	4944	29	20053
rOCPD	FF6B	4F	4076	*	4944	29	20053
rOCPD	FF6B	4F	4078	*	4944	29	20053
rOCPD	FF6B	4F	407A	*	4944	29	20053
rOCPD	FF6B	4F	407C	*	4944	29	20053
rOCPD	FF6B	4F	407E	*	4944	29	20053
rSVBK	FF70	00	02C1	02	2	1	13119
rSVBK	FF70	00	02C1	03	2	2	13120
rSVBK	FF70	00	02C1	04	2	2	13120
rSVBK	FF70	00	02C1	05	2	3	13121
rSVBK	FF70	00	02C1	06	2	4	13122
rSVBK	FF70	00	02C1	07	2	4	13122
rSVBK	FF70	00	02D2	00	2	5	13123
rSVBK	FF70	00	0305	01	2	8	13126
rSVBK	FF70	00	030B	00	2	8	13126
rSVBK	FF70	00	03AD	01	19860	0	21128
rSVBK	FF70	00	03B3	01	7710	17	19712
rSVBK	FF70	00	03B3	02	374	1121	18587
rSVBK	FF70	00	03B3	05	1	8439	8439
rSVBK	FF70	00	03B3	07	9343	27	21128
rSVBK	FF70	00	03B3	0C	2	0	13118
rSVBK	FF70	00	03B3	F9	2271	2611	19183
rSVBK	FF70	00	03B3	FA	5	2621	17349
rSVBK	FF70	00	03B3	FB	3	4639	19161
rSVBK	FF70	00	03B3	FD	1	9355	9355
rSVBK	FF70	00	03B3	FF	150	2609	19184
rSVBK	FF70	00	062E	02	2856	1140	19588
rSVBK	FF70	00	062E	07	352	2640	15744
rSVBK	FF70	00	0649	07	207	26	20036
rSVBK	FF70	00	06A3	01	4	16	13135
rSVBK	FF70	00	07D0	07	13	330	20036
rSVBK	FF70	00	0831	07	275	26	19728
rSVBK	FF70	00	0860	07	11	16540	19657
rSVBK	FF70	00	088C	07	10	4176	19898
rSVBK	FF70	00	096D	07	19093	43	21128
rSVBK	FF70	00	09AD	01	5613	2605	19727
rSVBK	FF70	00	09AD	07	9564	43	21128
rSVBK	FF70	00	09AD	F9	3831	2645	19591
rSVBK	FF70	00	09AD	FA	38	16545	16581
rSVBK	FF70	00	09AD	FF	47	4716	19658
rSVBK	FF70	00	09C7	07	35	23	20034
rSVBK	FF70	00	09DE	01	20	23	19727
rSVBK	FF70	00	09DE	07	13	328	20034
rSVBK	FF70	00	09DE	F9	1	10268	10268
rSVBK	FF70	00	09DE	FF	1	10422	10422
rSVBK	FF70	00	09F3	07	4	3300	16402
rSVBK	FF70	00	0A02	07	1	10272	10272
rSVBK	FF70	00	0A02	F9	3	3300	16402
rSVBK	FF70	00	0A52	07	7	2640	16397
rSVBK	FF70	00	0A60	07	4	2640	15742
rSVBK	FF70	00	0A60	F9	3	3295	16397
rSVBK	FF70	00	0A71	07	92	26	19898
rSVBK	FF70	00	0A7C	01	24	4194	19179
rSVBK	FF70	00	0A7C	07	47	26	19898
rSVBK	FF70	00	0A7C	F9	9	4659	19591
rSVBK	FF70	00	0A7C	FA	5	2620	17342
rSVBK	FF70	00	0A7C	FF	7	6556	10261
rSVBK	FF70	00	0A96	07	77	26	19749
rSVBK	FF70	00	0AB3	01	20	4194	19179
rSVBK	FF70	00	0AB3	07	42	26	19749
rSVBK	FF70	00	0AB3	F9	4	4659	19591
rSVBK	FF70	00	0AB3	FA	5	2620	17342
rSVBK	FF70	00	0AB3	FF	6	6556	10261
rSVBK	FF70	00	0B58	07	2122	2645	16400
rSVBK	FF70	00	0EA1	01	4505	2605	19706
rSVBK	FF70	00	0EAB	F9	2562	2609	19706
rSVBK	FF70	00	0EAB	FA	154	2606	19590
rSVBK	FF70	00	0EAB	FB	3	2607	15709
rSVBK	FF70	00	0EAB	FD	22	4712	19507
rSVBK	FF70	00	0EAB	FF	1764	2605	19657
rSVBK	FF70	00	0EC1	01	10143	2605	19710
rSVBK	FF70	00	0ECF	F9	7789	2609	19710
rSVBK	FF70	00	0ECF	FA	209	2606	19590
rSVBK	FF70	00	0ECF	FB	6	2607	17334
rSVBK	FF70	00	0ECF	FD	21	4712	19507
rSVBK	FF70	00	0ECF	FF	2118	2605	19658
rSVBK	FF70	00	1631	01	26	3454	19482
rSVBK	FF70	00	1639	01	8	3454	17976
rSVBK	FF70	00	1639	07	6	4175	18697
rSVBK	FF70	00	1639	F9	12	11236	19482
rSVBK	FF70	0E	40B0	01	2	363	13481
rSVBK	FF70	0E	40B9	07	2	363	13481
rSVBK	FF70	0E	4161	01	2	501	13619
rSVBK	FF70	0E	416A	07	2	501	13619
rSVBK	FF70	0E	41EB	01	2	1094	14210
rSVBK	FF70	0E	41F4	07	2	1094	14210
rSVBK	FF70	1D	411B	02	3	1771	14885
rSVBK	FF70	1D	413E	07	3	1772	14886
rSVBK	FF70	1D	417D	01	3	1794	14908
rSVBK	FF70	1D	4186	07	3	1794	14908
rSVBK	FF70	1D	41C2	01	3	2572	15674
rSVBK	FF70	1D	41CB	07	3	2572	15674
rSVBK	FF70	1D	427F	01	10	2363	15603
rSVBK	FF70	1D	4288	07	10	2363	15603
rSVBK	FF70	1F	4173	02	2	1120	14236
rSVBK	FF70	1F	4196	07	2	1121	14237
rSVBK	FF70	1F	41C6	01	2	1142	14258
rSVBK	FF70	1F	41CF	07	2	1142	14258
rSVBK	FF70	1F	4222	01	2	1728	14842
rSVBK	FF70	1F	422B	07	2	1728	14842
rSVBK	FF70	22	400B	01	2	2604	15706
rSVBK	FF70	22	401A	FF	2	2604	15706
rSVBK	FF70	22	4036	01	2	2637	15739
rSVBK	FF70	22	403F	F9	2	2637	15739
rSVBK	FF70	22	4052	01	2	3300	16402
rSVBK	FF70	22	405C	F9	2	3300	16402
rSVBK	FF70	22	4094	01	3	3438	17316
rSVBK	FF70	22	409D	F9	2	3438	17316
rSVBK	FF70	22	409D	FA	1	16582	16582
rSVBK	FF70	22	40BC	01	1	17200	17200
rSVBK	FF70	22	40CB	F9	1	17200	17200
rSVBK	FF70	22	40DA	01	1	17200	17200
rSVBK	FF70	22	40E3	01	1	17200	17200
rSVBK	FF70	22	412E	01	1	16540	16540
rSVBK	FF70	22	4137	F9	1	16540	16540
rSVBK	FF70	22	42DF	02	3	2615	17210
rSVBK	FF70	22	4397	01	3	2637	17234
rSVBK	FF70	22	43A6	F9	1	17234	17234
rSVBK	FF70	22	43A6	FA	2	2637	15739
rSVBK	FF70	22	43B6	01	3	2637	17234
rSVBK	FF70	22	43BF	01	3	2637	17234
rSVBK	FF70	22	458A	01	2	16598	17332
rSVBK	FF70	22	4599	F9	1	17332	17332
rSVBK	FF70	22	4599	FA	1	16598	16598
rSVBK	FF70	22	463E	02	2	16608	17341
rSVBK	FF70	22	46DB	01	2	16615	17348
rSVBK	FF70	22	46E4	FA	2	16615	17348
rSVBK	FF70	22	46FF	01	2	16632	17365
rSVBK	FF70	22	470E	FA	2	16632	17365
rSVBK	FF70	22	4737	01	2	17184	17960
rSVBK	FF70	22	4740	F9	2	17184	17960
rSVBK	FF70	22	47A3	01	1	17918	17918
rSVBK	FF70	22	47AC	F9	1	17918	17918
rSVBK	FF70	22	48A6	02	6	2618	17346
rSVBK	FF70	22	48CA	FA	6	2620	17348
rSVBK	FF70	22	4B3B	01	1	17976	17976
rSVBK	FF70	22	4B5D	01	1	18697	18697
rSVBK	FF70	22	4DC8	01	1	3454	3454
rSVBK	FF70	22	4DE9	01	1	4175	4175
rSVBK	FF70	23	400B	01	1	12252	12252
rSVBK	FF70	23	401A	FF	1	12252	12252
rSVBK	FF70	23	4036	01	1	12286	12286
rSVBK	FF70	23	403F	F9	1	12286	12286
rSVBK	FF70	23	428E	02	1	12264	12264
rSVBK	FF70	23	430E	01	1	12286	12286
rSVBK	FF70	23	431D	FA	1	12286	12286
rSVBK	FF70	23	432D	01	1	12286	12286
rSVBK	FF70	23	4336	01	1	12286	12286
rSVBK	FF70	23	4795	02	1	12267	12267
rSVBK	FF70	23	47B9	FA	1	12269	12269
rSVBK	FF70	23	4C9C	01	1	19153	19153
rSVBK	FF70	23	4CAB	FF	1	19153	19153
rSVBK	FF70	23	4CBB	01	1	19179	19179
rSVBK	FF70	23	4DFF	01	1	19276	19276
rSVBK	FF70	23	4E10	01	1	19276	19276
rSVBK	FF70	23	4E22	01	1	19276	19276
rSVBK	FF70	23	4E34	01	1	19276	19276
rSVBK	FF70	23	4E43	01	1	19276	19276
rSVBK	FF70	23	4F29	01	3	19278	19483
rSVBK	FF70	23	5044	01	3	19375	19587
rSVBK	FF70	23	5676	01	1	19179	19179
rSVBK	FF70	23	5685	FF	1	19179	19179
rSVBK	FF70	23	5694	01	1	19179	19179
rSVBK	FF70	23	569D	01	1	19179	19179
rSVBK	FF70	23	56AB	01	3	19277	19482
rSVBK	FF70	23	56F6	01	3	19277	19482
rSVBK	FF70	23	5890	02	3	19277	19482
rSVBK	FF70	23	58A6	F9	3	19278	19483
rSVBK	FF70	23	6EE7	02	2	19180	19588
rSVBK	FF70	23	6EFD	F9	2	19181	19591
rSVBK	FF70	23	6F0B	07	591	19161	19711
rSVBK	FF70	23	6F15	01	591	19161	19711
rSVBK	FF70	23	6F9C	07	10	19161	19657
rSVBK	FF70	23	6FBD	07	10	19161	19657
rSVBK	FF70	26	58ED	07	54	4660	19209
rSVBK	FF70	26	58F7	01	54	4660	19209
rSVBK	FF70	26	5902	F9	52	4662	19209
rSVBK	FF70	26	597B	07	2	4661	19183
rSVBK	FF70	26	599C	07	2	4661	19183
rSVBK	FF70	27	420B	01	2	4194	18716
rSVBK	FF70	27	4214	07	2	4194	18716
rSVBK	FF70	27	421B	01	2	4194	18716
rSVBK	FF70	27	4309	07	206	4194	18818
rSVBK	FF70	27	435D	01	410	4298	19024
rSVBK	FF70	27	4363	07	410	4298	19024
rSVBK	FF70	27	43CF	01	68	4503	19058
rSVBK	FF70	27	43D5	07	68	4503	19058
rSVBK	FF70	27	440B	01	2	4536	19058
rSVBK	FF70	27	4414	07	2	4536	19058
rSVBK	FF70	27	4462	01	60	4538	19089
rSVBK	FF70	27	4468	07	60	4538	19089
rSVBK	FF70	27	447E	01	2	4567	19089
rSVBK	FF70	27	4487	07	2	4567	19089
rSVBK	FF70	27	4495	07	96	4567	19136
rSVBK	FF70	27	44BD	01	96	4568	19137
rSVBK	FF70	27	44C3	07	96	4568	19137
rSVBK	FF70	27	4790	01	2	10442	19747
rSVBK	FF70	27	4799	07	2	10442	19747
rSVBK	FF70	27	487E	07	2	10444	19749
rSVBK	FF70	27	48BC	01	296	10445	19897
rSVBK	FF70	27	48C2	07	296	10445	19897
rSVBK	FF70	27	490D	01	2	10593	19898
rSVBK	FF70	27	4913	07	2	10593	19898
rSVBK	FF70	27	492F	01	2	10593	19898
rSVBK	FF70	27	4938	07	2	10593	19898
rSVBK	FF70	27	4962	07	238	10594	20017
rSVBK	FF70	27	4988	01	238	10595	20018
rSVBK	FF70	27	498E	07	238	10595	20018
rSVBK	FF70	29	44FE	01	1	11230	11230
rSVBK	FF70	29	450D	FF	1	11230	11230
rSVBK	FF70	29	4539	01	1	11314	11314
rSVBK	FF70	29	4542	F9	1	11314	11314
rSVBK	FF70	29	45F5	01	1	11330	11330
rSVBK	FF70	29	4708	01	1	11237	11237
rSVBK	FF70	29	4711	F9	1	11237	11237
rSVBK	FF70	29	472C	01	1	11254	11254
rSVBK	FF70	29	473B	F9	1	11254	11254
rSVBK	FF70	29	4D29	01	1	11236	11236
rSVBK	FF70	29	4D92	01	1	11236	11236
rSVBK	FF70	29	4DCD	01	1	11236	11236
rSVBK	FF70	29	4E00	01	1	11236	11236
rSVBK	FF70	29	4E5B	01	3	11236	11236
rSVBK	FF70	29	4FDE	02	1	11236	11236
rSVBK	FF70	29	4FF4	F9	1	11237	11237
rSVBK	FF70	2D	4E0A	02	9	2605	19153
rSVBK	FF70	2D	4E1D	03	9	2606	19155
rSVBK	FF70	2D	501D	02	3	4633	19155
rSVBK	FF70	2D	5051	FB	3	4638	19160
rSVBK	FF70	2D	5070	01	12	4633	19159
rSVBK	FF70	2D	507A	FA	12	4633	19159
rSVBK	FF70	2E	4008	01	1	4631	4631
rSVBK	FF70	2E	4017	FF	1	4631	4631
rSVBK	FF70	2E	4027	01	1	4657	4657
rSVBK	FF70	2E	4183	01	1	4814	4814
rSVBK	FF70	2E	4194	01	1	4814	4814
rSVBK	FF70	2E	41A6	01	1	4814	4814
rSVBK	FF70	2E	41B3	01	1	4814	4814
rSVBK	FF70	2E	41C5	01	1	4814	4814
rSVBK	FF70	2E	41D4	01	1	4814	4814
rSVBK	FF70	2E	42B5	01	5	4814	9327
rSVBK	FF70	2E	42E7	01	5	4815	9327
rSVBK	FF70	2E	4376	01	5	4844	9356
rSVBK	FF70	2E	43B9	01	5	4844	9356
rSVBK	FF70	2E	43DC	01	5	4866	9372
rSVBK	FF70	2E	440E	01	5	4867	9373
rSVBK	FF70	2E	4503	01	3	7449	10219
rSVBK	FF70	2E	450C	01	3	7449	10219
rSVBK	FF70	2E	459C	01	5	6549	10255
rSVBK	FF70	2E	45A5	F9	5	6549	10255
rSVBK	FF70	2E	46C7	01	2	6557	8391
rSVBK	FF70	2E	46D7	01	2	6557	8391
rSVBK	FF70	2E	4783	01	5	6578	10262
rSVBK	FF70	2E	4799	01	5	6578	10262
rSVBK	FF70	2E	47E1	01	1	10268	10268
rSVBK	FF70	2E	482D	01	1	10269	10269
rSVBK	FF70	2E	4836	FF	1	10269	10269
rSVBK	FF70	2E	486C	01	1	10407	10407
rSVBK	FF70	2E	4876	FF	1	10407	10407
rSVBK	FF70	2E	4C1C	01	1	4640	4640
rSVBK	FF70	2E	4C25	FF	1	4640	4640
rSVBK	FF70	2E	4C3F	01	1	4657	4657
rSVBK	FF70	2E	4C4E	FF	1	4657	4657
rSVBK	FF70	2E	4DD5	02	4	4854	9361
rSVBK	FF70	2E	4E0C	02	1	7533	7533
rSVBK	FF70	2E	4EC1	01	5	4859	9366
rSVBK	FF70	2E	4ED8	01	5	4859	9366
rSVBK	FF70	2E	4EEF	01	5	4861	9367
rSVBK	FF70	2E	4F0D	01	114	4859	9370
rSVBK	FF70	2E	4FC4	02	10	4854	9370
rSVBK	FF70	2E	4FE2	F9	4	4866	8463
rSVBK	FF70	2E	4FE2	FA	6	4856	9372
rSVBK	FF70	2E	500A	01	5	4858	9365
rSVBK	FF70	2E	5016	01	5	4858	9365
rSVBK	FF70	2E	501F	01	30	4858	9365
rSVBK	FF70	2E	502E	01	30	4858	9365
rSVBK	FF70	2E	5038	01	30	4858	9365
rSVBK	FF70	2E	5045	01	30	4858	9365
rSVBK	FF70	2E	508A	07	5	4859	9366
rSVBK	FF70	2E	5092	01	5	4859	9366
rSVBK	FF70	2E	50A0	01	5	4859	9366
rSVBK	FF70	2E	50A9	07	5	4859	9366
rSVBK	FF70	2E	50B3	01	5	4859	9366
rSVBK	FF70	2E	50BC	07	5	4859	9366
rSVBK	FF70	2E	50C6	01	5	4859	9366
rSVBK	FF70	2E	50CF	07	5	4859	9366
rSVBK	FF70	2E	50D9	01	5	4859	9366
rSVBK	FF70	2E	50E2	07	5	4859	9366
rSVBK	FF70	2E	50ED	01	5	4859	9366
rSVBK	FF70	2E	50F6	07	5	4859	9366
rSVBK	FF70	2E	5100	01	5	4859	9366
rSVBK	FF70	2E	5109	07	5	4859	9366
rSVBK	FF70	2E	5114	01	5	4859	9366
rSVBK	FF70	2E	511D	07	5	4859	9366
rSVBK	FF70	2E	5127	01	5	4859	9366
rSVBK	FF70	2E	5130	07	5	4859	9366
rSVBK	FF70	2E	513B	01	5	4859	9366
rSVBK	FF70	2E	5144	07	5	4859	9366
rSVBK	FF70	2E	514E	01	5	4859	9366
rSVBK	FF70	2E	5157	07	5	4859	9366
rSVBK	FF70	2E	5162	01	5	4859	9366
rSVBK	FF70	2E	516B	07	5	4859	9366
rSVBK	FF70	2E	5175	01	5	4859	9366
rSVBK	FF70	2E	517E	07	5	4859	9366
rSVBK	FF70	2E	518A	07	10	4815	9372
rSVBK	FF70	2E	52E0	07	10	4815	9372
rSVBK	FF70	2E	5346	02	11	4844	10262
rSVBK	FF70	2E	5385	F9	11	4854	10268
rSVBK	FF70	2E	547F	02	6	4658	10261
rSVBK	FF70	2E	5495	F9	1	4659	4659
rSVBK	FF70	2E	5495	FF	5	6557	10262
rSVBK	FF70	2E	54C2	02	14	4868	10253
rSVBK	FF70	2E	54F3	F9	13	4869	10255
rSVBK	FF70	2E	54F3	FF	1	7549	7549
rSVBK	FF70	2E	5605	07	5484	4639	10268
rSVBK	FF70	2E	560F	01	5484	4639	10268
rSVBK	FF70	2E	5627	07	7	4856	10406
rSVBK	FF70	2E	5631	01	7	4856	10406
rSVBK	FF70	2E	5696	07	102	4639	10406
rSVBK	FF70	2E	56B7	07	102	4639	10406
rSVBK	FF70	48	4288	02	137	1331	15463
rSVBK	FF70	48	42B6	07	137	1333	15465
rSVBK	FF70	48	42E6	02	15	1138	15603
rSVBK	FF70	48	4405	07	15	1142	15608
rSVBK	FF70	48	446B	02	20	1138	15703
rSVBK	FF70	48	44DB	02	15	1140	15605
rSVBK	FF70	48	44DB	07	5	1762	15705
rSVBK	FF70	48	466B	01	10	4175	18697
rSVBK	FF70	48	4674	07	10	4175	18697
rSVBK	FF70	48	4693	07	13	1120	18605
rSVBK	FF70	48	46C1	07	13	1120	18605
rSVBK	FF70	48	46D1	07	5	1728	15674
rSVBK	FF70	48	4723	07	5	1760	15703
rSVBK	FF70	48	480A	01	101	4657	19180
rSVBK	FF70	48	480A	02	593	1140	18585
rSVBK	FF70	48	480A	07	18	10272	16541
rSVBK	FF70	48	480A	F9	256	4868	19588
rSVBK	FF70	48	480A	FA	397	2616	17345
rSVBK	FF70	48	480A	FF	239	2640	15744
rSVBK	FF70	4F	4006	07	67	26	20036
rSVBK	FF70	4F	42BF	07	28	27	20037
rSVBK	FF70	4F	42FA	07	19	43	20053
rSVBK	FF70	4F	42FA	F9	2	11254	17234
rSVBK	FF70	4F	42FA	FA	5	2637	17365
rSVBK	FF70	4F	42FA	FF	2	4657	19179
rSVBK	FF70	4F	430A	07	2	331	13449
rSVBK	FF70	4F	4345	07	2	363	13481
rSVBK	FF70	4F	437B	07	26	308	20018
rSVBK	FF70	4F	43B3	01	2	11345	19727
rSVBK	FF70	4F	43B3	07	17	323	20033
rSVBK	FF70	4F	43B3	F9	5	3454	17976
rSVBK	FF70	4F	43B3	FA	1	16598	16598
rSVBK	FF70	4F	43B3	FF	1	10422	10422
rSVBK	FF70	4F	45D1	07	7	2640	15742
rSVBK	FF70	4F	45FF	07	1	10272	10272
rSVBK	FF70	4F	45FF	FF	6	2640	15742
rSVBK	FF70	4F	4755	02	2	10	13128
rSVBK	FF70	4F	4755	03	2	11	13129
rSVBK	FF70	4F	4755	04	2	11	13129
rSVBK	FF70	4F	4755	05	2	12	13130
rSVBK	FF70	4F	4755	06	2	13	13131
rSVBK	FF70	4F	4755	07	2	13	13131
rSVBK	FF70	4F	4766	00	2	14	13132
rSVBK	FF70	4F	47DF	02	2	17	13135
rSVBK	FF70	4F	47DF	03	2	18	13136
rSVBK	FF70	4F	47DF	04	2	19	13137
rSVBK	FF70	4F	47DF	05	2	19	13137
rSVBK	FF70	4F	47DF	06	2	20	13138
rSVBK	FF70	4F	47DF	07	2	21	13139
rSVBK	FF70	51	4179	01	2	10748	20053
rSVBK	FF70	51	4182	07	2	10748	20053
rSVBK	FF70	54	49A0	05	16	4712	19507
rSVBK	FF70	54	4A54	05	5	4842	9354
rSVBK	FF70	54	4A93	05	5	4843	9355
rSVBK	FF70	54	4AFB	05	5	4843	9355
rSVBK	FF70	54	4B26	05	5	4843	9355
rSVBK	FF70	54	4B73	01	5	4844	9356
rSVBK	FF70	54	4BA0	01	5	4844	9356
rSVBK	FF70	54	4BD8	01	14	4712	19507
rSVBK	FF70	54	4BD8	F9	1	4730	4730
rSVBK	FF70	54	4BD8	FF	1	8439	8439
rSVBK	FF70	54	4C04	05	2	4763	7526
rSVBK	FF70	54	513F	05	16	4712	19507
rSVBK	FF70	54	5158	05	16	4712	19507
rSVBK	FF70	57	4054	01	4	3479	18607
rSVBK	FF70	57	405D	07	4	3479	18607
rSVBK	FF70	57	485D	02	2	3456	17978
rSVBK	FF70	57	4892	07	2	3458	17980
rSVBK	FF70	57	48A1	02	2	3458	17980
rSVBK	FF70	57	48EB	07	2	3461	17983
rSVBK	FF70	57	4EB2	02	2	4060	18582
rSVBK	FF70	57	4EE7	07	2	4062	18584
rSVBK	FF70	57	4EF6	02	2	4062	18584
rSVBK	FF70	57	4F40	07	2	4065	18587
rSVBK	FF70	57	54ED	01	2	4040	18562
rSVBK	FF70	57	54F6	07	2	4040	18562
rSVBK	FF70	57	55E9	01	2	4145	18667
rSVBK	FF70	57	55F2	07	2	4145	18667
rSVBK	FF70	67	640F	01	2	43	13161
rSVBK	FF70	67	6418	07	2	43	13161
rSVBK	FF70	67	6428	01	2	323	13441
rSVBK	FF70	67	642E	07	2	323	13441
rSVBK	FF70	67	6466	07	530	44	13426
rSVBK	FF70	67	6471	07	530	44	13426
rSVBK	FF70	67	6488	01	6	83	13361
rSVBK	FF70	67	6491	07	6	83	13361
rSVBK	FF70	72	4048	07	4	2637	15739
rSVBK	FF70	72	40AD	07	1	10271	10271
rSVBK	FF70	72	40C4	07	1	10272	10272
rSVBK	FF70	72	40E7	07	1	10272	10272
rSVBK	FF70	72	40FD	07	1	10272	10272
rSVBK	FF70	72	415E	07	1	10275	10275
rSVBK	FF70	72	41AD	01	1	10280	10280
rSVBK	FF70	72	41B6	F9	1	10280	10280
rSVBK	FF70	72	41D3	FF	1	10280	10280
rSVBK	FF70	72	4234	07	3	2639	15741
rSVBK	FF70	72	424B	07	3	2640	15742
rSVBK	FF70	72	426E	07	3	2640	15742
rSVBK	FF70	72	42E7	07	3	2642	15744
rSVBK	FF70	72	4327	07	3	2644	15746
rSVBK	FF70	72	4376	01	3	2649	15751
rSVBK	FF70	72	437F	F9	3	2649	15751
rSVBK	FF70	72	439C	F9	3	2649	15751
rSVBK	FF70	72	4465	07	1	10400	10400
rSVBK	FF70	72	44E1	F9	1	10406	10406
rSVBK	FF70	72	44F1	07	2	3294	16396
rSVBK	FF70	72	456D	F9	2	3300	16402
rSVBK	FF70	72	45EF	01	2	3294	16396
rSVBK	FF70	72	45F8	F9	2	3294	16396
rSVBK	FF70	72	472F	07	1	10269	10269
rSVBK	FF70	72	474D	07	3	2637	15739
rSVBK	FF70	72	476B	07	1	10402	10402
rSVBK	FF70	72	4789	07	2	3296	16398
rSVBK	FF70	72	47A8	07	2	10274	10400
rSVBK	FF70	72	47D9	07	5	2643	16396
rSVBK	FF70	7F	42CF	02	177	4859	9370
rSVBK	FF70	7F	7290	01	18	2604	19179
rIE	FFFF	00	0284	00	2	0	13118
rIE	FFFF	00	05D0	01	5	4175	20033
rIE	FFFF	00	05D0	0D	4	4638	19727
rIE	FFFF	00	05E6	01	4	4176	20034
rIE	FFFF	00	05E6	03	1	11236	11236
rIE	FFFF	00	05E6	0D	2	10423	19728
rIE	FFFF	00	05E6	0F	2	4639	19161
rIE	FFFF	00	0613	00	2	0	13118
rIE	FFFF	00	061F	00	2	0	13118
rIE	FFFF	22	4C0F	01	1	20033	20033
rIE	FFFF	22	4E9D	01	1	10728	10728
rIE	FFFF	48	4459	03	15	1140	15606
rIE	FFFF	48	44D0	01	15	1762	15705
rIE	FFFF	4F	479F	01	2	16	13134
rIE	FFFF	4F	47D6	01	2	17	13135
rIE	FFFF	75	4395	0D	10	44	19025
rIE	FFFF	75	569B	01	14	169	19897
rIE	FFFF	7F	72AD	03	14	2604	17365
rIE	FFFF	7F	72AD	0F	4	4631	19179
rIE	FFFF	7F	72BF	01	13	2620	17960
rIE	FFFF	7F	72BF	0D	4	4640	19711
