# kind	bank	start	end_exclusive
# ranges of ROM bytes read as DATA (not instruction fetch) and SRAM bytes read/written, merged when contiguous.
rom_read	00	032B	032E
rom_read	00	0352	0392
rom_read	00	05AC	05B6
rom_read	00	0EF0	0EF2
rom_read	00	0F0A	0F0C
rom_read	00	1056	1059
rom_read	00	1076	1079
rom_read	00	10A0	10A3
rom_read	00	10C3	10C6
rom_read	00	10D8	10DB
rom_read	04	46E8	46F0
rom_read	04	46FE	4706
rom_read	04	4708	4712
rom_read	04	5045	504D
rom_read	04	504E	504F
rom_read	04	5050	5051
rom_read	04	5054	5055
rom_read	04	5056	5057
rom_read	04	505C	505D
rom_read	04	505E	505F
rom_read	04	5062	5063
rom_read	04	5064	5065
rom_read	04	5070	5071
rom_read	04	5074	5075
rom_read	04	5090	5096
rom_read	04	5099	509C
rom_read	04	509F	5108
rom_read	04	510B	510E
rom_read	04	5111	5114
rom_read	04	511A	511D
rom_read	04	5120	5123
rom_read	04	5129	512F
rom_read	04	5132	5135
rom_read	04	5138	513B
rom_read	04	513E	5141
rom_read	04	5144	5147
rom_read	04	51DD	51E2
rom_read	04	51F5	51FA
rom_read	04	51FB	5200
rom_read	04	5201	5206
rom_read	04	5207	520C
rom_read	04	520D	5212
rom_read	04	5213	5218
rom_read	04	5219	521E
rom_read	04	523D	5242
rom_read	04	5249	524E
rom_read	04	52CD	52D2
rom_read	04	52EB	52F0
rom_read	04	53B7	53BC
rom_read	04	5435	543B
rom_read	04	5447	544D
rom_read	04	5465	5471
rom_read	04	5477	547D
rom_read	04	548D	549D
rom_read	04	54BD	54DD
rom_read	04	555D	5564
rom_read	04	55BD	55C4
rom_read	04	55D5	55DC
rom_read	04	565D	5664
rom_read	04	5675	567C
rom_read	04	5685	568C
rom_read	04	569D	56A4
rom_read	04	56D5	56DC
rom_read	04	56DD	56E4
rom_read	04	5745	574C
rom_read	04	745F	74B6
rom_read	04	74B7	7568
rom_read	04	7569	76B5
rom_read	04	76B6	77CE
rom_read	04	77D1	77D9
rom_read	05	50BC	516B
rom_read	05	516C	5174
rom_read	05	5AF6	5B03
rom_read	05	5B04	5B06
rom_read	05	631A	632B
rom_read	05	632C	632E
rom_read	05	636E	638E
rom_read	05	638F	6391
rom_read	05	63B4	63FE
rom_read	05	63FF	6401
rom_read	05	6442	645F
rom_read	05	6460	6464
rom_read	05	6599	65C4
rom_read	05	65C5	65FE
rom_read	05	65FF	6601
rom_read	05	68A1	68BE
rom_read	05	68BF	68C3
rom_read	1C	4003	4006
rom_read	48	4810	4817
rom_read	48	481A	481C
rom_read	48	481F	4830
rom_read	48	4833	4835
rom_read	48	4838	483A
rom_read	48	483D	483F
rom_read	48	4842	4844
rom_read	48	4847	4849
rom_read	48	484C	484E
rom_read	48	4851	4853
rom_read	48	4856	4858
rom_read	48	485B	485D
rom_read	48	4860	4867
rom_read	48	486A	486C
rom_read	48	486F	4871
rom_read	48	4874	4876
rom_read	48	4879	487B
rom_read	48	487E	4880
rom_read	48	4883	4885
rom_read	48	4888	488A
rom_read	48	488D	4892
rom_read	48	4ADB	4BBB
rom_read	48	4BCB	4D2B
rom_read	48	4D9B	4DDB
rom_read	48	4DEB	4EBB
rom_read	48	5A1B	5A2B
rom_read	48	5B5B	5B7B
rom_read	48	69AB	69CB
rom_read	4A	5F80	68D0
rom_read	4A	68D4	6915
rom_read	4F	400B	400D
rom_read	4F	4194	4196
rom_read	4F	4233	4235
rom_read	4F	42E9	42EC
rom_read	4F	43A2	43A5
rom_read	4F	4790	4793
rom_read	4F	47F9	47FC
rom_read	55	4000	4002
rom_read	55	4004	4005
rom_read	55	400A	400C
rom_read	55	400E	400F
rom_read	55	4014	4018
rom_read	55	401C	401E
rom_read	55	4028	402C
rom_read	55	4030	4032
rom_read	55	406E	4070
rom_read	55	4072	4074
rom_read	55	4076	4078
rom_read	55	407A	407C
rom_read	55	407E	4080
rom_read	55	4092	4094
rom_read	55	4096	4098
rom_read	55	409A	409C
rom_read	55	409E	40A0
rom_read	55	40A2	40A4
rom_read	55	40A8	40AA
rom_read	55	40AE	40B0
rom_read	55	40B2	40B8
rom_read	55	40C6	40C8
rom_read	55	40D6	40D8
rom_read	55	40E8	40EC
rom_read	55	40FA	40FC
rom_read	55	410C	4110
rom_read	55	411E	4122
rom_read	55	4130	4136
rom_read	55	4138	413A
rom_read	55	413E	4140
rom_read	55	4286	428E
rom_read	55	429E	42B4
rom_read	55	42BE	42C0
rom_read	55	42C2	42D8
rom_read	55	42DC	42DE
rom_read	55	42E0	42E4
rom_read	55	42F2	42FC
rom_read	55	42FE	4306
rom_read	55	4316	4320
rom_read	55	4324	432C
rom_read	55	4330	4332
rom_read	55	4336	4338
rom_read	55	4A42	4A46
rom_read	55	4A4A	4A4C
rom_read	55	4ACE	4AD4
rom_read	55	4ADB	4ADD
rom_read	55	4ADE	4AE0
rom_read	55	4AE6	4AE9
rom_read	55	4AEA	4AEC
rom_read	55	4AF2	4AF4
rom_read	55	4AF5	4AF8
rom_read	55	4AFE	4B04
rom_read	55	4B3A	4B40
rom_read	55	4B46	4B4C
rom_read	55	4B52	4B54
rom_read	55	4B55	4B58
rom_read	55	4B5E	4B64
rom_read	55	4B6A	4B70
rom_read	55	4B7C	4B82
rom_read	55	4B8E	4B94
rom_read	55	4B9A	4B9C
rom_read	55	4B9D	4BA0
rom_read	55	4BA1	4BA3
rom_read	55	4BA4	4BA6
rom_read	55	4BD9	4BDC
rom_read	55	4C08	4C09
rom_read	55	4C0A	4C0C
rom_read	55	4C3F	4C42
rom_read	55	4CAA	4CB0
rom_read	55	4CB2	4CB4
rom_read	55	4CDE	4CE5
rom_read	55	4CE7	4CEA
rom_read	55	4D15	4D16
rom_read	55	4D18	4D1B
rom_read	55	4D1E	4D20
rom_read	55	4D23	4D26
rom_read	55	4D2C	4D2D
rom_read	55	4D2E	4D2F
rom_read	55	4D30	4D32
rom_read	55	4D3E	4D44
rom_read	55	5116	5125
rom_read	55	5126	5129
rom_read	55	512B	512E
rom_read	55	5160	518E
rom_read	55	518F	5190
rom_read	55	5192	5194
rom_read	55	5195	519B
rom_read	55	519E	51A0
rom_read	55	51C1	51C4
rom_read	55	51CA	51CB
rom_read	55	51CE	51D0
rom_read	55	51D1	51FA
rom_read	55	51FC	51FD
rom_read	55	51FE	5200
rom_read	55	5202	5203
rom_read	55	5204	5207
rom_read	55	520A	520C
rom_read	55	521B	521E
rom_read	55	5227	522B
rom_read	55	522E	5230
rom_read	55	525A	5263
rom_read	55	5264	5267
rom_read	55	5268	5269
rom_read	55	526A	526C
rom_read	55	526D	526E
rom_read	55	5270	5272
rom_read	55	5274	5278
rom_read	55	527F	5280
rom_read	55	5282	5285
rom_read	55	5286	5287
rom_read	55	5288	528A
rom_read	55	528D	5291
rom_read	55	5294	5296
rom_read	55	52C6	52D4
rom_read	55	52D6	52DB
rom_read	55	52DC	52DF
rom_read	55	52E0	52E1
rom_read	55	52E2	52E4
rom_read	55	52F2	52F3
rom_read	55	52F4	52F7
rom_read	55	52FA	52FC
rom_read	55	5302	5304
rom_read	55	5306	5308
rom_read	55	5314	531A
rom_read	55	5326	532C
rom_read	55	5BB4	5BB7
rom_read	55	5C03	5C06
rom_read	55	5C14	5C17
rom_read	55	5C83	5C86
rom_read	55	5D4F	5D52
rom_read	55	5D55	5D58
rom_read	55	5FC8	5FD0
rom_read	55	6087	608F
rom_read	55	60F1	60F9
rom_read	55	61B9	61BC
rom_read	55	61CD	61D0
rom_read	55	625C	625F
rom_read	55	626E	6271
rom_read	55	62A0	62A4
rom_read	55	62A8	62AA
rom_read	55	62B4	62B8
rom_read	55	62BC	62BE
rom_read	55	62CC	62D0
rom_read	55	62D4	62D8
rom_read	55	62EC	62F0
rom_read	55	641C	641E
rom_read	55	6420	6421
rom_read	55	6537	653A
rom_read	55	66D9	66DD
rom_read	55	66E1	66E3
rom_read	55	66FD	6700
rom_read	55	6713	6716
rom_read	55	6724	6727
rom_read	55	6764	6767
rom_read	55	6776	6779
rom_read	55	6787	678A
rom_read	55	6798	679B
rom_read	55	6B7D	6B80
rom_read	55	6B9D	6BA0
rom_read	55	6C5C	6C5F
rom_read	55	6C86	6C89
rom_read	55	6CAD	6CB0
rom_read	55	6CEA	6CEC
rom_read	55	6CEE	6CF0
rom_read	55	6CF4	6D08
rom_read	55	6D16	6D1E
rom_read	55	6D20	6D4A
rom_read	55	6D52	6D54
rom_read	55	6D56	6D58
rom_read	55	6D66	6D6E
rom_read	55	6D70	6D8A
rom_read	55	6E9F	6EA1
rom_read	55	6EA3	6EA4
rom_read	55	6EB5	6EB7
rom_read	55	6EB9	6EBA
rom_read	55	6ECB	6ECD
rom_read	55	6ECF	6ED0
rom_read	55	6EE1	6EE3
rom_read	55	6EE5	6EE6
rom_read	55	6F0D	6F0F
rom_read	55	6F11	6F12
rom_read	55	6F23	6F25
rom_read	55	6F27	6F28
rom_read	55	6F3B	6F3D
rom_read	55	6F3F	6F40
rom_read	55	6FC7	6FCD
rom_read	55	6FDA	6FDD
rom_read	55	6FF4	6FF8
rom_read	55	6FFC	6FFE
rom_read	58	4000	4450
rom_read	58	46D0	4950
rom_read	58	69D0	6ED0
rom_read	58	7B50	7E48
rom_read	58	7E4C	7E58
rom_read	58	7E70	7E74
rom_read	5C	4E51	4E96
rom_read	5C	4F53	4F54
rom_read	5C	4F57	4F58
rom_read	5C	4F5B	4F5C
rom_read	5C	4F5F	4F60
rom_read	5C	4F63	4F64
rom_read	5C	4F67	4F68
rom_read	5C	4F6B	4F6C
rom_read	5C	4F6F	4F70
rom_read	5C	4F73	4F74
rom_read	5C	4F77	4F78
rom_read	5C	4F7B	4F7C
rom_read	5C	4F7F	4F80
rom_read	5C	4F83	4F84
rom_read	5C	4F87	4F88
rom_read	5C	4F8B	4F8C
rom_read	5C	4F8F	4F90
rom_read	5C	4F93	4F94
rom_read	5C	4F97	4F98
rom_read	5C	4F9B	4F9C
rom_read	5C	4F9F	4FA0
rom_read	5C	4FA3	4FA7
rom_read	5C	50F5	50F7
rom_read	5C	50F8	50FB
rom_read	5C	5148	514A
rom_read	5C	515F	5162
rom_read	5C	5185	5188
rom_read	5C	5197	519A
rom_read	5C	51A9	51AC
rom_read	5C	51BB	51BE
rom_read	5C	51CD	51D0
rom_read	5C	51DE	51E1
rom_read	5C	51EF	51F2
rom_read	5C	5200	5203
rom_read	5C	5206	5209
rom_read	5C	521C	521F
rom_read	5C	5225	5228
rom_read	5C	522B	522E
rom_read	5C	5231	5235
rom_read	5C	5237	523B
rom_read	5C	525F	5262
rom_read	5C	5273	5276
rom_read	5C	52FE	5301
rom_read	5C	5370	5373
rom_read	5C	537F	5382
rom_read	5C	538E	5391
rom_read	5C	539D	53A0
rom_read	5C	5438	543B
rom_read	5C	545B	545F
rom_read	5C	5479	547B
rom_read	5C	5AB6	5D86
rom_read	5C	5D90	6350
rom_read	5C	6390	6410
rom_read	5D	4000	5190
rom_read	5D	5320	5DF0
rom_read	5E	4000	4E08
rom_read	5E	4E10	60C8
rom_read	5E	60D0	6BA0
rom_read	5F	49D0	4CD0
rom_read	5F	4CE0	4CF8
rom_read	5F	4CFC	4D04
rom_read	5F	4D28	4D30
rom_read	5F	4D34	4D38
rom_read	5F	4D3C	4D40
rom_read	5F	4D48	4DC5
rom_read	5F	4E7B	4EB5
rom_read	5F	4ECB	54E3
rom_read	63	402D	403D
rom_read	63	50A2	50A3
rom_read	63	50A5	50A6
rom_read	63	50A7	50A9
rom_read	63	50C6	50C8
rom_read	63	50CE	50D9
rom_read	63	50E2	50E9
rom_read	63	50EA	50ED
rom_read	63	5190	5191
rom_read	63	5193	5195
rom_read	63	51B1	51B2
rom_read	63	51C3	51C4
rom_read	63	51D1	51D2
rom_read	63	51D7	51D8
rom_read	63	51D9	51DA
rom_read	63	51E3	51E4
rom_read	63	5205	5206
rom_read	63	5210	5211
rom_read	63	5228	5229
rom_read	63	522A	522B
rom_read	63	5248	5249
rom_read	63	5256	5258
rom_read	63	526B	526D
rom_read	63	526F	5270
rom_read	63	5276	5278
rom_read	63	5283	5284
rom_read	63	5287	5288
rom_read	63	5290	5291
rom_read	63	5296	5297
rom_read	63	52AB	52AC
rom_read	63	52B1	52B2
rom_read	63	52C7	52C8
rom_read	63	52CB	52CC
rom_read	63	52D3	52D4
rom_read	63	52E4	52E5
rom_read	63	52E7	52E8
rom_read	63	52EF	52F1
rom_read	63	52F2	52F3
rom_read	63	52F9	52FA
rom_read	63	5302	5303
rom_read	63	530E	530F
rom_read	63	5323	5324
rom_read	63	5351	5352
rom_read	63	5354	5355
rom_read	63	5358	5359
rom_read	63	5368	5369
rom_read	63	536D	536E
rom_read	63	5371	5372
rom_read	63	5373	5374
rom_read	63	5385	5387
rom_read	65	4006	4009
rom_read	65	400C	400F
rom_read	65	4012	4015
rom_read	65	402C	402F
rom_read	65	4040	4042
rom_read	65	40D2	40D5
rom_read	65	4119	411B
rom_read	65	411D	411F
rom_read	65	41DD	41E0
rom_read	65	41E3	41E6
rom_read	65	41F8	41FB
rom_read	65	41FE	4201
rom_read	65	4204	4207
rom_read	65	4215	4218
rom_read	65	421D	4220
rom_read	65	4223	4226
rom_read	65	4264	4267
rom_read	65	426A	426D
rom_read	65	4270	4273
rom_read	65	42AA	42AD
rom_read	65	42B0	42B3
rom_read	65	42CA	42CD
rom_read	65	42D0	42D3
rom_read	65	42EE	42F1
rom_read	65	42F6	42F9
rom_read	65	4301	4304
rom_read	65	430C	430F
rom_read	65	4317	431A
rom_read	65	4327	432A
rom_read	65	4330	4333
rom_read	65	4341	4344
rom_read	65	4347	434A
rom_read	65	4350	4353
rom_read	65	4361	4364
rom_read	65	436F	4372
rom_read	65	4387	438A
rom_read	65	4396	4399
rom_read	65	439D	43A0
rom_read	65	43AD	43B0
rom_read	65	43BD	43C0
rom_read	65	43C5	43C8
rom_read	65	43D2	43D5
rom_read	65	43DC	43DF
rom_read	65	43EB	43EE
rom_read	65	43F4	43F7
rom_read	65	43FD	4400
rom_read	65	478B	478E
rom_read	65	4886	4889
rom_read	65	48A2	48A5
rom_read	65	48D4	48D7
rom_read	65	48E5	48E8
rom_read	65	4903	4906
rom_read	65	492F	4932
rom_read	65	4942	4945
rom_read	65	4948	494B
rom_read	65	494E	4958
rom_read	65	496E	4971
rom_read	65	4994	4997
rom_read	65	49AE	49B1
rom_read	65	4A06	4A09
rom_read	65	4A15	4A18
rom_read	65	4A24	4A27
rom_read	65	4A33	4A36
rom_read	65	4A5E	4A61
rom_read	65	4A7D	4A80
rom_read	65	4A81	4A84
rom_read	65	4A87	4A8A
rom_read	65	4AC3	4AC6
rom_read	65	4AC9	4ACD
rom_read	65	4B1C	4B1F
rom_read	65	4B48	4B4B
rom_read	65	4B74	4B77
rom_read	65	4B78	4B7A
rom_read	65	4B7E	4B84
rom_read	65	4B90	4B92
rom_read	65	4BC6	4BCA
rom_read	65	4BCD	4BCE
rom_read	65	4BDE	4BE1
rom_read	65	4BE2	4BF6
rom_read	65	4C08	4C0B
rom_read	65	4C0C	4C0E
rom_read	65	4C6E	4E88
rom_read	65	4FC1	505A
rom_read	65	567F	5685
rom_read	65	56A7	57A7
rom_read	67	6370	6373
rom_read	67	6376	6379
rom_read	67	6388	638B
rom_read	67	639A	639D
rom_read	67	63AC	63AF
rom_read	67	63BD	63C0
rom_read	67	63CE	63D1
rom_read	67	63DF	63E2
rom_read	67	63EF	63F2
rom_read	67	6407	640A
rom_read	67	6420	6423
rom_read	67	643E	6441
rom_read	67	6444	6447
rom_read	67	644A	644D
rom_read	67	6455	6458
rom_read	67	64AE	64B4
rom_read	67	6510	6513
rom_read	68	4000	4010
rom_read	68	40DB	40DE
rom_read	68	4141	4144
rom_read	68	41DB	41E9
rom_read	68	48D6	48D8
rom_read	68	48DC	48DE
rom_read	68	529C	529F
rom_read	68	52A5	52A8
rom_read	68	52AB	52AE
rom_read	68	5321	5324
rom_read	68	5327	532A
rom_read	68	5336	5339
rom_read	68	5354	5357
rom_read	68	5366	5369
rom_read	68	5378	537B
rom_read	68	538A	538D
rom_read	68	539B	539E
rom_read	68	53AC	53AF
rom_read	68	53C9	53CC
rom_read	68	53D9	53DC
rom_read	68	53E6	53E9
rom_read	68	53EF	53F2
rom_read	68	53FA	53FD
rom_read	68	5400	5403
rom_read	68	541D	5420
rom_read	68	5432	5435
rom_read	68	543C	543F
rom_read	68	545E	5461
rom_read	68	548C	548F
rom_read	68	5496	5499
rom_read	68	549F	54A2
rom_read	68	54AB	54AE
rom_read	68	54C7	54CA
rom_read	68	54D9	54DC
rom_read	68	54E4	54E7
rom_read	68	5538	553B
rom_read	68	5570	5573
rom_read	68	5580	5583
rom_read	68	5592	5595
rom_read	68	55DD	55E0
rom_read	68	55E7	55EA
rom_read	68	55F0	55F3
rom_read	68	562A	562D
rom_read	68	5636	5639
rom_read	68	563C	563F
rom_read	68	564E	5651
rom_read	68	5660	5663
rom_read	68	5671	5674
rom_read	68	5682	5685
rom_read	68	5693	5696
rom_read	68	56A4	56A7
rom_read	68	56EC	56EF
rom_read	68	56FB	56FE
rom_read	68	570A	570D
rom_read	68	5719	571C
rom_read	68	5723	5726
rom_read	68	572C	572F
rom_read	68	5732	5735
rom_read	68	57BD	57C0
rom_read	68	57C3	57C6
rom_read	68	57D5	57D8
rom_read	68	57E0	57E3
rom_read	68	5807	580A
rom_read	68	5819	581C
rom_read	68	582B	582E
rom_read	68	583D	5840
rom_read	68	584E	5851
rom_read	68	585F	5862
rom_read	68	5887	588A
rom_read	68	5897	589A
rom_read	68	58A0	58A3
rom_read	68	58AC	58AF
rom_read	68	58CA	58CD
rom_read	68	58D3	58D6
rom_read	68	58DE	58E1
rom_read	68	58E4	58E7
rom_read	68	5901	5904
rom_read	68	5919	591C
rom_read	68	592F	5932
rom_read	68	5939	593C
rom_read	68	5962	5965
rom_read	68	597B	597E
rom_read	68	5990	5993
rom_read	68	59BE	59C1
rom_read	68	59C8	59CB
rom_read	68	59D1	59D4
rom_read	68	59E3	59E6
rom_read	68	5A13	5A16
rom_read	68	5A1F	5A22
rom_read	68	5A29	5A2C
rom_read	68	5A31	5A34
rom_read	68	5A3D	5A40
rom_read	68	5A48	5A4B
rom_read	68	5AC0	5AC3
rom_read	68	5AD0	5AD3
rom_read	68	5ADF	5AE2
rom_read	68	5AEB	5AEE
rom_read	68	5AFB	5AFE
rom_read	68	5B0A	5B0D
rom_read	68	5B1C	5B1F
rom_read	68	5B67	5B6A
rom_read	68	5BB0	5BB3
rom_read	68	5BC0	5BC3
rom_read	68	5BCA	5BCD
rom_read	68	5BD3	5BD6
rom_read	68	5C0D	5C10
rom_read	68	5C19	5C1C
rom_read	68	5C1F	5C22
rom_read	68	5C31	5C34
rom_read	68	5C43	5C46
rom_read	68	5C54	5C57
rom_read	68	5C65	5C68
rom_read	68	5C76	5C79
rom_read	68	5C87	5C8A
rom_read	68	5CCF	5CD2
rom_read	68	5CDE	5CE1
rom_read	68	5CED	5CF0
rom_read	68	5CFC	5CFF
rom_read	68	5D09	5D0C
rom_read	68	5D22	5D25
rom_read	68	5D28	5D2B
rom_read	68	5DA3	5DA6
rom_read	68	5DA9	5DAC
rom_read	68	5DB8	5DBB
rom_read	68	5DDC	5DDF
rom_read	68	5DEE	5DF1
rom_read	68	5E00	5E03
rom_read	68	5E12	5E15
rom_read	68	5E23	5E26
rom_read	68	5E41	5E44
rom_read	68	5E5E	5E61
rom_read	68	5E6E	5E71
rom_read	68	5E7B	5E7E
rom_read	68	5E88	5E8B
rom_read	68	5E8E	5E91
rom_read	68	5E92	5E96
rom_read	68	5EB4	5EB7
rom_read	68	5ECA	5ECD
rom_read	68	5ED4	5ED7
rom_read	68	5EF6	5EF9
rom_read	68	5F27	5F2A
rom_read	68	5F30	5F33
rom_read	68	5F3C	5F3F
rom_read	68	5F5B	5F5E
rom_read	68	5F63	5F66
rom_read	68	5F99	5F9C
rom_read	68	5FBB	5FBE
rom_read	68	5FCD	5FD0
rom_read	68	5FE7	5FEA
rom_read	68	605C	605F
rom_read	68	606E	6071
rom_read	68	60B7	60BA
rom_read	68	60C1	60C4
rom_read	68	60CA	60CD
rom_read	68	6104	6107
rom_read	68	6110	6113
rom_read	68	6116	6119
rom_read	68	6128	612B
rom_read	68	613A	613D
rom_read	68	614B	614E
rom_read	68	615C	615F
rom_read	68	616D	6170
rom_read	68	617E	6181
rom_read	68	61C6	61C9
rom_read	68	61D5	61D8
rom_read	68	61E4	61E7
rom_read	68	61F3	61F6
rom_read	71	7240	74C0
rom_read	75	4072	4074
rom_read	75	40A6	40AA
rom_read	75	5FFB	6018
rom_read	75	6041	6047
rom_read	75	6090	6093
rom_read	75	61A7	61A9
rom_read	75	61ED	61EF
rom_read	76	6868	68E0
rom_read	76	6934	6958
rom_read	76	6970	69A0
rom_read	76	69AC	69C4
rom_read	76	69D0	69DC
rom_read	76	69E8	6A00
rom_read	76	6A24	6A6C
rom_read	76	6AB4	6AC0
rom_read	76	6B14	6B38
rom_read	76	6B80	6B8C
rom_read	76	6B98	6BC8
rom_read	76	6BD4	6BEC
rom_read	7A	48CA	48DC
rom_read	7A	4A56	4A68
rom_read	7A	4C60	4C72
rom_read	7A	5098	50AA
rom_read	7A	5356	5368
rom_read	7A	5614	5626
rom_read	7A	5710	5722
rom_read	7A	5C8C	5C9E
rom_read	7A	5CD4	5CE6
rom_read	7B	420A	421C
rom_read	7B	49C6	49D8
rom_read	7B	4BF4	4C06
rom_read	7B	503E	5050
rom_read	7B	5560	5572
rom_read	7B	5722	5734
rom_read	7B	5B90	5BB4
rom_read	7B	5D40	5D52
rom_read	7B	60FA	610C
rom_read	7B	6142	6154
rom_read	7B	67BA	67CC
rom_read	7B	6F0A	6F1C
rom_read	7C	4396	43A8
rom_read	7C	44EC	44FE
rom_read	7C	50AA	50BC
rom_read	7C	58D2	58E4
rom_read	7C	58F6	5908
rom_read	7C	5F80	5F92
rom_read	7C	6010	6022
rom_read	7C	61F6	6208
rom_read	7C	65D4	65E6
rom_read	7C	6652	6664
rom_read	7C	6892	68A4
rom_read	7C	6AC0	6AD2
rom_read	7C	6FAC	6FBE
rom_read	7C	72D6	72E8
rom_read	7C	7A38	7A4A
rom_read	7D	418C	419E
rom_read	7D	42E2	42F4
rom_read	7D	43A8	43BA
rom_read	7D	4F1E	4F30
rom_read	7D	54E2	54F4
rom_read	7D	5C7A	5C8C
rom_read	7D	5F92	5FA4
rom_read	7D	60D6	60E8
rom_read	7D	61D2	61E4
rom_read	7D	7072	7084
rom_read	7D	7648	765A
rom_read	7E	4012	4036
rom_read	7E	405A	407E
rom_read	7E	41E6	41F8
rom_read	7E	42E2	4306
rom_read	7E	43BA	43DE
rom_read	7E	4F8A	4F9C
rom_read	7E	4FAE	4FC0
rom_read	7E	4FE4	4FF6
rom_read	7E	5008	501A
rom_read	7E	502C	503E
rom_read	7E	5062	5086
rom_read	7E	53E6	53F8
rom_read	7E	540A	541C
rom_read	7E	542E	5440
rom_read	7E	5476	54BE
rom_read	7E	54D0	54E2
rom_read	7E	5518	554E
rom_read	7E	5560	55A8
rom_read	7E	55F0	5626
rom_read	7E	5638	564A
rom_read	7E	566E	56A4
rom_read	7E	56B6	56DA
rom_read	7E	56EC	5722
rom_read	7E	57B2	57C4
rom_read	7E	581E	5842
rom_read	7E	5854	5866
rom_read	7E	588A	589C
rom_read	7E	58C0	593E
rom_read	7E	5950	5962
rom_read	7E	5986	5998
rom_read	7E	5A82	5A94
rom_read	7E	5AA6	5AB8
rom_read	7E	5B12	5B24
rom_read	7E	5B7E	5B90
rom_read	7E	5BB4	5BC6
rom_read	7E	5BD8	5BEA
rom_read	7E	5BFC	5C0E
rom_read	7E	5C20	5C32
rom_read	7E	5C8C	5CB0
rom_read	7E	5D0A	5D1C
rom_read	7E	5D40	5D52
rom_read	7E	5DBE	5DE2
rom_read	7E	5DF4	5E06
rom_read	7E	5E3C	5E4E
rom_read	7E	5EDE	5F14
rom_read	7E	5FA4	5FDA
rom_read	7E	5FEC	5FFE
rom_read	7E	6034	6046
rom_read	7F	4062	4065
rom_read	7F	40F9	40FA
rom_read	7F	40FB	40FE
rom_read	7F	4108	4109
rom_read	7F	410A	410E
rom_read	7F	410F	4112
rom_read	7F	4113	4122
rom_read	7F	4124	4128
rom_read	7F	4150	4151
rom_read	7F	4152	4155
rom_read	7F	415F	4160
rom_read	7F	4161	4165
rom_read	7F	4166	4169
rom_read	7F	416A	4179
rom_read	7F	417B	417F
rom_read	7F	42BB	42BD
rom_read	7F	499C	499D
rom_read	7F	499E	499F
rom_read	7F	49A0	49A1
rom_read	7F	49A2	49A3
rom_read	7F	49A5	49A6
rom_read	7F	49A7	49A8
rom_read	7F	49A9	49AA
rom_read	7F	49AB	49AC
sram_read	00	A000	C000
sram_read	01	A000	A694
sram_read	01	A69D	A8B5
sram_read	01	A8D7	A8D9
sram_read	01	A9E4	A9F8
sram_read	01	B000	B200
sram_read	01	BF05	BF06
sram_read	02	A000	A001
sram_write	00	A000	C000
sram_write	01	A000	A694
sram_write	01	A69D	A8D7
sram_write	01	A9E3	A9FC
sram_write	01	B000	B200
sram_write	01	BF00	C000
sram_write	02	A000	A100
