# kind	from_bank	from_pc	to_bank	to_addr	count	first_frame
# kind: call | rst | irq (interrupt entry; from = the vector) | jphl (jp hl target) |
#       ret (normal return: came back to the pushed return address; to = -) |
#       ret_other (returned to an address different from the one pushed by the matching call/irq; extra = expected) |
#       ret_unmatched (ret without a matching call/irq on the shadow stack, e.g. push/ret jump trick or stack switch)
# bank column is a ROM bank or a region name (WRAM/HRAM); calls counted only when actually taken (SP moved).
call	00	01D5	75	56D2	1940	44
call	00	0227	75	58EA	20656	44
call	00	027B	00	05BD	1	0
call	00	0292	00	0602	1	0
call	00	02B9	00	04D8	1	0
call	00	02CA	00	04D8	6	1
call	00	02DD	00	04D8	1	5
call	00	02E7	00	04D8	1	7
call	00	02F4	00	04D8	1	8
call	00	02F7	00	059F	1	8
call	00	0307	00	20A0	1	8
call	00	0314	4F	4717	1	8
call	00	0328	00	06D1	1	17
call	00	033A	00	034A	2	16
call	00	0346	00	034A	2	16
call	00	03AF	00	20A6	7264	0
call	00	03C1	HRAM	FF80	7854	17
call	00	045F	00	0392	6160	44
call	00	049B	00	0392	46	1730
call	00	05E9	00	0392	5	5398
call	00	05FE	00	0392	1	0
call	00	06EF	00	0673	24089	16
call	00	06F9	00	0622	24089	16
call	00	06FC	HRAM	FFA8	24089	16
call	00	0709	00	0622	24085	16
call	00	074B	00	0622	222	26
call	00	0782	00	0622	2	5759
call	00	0789	00	0622	344	23
call	00	07B5	00	0392	344	24
call	00	07C1	00	0392	3	3234
call	00	07C6	00	0622	3	3234
call	00	07DC	00	08B7	7	330
call	00	07E7	00	0749	7	330
call	00	07F3	00	0749	7	331
call	00	07F7	00	0392	7	331
call	00	083C	00	08B7	95	26
call	00	0847	00	0749	95	26
call	00	0853	00	0749	95	27
call	00	0857	00	0392	95	27
call	00	0898	00	08B7	5	5398
call	00	08A3	00	0749	5	5398
call	00	08AF	00	0749	5	5398
call	00	08B3	00	0392	5	5398
call	00	08EA	00	0622	46	26
call	00	08EF	00	063D	46	26
call	00	08F7	00	0904	46	26
call	00	0900	00	0904	46	26
call	00	091C	00	0622	11	1120
call	00	095B	00	0A09	6996	43
call	00	098A	00	0658	11741	43
call	00	098F	00	0AE8	97944	43
call	00	09B6	00	0A09	18	22
call	00	09D6	00	04D8	18	23
call	00	09FA	00	04D8	3	4470
call	00	0A9C	00	04D8	27	26
call	00	0AAB	00	0AB8	27	26
call	00	0B45	00	063D	11743	43
call	00	0B6E	00	063D	1193	3271
call	00	0EC9	00	0392	279	3229
call	00	16A2	00	0622	68	2387
call	00	16A7	00	063D	68	2387
call	00	16AF	00	0904	68	2387
call	00	16C0	00	0904	68	2387
call	00	171F	4F	47A5	1	17
call	00	20A0	00	20EE	1	8
call	00	20A6	00	2129	7847	0
call	00	20AC	00	2116	22	83
call	00	20B2	00	2116	3	1142
call	00	20C4	00	2116	1	323
call	00	20E8	00	2116	12	43
call	00	20FA	00	2105	16656	8
call	00	210E	00	2105	7885	8
call	00	2120	00	20EE	7884	17
call	00	2148	00	210B	7884	17
call	00	2161	00	2105	3085	44
call	00	2167	00	20FF	3085	44
call	00	2172	00	2105	5686	44
call	00	2178	00	20FF	5686	44
call	04	4084	04	453A	7846	17
call	04	40AE	04	419B	7846	17
call	04	40B1	04	4BC9	31384	17
call	04	40B4	04	41AC	31384	17
call	04	40B9	04	414C	7846	17
call	04	40BC	04	456C	31384	17
call	04	40BF	04	4167	31384	17
call	04	40E8	04	4153	524	503
call	04	40EB	04	455A	2096	503
call	04	40EE	04	4167	2096	503
call	04	40F7	04	419B	7637	17
call	04	40FA	04	4BDB	30548	17
call	04	40FD	04	41AC	30548	17
call	04	4102	04	4153	7637	17
call	04	4105	04	456C	30548	17
call	04	4108	04	4167	30548	17
call	04	4119	04	419B	7846	17
call	04	411C	04	4C14	31384	17
call	04	411F	04	41AC	31384	17
call	04	41C5	04	430A	22	83
call	04	4219	04	414C	22	83
call	04	4231	04	434C	29	83
call	04	4249	04	4167	7	83
call	04	429C	04	430A	14	43
call	04	429F	04	4153	14	43
call	04	42A2	04	434C	50	43
call	04	42A7	04	4167	36	501
call	04	42B8	04	4167	20	43
call	04	4398	00	216F	79	44
call	04	4429	04	4433	1	323
call	04	4438	04	4153	1	323
call	04	4445	04	4167	4	323
call	04	457D	04	4386	79	44
call	04	45A7	00	216F	5546	44
call	04	4615	04	5007	4085	502
call	04	46CA	04	502B	77	84
call	04	479B	00	216F	61	1503
call	04	47F5	04	47FB	42	44
call	04	4800	04	5007	42	44
call	04	4856	04	4889	407	44
call	04	48B2	04	5007	148	533
call	04	48BC	04	5007	104	532
call	04	4A4C	00	215E	3085	44
call	04	4AA8	04	4889	748	502
call	04	4AC7	04	4177	590	84
call	04	4ACC	04	4180	307	44
call	04	4AD5	04	4189	486	84
call	04	4ADA	04	4192	748	502
call	04	4B1A	04	4FD4	2097	44
call	04	4C67	04	4E4B	2095	84
call	04	4C73	04	4DDF	2095	84
call	04	4CE4	04	4E04	2095	84
call	04	4CF4	04	4DD3	262	84
call	04	4D1E	04	4E34	6784	85
call	04	4D2A	04	4DD3	669	507
call	04	4DBD	04	4ECA	2638	84
call	04	4DC7	04	4F4F	2095	84
call	04	4DF2	04	502B	2095	84
call	04	4E0F	04	502B	2095	84
call	04	4E22	04	502B	2095	84
call	04	4EF7	04	4FEA	1835	84
call	04	4EFB	04	5007	1835	84
call	0E	4007	00	06D1	1	327
call	0E	401E	0E	405F	1	327
call	0E	405F	00	06D1	693	327
call	0E	4065	0E	4083	693	327
call	0E	4068	00	06D1	693	363
call	0E	406E	00	044B	693	363
call	0E	4078	00	044B	1	1111
call	0E	40A2	0E	434F	1	327
call	0E	40A5	00	06D1	1	331
call	0E	40B5	00	20E8	1	363
call	0E	40F4	00	06D1	1	460
call	0E	4153	0E	4215	1	476
call	0E	4156	00	06D1	1	485
call	0E	4166	00	20E8	1	501
call	0E	41F0	00	20AC	1	1094
call	0E	41FE	00	06D1	1	1095
call	0E	4215	00	044B	1	476
call	0E	421F	00	06D1	1	477
call	0E	4231	00	06D1	1	477
call	0E	4243	00	06D1	1	478
call	0E	4255	00	06D1	1	479
call	0E	4267	00	06D1	1	480
call	0E	4279	00	06D1	1	481
call	0E	428B	00	06D1	1	482
call	0E	429D	00	06D1	1	483
call	0E	42AE	00	06D1	1	484
call	0E	42BF	00	06D1	1	484
call	0E	42D0	00	06D1	1	484
call	0E	42D6	0E	4311	1	484
call	0E	42DB	00	07CB	1	484
call	0E	42E8	00	06D1	1	485
call	0E	42EE	0E	4334	1	485
call	0E	42FB	00	06D1	1	485
call	0E	4307	00	0A65	1	485
call	0E	430A	00	06D1	1	485
call	0E	4329	00	06D1	1	484
call	0E	4347	00	0A65	1	485
call	0E	434F	00	044B	1	327
call	0E	4359	00	06D1	1	328
call	0E	436B	00	06D1	1	328
call	0E	437D	00	06D1	1	329
call	0E	438E	00	06D1	1	330
call	0E	439F	00	06D1	1	330
call	0E	43A7	00	07CB	1	330
call	0E	43AA	00	06D1	1	331
call	1C	4000	00	06D1	1	17
call	1C	4007	00	06D1	1	327
call	1C	400D	00	0545	1	1112
call	1C	401D	00	06D1	1	1112
call	1D	4000	00	044B	2	2377
call	1D	400A	00	04D8	2	2378
call	1D	400D	00	06D1	2	2378
call	1D	4013	00	044B	2	2378
call	1D	401B	00	1620	2	2379
call	1D	403E	00	06D1	2	2379
call	1D	4050	00	06D1	2	2379
call	1D	4062	00	06D1	2	2380
call	1D	4074	00	06D1	2	2381
call	1D	4086	00	06D1	2	2382
call	1D	4098	00	06D1	2	2383
call	1D	40AA	00	06D1	2	2384
call	1D	40BB	00	06D1	2	2385
call	1D	40CC	00	06D1	2	2385
call	1D	40DC	00	06D1	2	2385
call	1D	40E8	00	0A65	2	2385
call	1D	40F6	00	06D1	2	2385
call	1D	4107	00	06D1	2	2385
call	1D	410D	00	044B	2	2385
call	1D	4124	00	04D8	2	2386
call	1D	4133	00	06D1	2	2386
call	1D	4147	1D	42AF	2	2387
call	1D	414F	1D	4325	2	2387
call	1D	4154	00	082C	2	2387
call	1D	4157	00	06D1	2	2388
call	1D	415D	00	06D1	2	2388
call	1D	4172	00	06D1	2	2404
call	1D	4182	00	20B2	2	2409
call	1D	4188	00	06D1	1573	2409
call	1D	418E	00	044B	1573	2409
call	1D	4191	00	06D1	1572	2409
call	1D	4197	00	06D1	1572	2409
call	1D	419D	00	056A	1572	2409
call	1D	41AA	00	06D1	1571	2409
call	1D	41B4	1D	4229	5	2996
call	1D	41B7	1D	439B	1571	2409
call	1D	41C7	00	20AC	1	3196
call	1D	41CD	00	06D1	1	3196
call	1D	41D3	00	06D1	1	3225
call	1D	41E2	00	06D1	1	3227
call	1D	4266	1D	42AF	5	2996
call	1D	4269	1D	4325	5	2996
call	1D	426C	00	06D1	5	2996
call	1D	4274	00	082C	5	2996
call	1D	4277	1D	439B	5	2997
call	1D	4284	00	20AC	5	2997
call	1D	4290	1D	42A0	1	2997
call	1D	4299	00	06D1	5	2997
call	1D	42A5	00	1620	1	2997
call	1D	42B5	1D	42FE	3	2387
call	1D	42FA	00	16A2	7	2387
call	1D	4303	00	1620	3	2387
call	1D	432B	1D	4374	1	2996
call	1D	4370	00	16A2	7	2387
call	1D	4379	00	1620	1	2996
call	1D	43C1	00	06D1	26	2439
call	1D	43C7	00	06D1	26	2439
call	1D	43CF	00	082C	26	2439
call	1D	43E8	00	06D1	27	2409
call	1D	43EE	00	06D1	27	2409
call	1D	43F6	00	082C	27	2409
call	1F	4000	00	0392	1	1112
call	1F	400A	00	04D8	1	1112
call	1F	400D	00	06D1	1	1112
call	1F	4018	00	1620	1	1112
call	1F	4048	00	06D1	1	1112
call	1F	405A	00	06D1	1	1112
call	1F	406C	00	06D1	1	1113
call	1F	407E	00	06D1	1	1114
call	1F	4090	00	06D1	1	1115
call	1F	40A2	00	06D1	1	1116
call	1F	40B4	00	06D1	1	1117
call	1F	40C6	00	06D1	1	1118
call	1F	40D7	00	06D1	1	1119
call	1F	40E8	00	06D1	1	1119
call	1F	40F8	00	06D1	1	1119
call	1F	4109	00	06D1	1	1119
call	1F	4119	00	06D1	1	1119
call	1F	4125	00	0A65	1	1119
call	1F	4132	00	06D1	1	1119
call	1F	413E	00	0A65	1	1119
call	1F	4154	1F	43F7	1	1119
call	1F	4162	00	06D1	1	1120
call	1F	417C	00	04D8	1	1120
call	1F	418B	00	06D1	1	1120
call	1F	419C	00	082C	1	1121
call	1F	419F	00	06D1	1	1122
call	1F	41AB	00	06D1	1	1122
call	1F	41BB	00	06D1	1	1138
call	1F	41CB	00	20B2	1	1142
call	1F	41D1	00	06D1	561	1142
call	1F	41D7	00	044B	561	1142
call	1F	41DA	00	06D1	561	1142
call	1F	41E0	00	06D1	561	1142
call	1F	41E6	00	056A	561	1142
call	1F	41F3	00	06D1	560	1142
call	1F	41F9	1F	4561	560	1142
call	1F	4203	1F	44D5	560	1142
call	1F	4227	00	20AC	1	1728
call	1F	422D	00	06D1	1	1728
call	1F	4233	00	06D1	1	1760
call	1F	4248	00	06D1	1	1762
call	1F	4408	00	06D1	1	1119
call	1F	4414	00	0A65	1	1119
call	1F	4459	00	06D1	1	1119
call	1F	4465	00	0A65	1	1119
call	1F	4477	00	0A65	1	1119
call	1F	44CB	00	06D1	1	1119
call	1F	44D1	1F	44D5	1	1119
call	1F	4509	00	0BFC	19	1119
call	1F	4518	00	06D1	19	1119
call	1F	4520	00	082C	19	1119
call	22	4FFB	22	4EF0	1	324
call	22	4FFE	22	4F46	1	326
call	23	4000	00	044B	1	3227
call	23	401D	00	06D1	1	3228
call	23	4023	00	0464	1	3228
call	23	4028	23	41DC	1	3229
call	23	4044	00	06D1	1	3263
call	23	4077	00	06D1	158	4470
call	23	407D	00	0464	158	4470
call	23	4080	00	06D1	158	4471
call	23	4099	00	20AC	1	4628
call	23	40AB	23	4B51	1	4628
call	23	41DD	00	06D1	1	3229
call	23	41E3	00	06D1	1	3229
call	23	41E9	00	06D1	1	3229
call	23	41EF	00	0464	1	3231
call	23	41FD	00	06D1	1	3231
call	23	4203	00	0464	1	3231
call	23	4211	00	06D1	1	3232
call	23	4217	00	0464	1	3232
call	23	4226	00	06D1	1	3233
call	23	422C	00	0464	1	3233
call	23	423B	00	06D1	1	3234
call	23	4241	00	0464	1	3235
call	23	4250	00	06D1	1	3235
call	23	4256	00	0464	1	3236
call	23	4265	00	06D1	1	3237
call	23	426B	00	0464	1	3237
call	23	4279	00	06D1	1	3238
call	23	427F	00	0464	1	3238
call	23	4284	00	082C	1	3239
call	23	4287	00	0464	1	3240
call	23	42A4	23	43C4	1	3242
call	23	42B1	00	06D1	1	3246
call	23	42BD	00	0A65	1	3246
call	23	42F4	00	0464	1	3246
call	23	42F7	00	06D1	1	3246
call	23	42FD	00	044B	1	3246
call	23	4300	00	06D1	1	3247
call	23	4320	00	06D1	1	3263
call	23	4332	00	20E8	1	3263
call	23	43D5	00	06D1	1	3242
call	23	43DB	23	478E	1	3244
call	23	47A2	00	06D1	1	3244
call	23	47B0	00	06D1	1	3245
call	23	4B59	00	06D1	1	4628
call	23	4B5F	00	0464	1	4628
call	23	4B62	00	06D1	1	4629
call	23	4B81	00	06D1	1	4644
call	23	4BA5	00	06D1	1	5397
call	23	4BAF	00	06D1	1	5397
call	23	4C1D	00	06D1	1	5853
call	23	4C33	00	06D1	1	6006
call	23	4C5D	00	06D1	1	6309
call	23	4C73	00	06D1	1	6309
call	23	4C7E	00	06D1	1	6864
call	23	4C86	00	06D1	1	6964
call	26	58E0	26	5343	20	5883
call	26	5919	00	06D1	1	5883
call	26	5971	00	06D1	1	5884
call	26	5992	00	06D1	1	5884
call	26	59AD	00	082C	1	5884
call	27	4202	27	4B95	1	5397
call	27	4210	00	20E8	1	5416
call	27	4235	00	06D1	1	5416
call	27	4241	00	0A65	1	5416
call	27	424E	00	06D1	1	5416
call	27	425A	00	0A65	1	5416
call	27	42C0	00	06D1	1	5416
call	27	42CC	00	0A65	1	5416
call	27	42CF	00	06D1	1	5416
call	27	42D5	00	06D1	1	5416
call	27	42DB	00	06D1	1	5416
call	27	42FD	00	06D1	1	5416
call	27	431B	00	06D1	103	5416
call	27	4322	00	044B	103	5416
call	27	4325	00	06D1	103	5417
call	27	4334	27	4747	103	5417
call	27	4349	00	06D1	206	5519
call	27	4350	00	0464	206	5519
call	27	435F	00	20A6	206	5520
call	27	4365	00	06D1	206	5520
call	27	4374	27	4747	206	5520
call	27	437B	00	06D1	206	5520
call	27	439B	00	06D1	1	5725
call	27	43A3	00	06D1	1	5725
call	27	43AC	00	06D1	1	5725
call	27	43BB	00	06D1	33	5725
call	27	43C2	00	0464	33	5725
call	27	43D1	00	20A6	33	5726
call	27	43D7	00	06D1	33	5726
call	27	43E7	00	06D1	33	5726
call	27	4410	00	20AC	1	5758
call	27	4423	00	06D1	1	5758
call	27	442B	00	06D1	1	5758
call	27	443B	00	06D1	1	5760
call	27	4447	00	0A65	1	5760
call	27	444E	00	06D1	30	5760
call	27	4455	00	0464	30	5760
call	27	4464	00	20A6	30	5760
call	27	4474	00	0A65	1	5789
call	27	4483	00	20AC	1	5789
call	27	448B	27	4747	48	5789
call	27	44A9	00	06D1	48	5789
call	27	44B0	00	0464	48	5789
call	27	44BF	00	20A6	48	5790
call	27	44C5	00	06D1	48	5790
call	27	44D3	00	06D1	1	5837
call	27	4787	27	4B95	1	6006
call	27	4795	00	20E8	1	6025
call	27	47A7	00	06D1	1	6025
call	27	47AF	00	06D1	1	6025
call	27	47BF	00	06D1	1	6027
call	27	47CB	00	0A65	1	6027
call	27	47D8	00	06D1	1	6027
call	27	47E4	00	0A65	1	6027
call	27	485A	00	06D1	1	6027
call	27	4866	00	0A65	1	6027
call	27	4869	00	06D1	1	6027
call	27	4872	00	06D1	1	6027
call	27	4890	00	06D1	1	6027
call	27	4897	00	044B	1	6027
call	27	48A8	00	06D1	146	6027
call	27	48AF	00	0464	146	6027
call	27	48BE	00	20A6	146	6028
call	27	48C4	00	06D1	146	6028
call	27	48D0	00	06D1	146	6028
call	27	48EA	00	06D1	1	6173
call	27	48F0	00	06D1	1	6173
call	27	48F9	00	06D1	1	6173
call	27	4900	00	0464	1	6173
call	27	490F	00	20A6	1	6174
call	27	4915	00	06D1	1	6174
call	27	491B	00	06D1	1	6174
call	27	4934	00	20AC	1	6174
call	27	4942	00	0A65	1	6174
call	27	4950	00	06D1	1	6174
call	27	4958	00	06D1	1	6174
call	27	4974	00	06D1	119	6175
call	27	497B	00	0464	119	6175
call	27	498A	00	20A6	119	6176
call	27	4990	00	06D1	119	6176
call	27	499E	00	06D1	1	6294
call	27	4B97	00	06D1	2	5397
call	27	4B9D	00	06D1	2	5397
call	27	4BA3	00	06D1	2	5397
call	27	4BB8	00	06D1	2	5398
call	27	4BC9	00	06D1	2	5398
call	27	4BDB	00	06D1	2	5398
call	27	4BED	00	06D1	2	5398
call	27	4BFF	00	06D1	2	5398
call	27	4C11	00	06D1	2	5398
call	27	4C23	00	06D1	2	5398
call	27	4C35	00	06D1	2	5398
call	27	4C47	00	06D1	2	5398
call	27	4C59	00	06D1	2	5398
call	27	4C6B	00	06D1	2	5398
call	27	4C7C	00	06D1	2	5398
call	27	4C8D	00	06D1	2	5398
call	27	4C95	00	082C	2	5398
call	27	4CA7	00	06D1	1	5398
call	27	4CBA	00	06D1	1	6007
call	27	4CC2	00	06D1	2	5398
call	27	4CD2	00	06D1	2	5398
call	27	4CDE	00	0A65	2	5398
call	27	4CEB	00	06D1	2	5398
call	27	4CF7	00	0A65	2	5398
call	27	4CFB	00	06D1	2	5398
call	27	4D35	00	06D1	2	5399
call	27	4D41	00	0464	2	5399
call	27	4D44	00	06D1	2	5400
call	29	4510	00	06D1	1	6864
call	29	4516	29	4608	1	6864
call	29	451B	00	06D1	60	6888
call	29	4521	00	0464	60	6888
call	29	4524	00	06D1	60	6889
call	29	453E	00	20AC	1	6948
call	29	45E2	00	06D1	1	6948
call	29	45E8	00	0464	1	6948
call	29	45EB	00	06D1	1	6949
call	29	4608	00	06D1	1	6864
call	29	460E	00	06D1	1	6864
call	29	4614	00	06D1	1	6864
call	29	461A	00	06D1	1	6866
call	29	4620	00	06D1	1	6870
call	29	463E	00	06D1	1	6870
call	29	4650	00	06D1	1	6870
call	29	4662	00	06D1	1	6870
call	29	4674	00	06D1	1	6870
call	29	4686	00	06D1	1	6870
call	29	46D8	00	06D1	1	6870
call	29	46E0	00	082C	1	6870
call	29	46E3	00	06D1	1	6870
call	29	46FE	29	4D21	1	6870
call	29	470D	00	20E8	1	6871
call	29	4715	00	06D1	1	6871
call	29	471B	00	0464	1	6871
call	29	471E	00	06D1	1	6872
call	29	473E	00	06D1	1	6888
call	29	4DA5	29	4E55	1	6870
call	29	4DAA	29	4F77	1	6870
call	29	4DC2	00	06D1	1	6870
call	29	4DD8	29	4E55	1	6870
call	29	4DDD	29	4F77	1	6870
call	29	4DF5	00	06D1	1	6870
call	29	4E29	29	4E55	1	6870
call	29	4E2E	29	4F77	1	6870
call	29	4E46	00	06D1	1	6870
call	29	4E4D	29	4FD7	1	6870
call	29	4E74	00	06D1	3	6870
call	29	4ECC	00	06D1	3	6870
call	29	4F12	00	06D1	3	6870
call	29	4F46	00	06D1	3	6870
call	29	4F7C	00	06D1	3	6870
call	29	4F92	00	06D1	3	6870
call	29	4FA8	00	06D1	3	6870
call	29	4FBE	00	06D1	3	6870
call	29	4FEB	00	06D1	1	6870
call	2D	502A	2D	5054	2	5855
call	2D	5035	2D	5054	2	5856
call	2D	5040	2D	5054	2	5857
call	2D	504B	2D	5054	2	5859
call	2E	401A	00	06D1	1	5853
call	2E	4020	2E	4B2E	1	5853
call	2E	403F	2E	538B	1	5880
call	2E	404C	00	06D1	1	5882
call	2E	4058	00	0A65	1	5882
call	2E	405B	00	06D1	1	5882
call	2E	4061	00	06D1	1	5882
call	2E	4068	00	06D1	20	5882
call	2E	406F	00	0464	20	5882
call	2E	4072	00	06D1	20	5882
call	2E	4078	2E	55FA	20	5882
call	2E	4082	00	06D1	20	5883
call	2E	40A8	00	06D1	1	5903
call	2E	41EA	00	06D1	1	5903
call	2E	41F5	00	06D1	1	5903
call	2E	41FB	2E	533C	1	5903
call	2E	41FF	00	06D1	1	5911
call	2E	4205	00	06D1	1	5911
call	2E	4217	00	06D1	1	5911
call	2E	421D	2E	55FA	1	5911
call	2E	4239	00	06D1	1	5911
call	2E	4242	00	044B	60	5924
call	2E	4245	00	06D1	60	5925
call	2E	4259	00	06D1	1	5984
call	2E	4274	2E	55FA	1	5990
call	2E	427A	00	0464	1	5991
call	2E	4281	2E	55FA	1	5991
call	2E	4284	00	06D1	1	5991
call	2E	428A	00	06D1	1	5991
call	2E	4B2E	00	06D1	1	5853
call	2E	4B34	00	06D1	1	5853
call	2E	4B3A	00	06D1	1	5853
call	2E	4B40	00	06D1	1	5855
call	2E	4B46	00	06D1	1	5861
call	2E	4B5E	00	06D1	1	5862
call	2E	4B6F	00	06D1	1	5862
call	2E	4B81	00	06D1	1	5862
call	2E	4B93	00	06D1	1	5862
call	2E	4BA5	00	06D1	1	5862
call	2E	4BB7	00	06D1	1	5862
call	2E	4BC9	00	06D1	1	5862
call	2E	4BDB	00	06D1	1	5862
call	2E	4BEC	00	06D1	1	5862
call	2E	4BF4	00	082C	1	5862
call	2E	4C02	00	06D1	1	5862
call	2E	4C0A	00	082C	1	5862
call	2E	4C0D	00	06D1	1	5862
call	2E	4C13	2E	55FA	1	5862
call	2E	4C21	00	20E8	1	5863
call	2E	4C28	00	06D1	1	5863
call	2E	4C2E	00	0464	1	5863
call	2E	4C31	00	06D1	1	5863
call	2E	4C51	00	06D1	1	5880
call	2E	5360	00	06D1	1	5904
call	2E	536E	00	06D1	1	5908
call	2E	537C	00	06D1	1	5910
call	2E	539C	00	06D1	1	5880
call	2E	53A2	2E	5478	1	5881
call	2E	548C	00	06D1	1	5881
call	2E	568C	00	06D1	3	5862
call	2E	56AD	00	06D1	3	5862
call	2E	56C8	00	082C	3	5862
call	48	404E	00	1620	169	1811
call	48	4057	00	1620	158	1811
call	48	406F	00	06D1	158	1811
call	48	40D6	00	1620	76	4648
call	48	40E4	00	1620	71	4648
call	48	4114	00	06D1	71	4648
call	48	4188	00	0BFC	16	1140
call	48	41A1	00	1620	244	1140
call	48	41AF	00	1620	228	1140
call	48	41CF	00	06D1	228	1140
call	48	4292	00	06D1	90	1331
call	48	4298	00	0392	90	1332
call	48	42AB	00	06D1	90	1332
call	48	42D5	00	1620	8	1138
call	48	42F2	00	1620	8	1138
call	48	42FA	00	1620	8	1138
call	48	430A	00	1620	57	1138
call	48	4311	00	1620	49	1138
call	48	432D	00	1620	8	1138
call	48	4335	00	1620	8	1138
call	48	4344	00	1620	187	1138
call	48	434B	00	1620	179	1138
call	48	4377	48	4460	8	1138
call	48	43A3	00	06D1	8	1140
call	48	43C5	00	06D1	8	1140
call	48	43CF	48	440A	8	1140
call	48	43D6	00	0392	8	1140
call	48	43E5	00	06D1	8	1140
call	48	43EB	00	0392	8	1141
call	48	43FA	00	06D1	8	1141
call	48	4474	00	04D8	10	1138
call	48	4477	00	0392	10	1138
call	48	4486	00	06D1	10	1138
call	48	448C	00	0392	10	1139
call	48	449B	00	06D1	10	1139
call	48	44F8	00	050C	1	1794
call	48	4504	00	050C	1	1794
call	48	4511	48	459D	1	1794
call	48	4514	00	06D1	1	1794
call	48	451A	00	05B6	1	1795
call	48	451D	00	047A	9	1795
call	48	4523	00	06D1	9	1796
call	48	452A	00	0392	9	1796
call	48	452D	00	06D1	9	1796
call	48	4655	48	495C	6	1112
call	48	46B6	00	06D1	10	1120
call	48	46E1	00	050C	2	1728
call	48	46EE	00	06D1	2	1728
call	48	46F4	00	06D1	2	1728
call	48	46FA	00	047A	48	1730
call	48	4700	00	06D1	48	1731
call	48	4707	00	0392	48	1731
call	48	470A	48	4223	48	1731
call	48	4715	00	06D1	12	1734
call	48	47D1	00	0622	477	1140
call	48	47E9	00	0622	477	1140
call	48	4899	48	48E1	1	326
call	48	48A1	00	1620	1	326
call	48	48AA	00	1620	1	326
call	48	48EF	00	1620	112	326
call	48	4909	00	1620	392	326
call	48	495C	48	48E1	6	1112
call	48	49DB	00	06D1	1	1762
call	48	49E8	00	1620	1	1762
call	48	4A2B	00	06D1	1	1762
call	48	4A3B	00	1620	1	2377
call	48	4A45	00	06D1	1	2377
call	48	4A4E	00	06D1	1	1112
call	48	4A5B	00	1620	1	1112
call	48	4A79	00	1620	1	1112
call	48	4A83	00	06D1	1	1112
call	4E	46E6	4E	4739	1	326
call	4E	46FE	4E	4739	1	326
call	4E	4707	4E	4739	1	327
call	4E	4739	00	0392	6	22
call	4E	47AC	4E	4739	1	22
call	4E	47C8	4E	4739	1	22
call	4E	47D1	4E	4739	1	22
call	4F	4008	00	06BC	34	26
call	4F	4012	4F	4021	1	1787
call	4F	401D	4F	4021	1	1787
call	4F	404F	4F	405E	314	29
call	4F	405A	4F	405E	314	29
call	4F	40DA	4F	4146	14592	27
call	4F	40E9	4F	4146	14592	27
call	4F	4108	4F	4146	14592	27
call	4F	414B	4F	4153	25572	27
call	4F	4191	00	0545	31	27
call	4F	4230	00	0545	276	27
call	4F	427C	00	0392	276	27
call	4F	427F	4F	4083	17664	27
call	4F	4284	00	0392	17664	27
call	4F	42CA	00	050C	14	27
call	4F	42D7	4F	4166	14	27
call	4F	42DA	4F	41E0	14	27
call	4F	42DD	00	05B6	14	28
call	4F	42E0	00	047A	126	28
call	4F	42E6	00	06D1	126	29
call	4F	42ED	00	0392	126	29
call	4F	42F0	4F	41E0	126	29
call	4F	4315	00	050C	1	331
call	4F	4322	4F	4166	1	331
call	4F	4325	4F	41E0	1	331
call	4F	4328	00	05B6	1	332
call	4F	432B	00	047A	17	332
call	4F	4331	00	06D1	17	333
call	4F	4338	00	0392	17	333
call	4F	433B	4F	41E0	17	333
call	4F	4386	00	050C	14	308
call	4F	4393	4F	4166	14	308
call	4F	4396	4F	41E0	14	308
call	4F	4399	00	047A	112	309
call	4F	439F	00	06D1	112	310
call	4F	43A6	00	0392	112	310
call	4F	43A9	4F	41E0	112	310
call	4F	45D3	00	0392	10	3266
call	4F	4735	00	04D8	1	8
call	4F	473F	00	04D8	1	8
call	4F	474D	00	04D8	1	8
call	4F	475E	00	04D8	6	10
call	4F	4771	00	04D8	1	14
call	4F	4780	00	0684	1	16
call	4F	4783	00	04A0	1	16
call	4F	4786	00	059F	1	16
call	4F	478D	00	06D1	1	16
call	4F	4793	00	0331	1	16
call	4F	47A9	00	0331	1	17
call	4F	47AC	00	0392	1	17
call	4F	47B6	00	04D8	1	17
call	4F	47C0	00	04D8	1	17
call	4F	47C3	00	0392	1	17
call	4F	47C8	00	0684	1	17
call	4F	47CB	00	04A0	1	17
call	4F	47CE	00	059F	1	17
call	4F	47E8	00	04D8	6	17
call	4F	47EB	00	0392	6	18
call	4F	47F6	00	06D1	1	22
call	51	404A	00	05BD	1	6309
call	51	4060	00	06D1	1	6310
call	51	4066	00	05B6	1	6310
call	51	4069	51	4239	1	6310
call	51	4083	00	06D1	1	6310
call	51	4095	00	06D1	1	6311
call	51	40A6	00	06D1	1	6312
call	51	40B7	00	06D1	1	6312
call	51	412E	51	41D8	1	6312
call	51	4134	51	41D8	1	6312
call	51	4138	51	41FE	1	6312
call	51	4155	51	41D8	1	6312
call	51	4159	51	41FE	1	6312
call	51	415E	00	07CB	1	6312
call	51	4161	00	06D1	1	6313
call	51	4167	00	06D1	1	6313
call	51	417E	00	20E8	1	6329
call	51	4199	00	06D1	520	6329
call	51	419F	00	044B	520	6329
call	51	41A2	00	06D1	520	6330
call	51	41A8	00	06D1	520	6330
call	51	41AE	00	056A	520	6330
call	51	41C7	00	06D1	1	6849
call	51	41CD	00	06D1	1	6864
call	54	4056	00	06D1	1	5416
call	54	408B	00	06D1	1	5563
call	54	4099	00	06D1	1	5725
call	54	4106	00	06D1	1	5726
call	54	410F	00	06D1	1	5726
call	54	4118	00	06D1	1	5726
call	54	4121	00	06D1	1	5726
call	54	412C	00	06D1	1	5726
call	54	414D	00	06D1	1	5725
call	54	4185	00	06D1	1	5725
call	54	419C	00	06D1	1	6027
call	54	41B9	00	06D1	1	6173
call	54	427C	00	06D1	1	6174
call	54	485C	54	4000	1	5882
call	54	4873	00	06D1	1	5882
call	54	487C	00	06D1	1	5882
call	54	488E	00	06D1	1	5882
call	54	489B	54	44AC	20	5883
call	54	489E	00	06D1	20	5883
call	54	48FE	00	06D1	1	5900
call	57	4009	00	04D8	1	4644
call	57	400C	00	06D1	1	4644
call	57	4023	00	1620	1	4644
call	57	403E	00	06D1	2	4644
call	57	4049	57	47A6	2	4644
call	57	404C	57	44E4	2	4669
call	57	4059	00	20E8	2	4669
call	57	405F	57	40E0	653	4669
call	57	4068	57	45E6	2	5262
call	57	406B	00	06D1	2	5277
call	57	4096	00	06D1	1	5382
call	57	40AB	00	1620	1	5397
call	57	40B2	00	1620	1	5397
call	57	40B7	00	1620	1	5397
call	57	40C9	00	06D1	4	5397
call	57	40D7	00	06D1	1	5397
call	57	40E8	00	06D1	653	4669
call	57	40EE	00	044B	653	4669
call	57	40F1	00	06D1	653	4670
call	57	40F7	00	06D1	653	4670
call	57	41E0	57	546C	1	5262
call	57	41EF	00	1620	1	5262
call	57	4455	57	546C	1	5367
call	57	459F	00	1620	1	5305
call	57	45AE	00	1620	4	5305
call	57	45B8	57	510F	1	5305
call	57	466E	00	06D1	1	5262
call	57	467A	00	0A65	1	5277
call	57	4777	00	06D1	1	5367
call	57	47DD	00	06D1	1	4644
call	57	47EF	00	06D1	1	4645
call	57	4800	00	06D1	1	4646
call	57	4811	00	06D1	1	4646
call	57	4821	00	06D1	1	4646
call	57	482D	00	0A65	1	4646
call	57	483B	00	06D1	1	4646
call	57	484C	00	06D1	1	4646
call	57	4866	00	04D8	1	4646
call	57	4875	00	06D1	1	4646
call	57	4887	00	06D1	1	4647
call	57	48AA	00	04D8	1	4648
call	57	48BC	00	06D1	1	4648
call	57	48CE	00	06D1	1	4649
call	57	48E0	00	06D1	1	4650
call	57	490B	00	06D1	1	4651
call	57	4E58	00	06D1	1	5277
call	57	4E6A	00	06D1	1	5278
call	57	4E7C	00	06D1	1	5279
call	57	4E8D	00	06D1	1	5280
call	57	4E93	57	510F	1	5280
call	57	4EA1	00	06D1	1	5282
call	57	4EBB	00	04D8	1	5282
call	57	4ECA	00	06D1	1	5282
call	57	4EDC	00	06D1	1	5283
call	57	4EFF	00	04D8	1	5284
call	57	4F11	00	06D1	1	5284
call	57	4F23	00	06D1	1	5285
call	57	4F35	00	06D1	1	5286
call	57	5083	00	06D1	2	4651
call	57	5094	00	06D1	2	4652
call	57	509C	00	082C	2	4652
call	57	50A6	00	06D1	2	4653
call	57	50AC	00	06D1	2	4653
call	57	5192	00	06D1	2	5280
call	57	51A3	00	06D1	2	5280
call	57	51F4	00	06D1	2	5280
call	57	5206	00	06D1	2	5281
call	57	54F2	00	20AC	1	5262
call	57	55EE	00	20AC	1	5367
call	65	4000	00	1711	1	17
call	65	4003	00	06D1	1	22
call	65	4009	00	06D1	1	22
call	65	400F	00	06D1	1	22
call	65	4029	00	06D1	1	22
call	65	4078	00	06D1	1	324
call	65	416C	00	06D1	1	324
call	65	4176	00	06D1	1	326
call	65	417F	00	06D1	1	326
call	67	636D	00	06D1	1	23
call	67	6373	00	06D1	1	23
call	67	6385	00	06D1	1	23
call	67	6397	00	06D1	1	24
call	67	63A9	00	06D1	1	25
call	67	63BA	00	06D1	1	26
call	67	63CB	00	06D1	1	26
call	67	63DC	00	06D1	1	26
call	67	63EC	00	06D1	1	26
call	67	63F8	00	0A65	1	26
call	67	63FD	00	082C	1	26
call	67	6401	67	6437	1	22
call	67	6404	00	06D1	1	27
call	67	6414	00	20E8	1	43
call	67	641A	67	644E	1	43
call	67	641D	00	06D1	1	308
call	67	642A	00	20C4	1	323
call	67	6430	00	044B	1	323
call	67	643B	00	06D1	1	22
call	67	6441	00	06D1	1	22
call	67	6447	00	06D1	1	23
call	67	6452	00	06D1	265	43
call	67	6458	00	044B	265	43
call	67	648D	00	20AC	3	83
call	67	64BC	00	0150	1	44
call	67	64EA	00	0150	1	170
call	67	650A	00	0150	1	308
call	67	650D	00	06D1	1	308
call	68	434C	68	459A	1	308
call	68	4870	68	48DE	1	324
call	68	48E1	68	4950	1	324
call	68	48ED	68	49B6	1	324
call	68	4970	68	49FF	1	324
call	68	4984	00	151A	1	324
call	68	49D8	68	49FF	1	324
call	68	49E7	00	050C	1	324
call	68	4A32	00	04D8	1	22
call	69	40D7	00	0545	1189	3275
call	6C	59BA	00	04D8	1	1762
call	6C	59BD	00	06D1	1	1762
call	6C	59C9	00	06D1	1	1762
call	6C	59ED	00	06D1	1	1762
call	6C	59FF	00	06D1	1	1762
call	6C	5A11	00	06D1	1	1763
call	6C	5A23	00	06D1	1	1764
call	6C	5A34	00	06D1	1	1765
call	6C	5A45	00	06D1	1	1765
call	6C	5A56	00	06D1	1	1765
call	6C	5A67	00	06D1	1	1765
call	6C	5A78	00	06D1	1	1765
call	6C	5A89	00	06D1	1	1765
call	6C	5AA9	00	04D8	1	1765
call	6C	5AAC	00	0392	1	1765
call	6C	5AC4	00	06D1	1	1765
call	6C	5AD6	00	06D1	1	1766
call	6C	5AE8	00	06D1	1	1767
call	6C	5AFA	00	06D1	1	1768
call	6C	5B02	00	082C	1	1769
call	6C	5B05	00	06D1	1	1770
call	6C	5B0B	00	06D1	1	1770
call	6C	5B1E	00	047A	1	1786
call	6C	5B24	00	06D1	1	1787
call	6C	5B2B	00	0392	1	1787
call	6C	5B41	00	20E8	1	1787
call	6C	5BBE	00	06D1	1	2362
call	6C	5BD4	00	1620	8	1787
call	6C	5C12	00	06D1	1	2362
call	6C	5C85	00	04D8	1	1787
call	6C	5C94	00	06D1	1	1787
call	6C	5CA6	00	06D1	1	1788
call	6C	5CBA	6C	5E6E	1	1789
call	6C	5CC5	00	06D1	531	1810
call	6C	5CCB	00	044B	531	1810
call	6C	5CD4	6C	6009	121	1811
call	6C	5CEE	00	06D1	530	1813
call	6C	5CF4	00	06D1	530	1813
call	6C	5CFA	00	056A	530	1813
call	6C	5D64	00	20AC	1	2362
call	6C	5D70	00	1620	1	2362
call	6C	5DB4	00	06D1	1	1952
call	6C	5DC0	00	0A65	1	1952
call	6C	5E3A	00	04D8	1	1811
call	6C	5E4A	00	06D1	1	1811
call	6C	5E5D	00	06D1	1	1811
call	6C	5EB4	00	04D8	1	1789
call	6C	5EC3	00	06D1	1	1789
call	6C	5ED5	00	06D1	1	1790
call	6C	5F05	00	06D1	1	1791
call	6C	5F1E	00	06D1	1	1791
call	6C	5F26	00	082C	1	1791
call	6C	5F43	00	06D1	1	1792
call	6C	5F57	00	06D1	1	1793
call	6C	5F5F	00	06D1	1	1794
call	6C	6075	6C	5E25	1	1811
call	6C	611C	00	06D1	20	1812
call	6C	6168	00	06D1	20	1812
call	72	4015	00	06D1	1	3263
call	72	401B	00	06D1	1	3275
call	72	4021	00	06D1	1	4464
call	72	4051	00	06D1	1	5911
call	72	4057	00	06D1	1	5911
call	72	4069	00	06D1	1	5912
call	72	407A	00	06D1	1	5914
call	72	408B	00	06D1	1	5914
call	72	409C	00	06D1	1	5914
call	72	40AF	00	047A	1	5914
call	72	40B5	00	06D1	1	5915
call	72	40BC	00	0392	1	5915
call	72	40D2	00	06D1	1	5915
call	72	40E0	00	0A45	1	5915
call	72	40F6	72	43A7	1	5915
call	72	4106	00	04D8	1	5915
call	72	4112	00	06D1	1	5915
call	72	4119	00	0392	1	5915
call	72	4128	00	06D1	1	5915
call	72	413A	00	06D1	1	5916
call	72	414C	00	06D1	1	5916
call	72	4154	00	06D1	1	5918
call	72	4169	00	050C	1	5919
call	72	4175	00	050C	1	5919
call	72	4178	00	047A	1	5919
call	72	4182	00	0392	1	5920
call	72	4190	00	06D1	1	5920
call	72	4198	00	07CB	1	5922
call	72	419B	00	047A	1	5923
call	72	41A5	00	0392	1	5924
call	72	41B2	00	20AC	1	5924
call	72	41C8	00	06D1	1	5924
call	72	41D8	00	06D1	1	3263
call	72	41DE	00	06D1	1	3263
call	72	41F0	00	06D1	1	3264
call	72	4201	00	06D1	1	3265
call	72	4212	00	06D1	1	3265
call	72	4223	00	06D1	1	3265
call	72	4236	00	047A	1	3265
call	72	423C	00	06D1	1	3266
call	72	4243	00	0392	1	3266
call	72	4259	00	06D1	1	3266
call	72	4267	00	0A45	1	3266
call	72	427D	72	43A7	1	3266
call	72	4287	00	04D8	1	3266
call	72	4293	00	06D1	1	3266
call	72	42A2	00	06D1	1	3266
call	72	42A9	00	0392	1	3266
call	72	42B8	00	06D1	1	3266
call	72	42CA	00	06D1	1	3266
call	72	42DD	00	06D1	1	3267
call	72	42F0	00	04D8	1	3268
call	72	42F3	00	0392	1	3268
call	72	4303	00	06D1	1	3268
call	72	4315	00	06D1	1	3268
call	72	431D	00	06D1	1	3269
call	72	4332	00	050C	1	3270
call	72	433E	00	050C	1	3270
call	72	4341	00	047A	1	3270
call	72	434B	00	0392	1	3271
call	72	4359	00	06D1	1	3271
call	72	4361	00	07CB	1	3273
call	72	4364	00	047A	1	3274
call	72	436E	00	0392	1	3275
call	72	437B	00	20AC	1	3275
call	72	4391	00	06D1	1	3275
call	72	43A7	00	0545	2	3266
call	72	43B9	00	09E6	1	5915
call	72	440D	00	0A65	1	3266
call	72	444F	00	0392	2	4464
call	72	4470	00	0526	1	5984
call	72	447C	00	0526	1	5984
call	72	4481	00	06D1	1	5984
call	72	448F	00	0A45	1	5985
call	72	4492	00	047A	1	5985
call	72	449C	00	0392	1	5986
call	72	449F	00	06D1	1	5986
call	72	44A7	00	07CB	1	5986
call	72	44B5	00	06D1	1	5987
call	72	44BB	00	047A	1	5989
call	72	44C5	00	0392	1	5990
call	72	44CB	00	09E6	1	5990
call	72	44D6	00	06D1	1	5990
call	72	44FC	00	0526	1	4464
call	72	4508	00	0526	1	4464
call	72	450D	00	06D1	1	4464
call	72	451B	00	0A45	1	4465
call	72	451E	00	047A	1	4465
call	72	4528	00	0392	1	4466
call	72	452B	00	06D1	1	4466
call	72	4533	00	07CB	1	4466
call	72	4541	00	06D1	1	4467
call	72	4547	00	047A	1	4469
call	72	4551	00	0392	1	4470
call	72	4557	00	09E6	1	4470
call	72	4562	00	06D1	1	4470
call	72	4578	00	06D1	1189	3275
call	72	457E	00	06D1	1189	3275
call	72	4584	00	044B	1189	3275
call	72	4587	00	06D1	1189	3276
call	72	458D	00	06D1	1189	3276
call	72	4593	00	056A	1189	3276
call	72	45F4	00	20AC	1	4464
call	72	473A	00	050C	1	5911
call	72	4758	00	050C	1	3263
call	72	4776	00	050C	1	5986
call	72	4794	00	050C	1	4466
call	72	47B5	00	08B7	2	5918
call	72	47C0	00	0749	2	5918
call	72	47CC	00	0749	2	5919
call	72	47D0	00	0392	2	5919
call	72	47E6	00	08B7	2	3269
call	72	47F1	00	0749	2	3269
call	72	47FD	00	0749	2	3270
call	72	4801	00	0392	2	3270
call	72	4805	00	047A	2	3263
call	72	4820	00	0392	2	3264
call	72	4851	00	06D1	4	3271
call	72	4857	00	047A	4	3271
call	72	4868	00	0392	4	3272
call	72	489F	00	06D1	4	4467
call	72	48A5	00	047A	4	4467
call	72	48B6	00	0392	4	4468
call	75	4066	75	40B4	11	170
call	75	4244	75	4029	2	44
call	75	4277	75	40DC	2	44
call	75	427A	75	44B5	2	44
call	75	435A	75	40DC	1	170
call	75	4365	75	4000	1	170
call	75	4382	75	5F6C	1	170
call	75	4385	75	44B5	1	170
call	75	43C4	75	4397	1	5726
call	75	43CB	75	4397	1	5726
call	75	43D2	75	4397	1	5726
call	75	43E8	75	40DC	1	5726
call	75	43F4	75	448A	1	5726
call	75	43F9	75	5F6C	1	5726
call	75	4404	75	4000	1	5726
call	75	440D	75	4007	1	5726
call	75	441E	75	400F	1	5726
call	75	442F	75	44B5	1	5726
call	75	4492	75	4000	1	5726
call	75	44AD	75	400F	1	5726
call	75	44B9	75	4390	5	44
call	75	452B	75	673A	1	6027
call	75	453A	75	4000	1	6027
call	75	4544	75	5F6C	1	6027
call	75	454F	75	4000	1	6027
call	75	4561	75	4007	1	6027
call	75	4565	75	5F6C	1	6027
call	75	4572	75	5F10	1	6027
call	75	457F	75	459B	1	5725
call	75	4589	75	459B	1	5563
call	75	4593	75	459B	1	5725
call	75	45C5	75	40DC	1	5563
call	75	45D1	75	44B5	1	5563
call	75	4656	75	4000	1	5882
call	75	4661	75	4000	1	5882
call	75	466C	75	400F	1	5882
call	75	4673	75	5F6C	1	5882
call	75	46BB	75	5F10	1	5882
call	75	4928	75	4397	1	5882
call	75	492F	75	4397	1	5882
call	75	4940	75	4000	1	5882
call	75	4948	75	4007	1	5882
call	75	4963	75	4000	1	5882
call	75	496A	75	6974	1	5882
call	75	4979	75	400F	1	5882
call	75	497C	75	6974	1	5882
call	75	498B	75	4000	1	5882
call	75	4996	75	4000	1	5882
call	75	49A1	75	4000	1	5882
call	75	49C5	75	673F	1	5900
call	75	49D0	75	4000	1	5900
call	75	49E2	75	4007	1	5900
call	75	49E6	75	5F6C	1	5900
call	75	49F3	75	5F10	1	5900
call	75	5648	75	5693	2	308
call	75	564B	75	4029	2	308
call	75	587A	75	58CE	128	52
call	75	5890	75	58CE	706	52
call	75	58A1	75	5671	128	52
call	75	58E2	75	5671	834	52
call	75	58EF	75	5B46	32	52
call	75	58F2	75	6149	20656	44
call	75	5983	75	5FA0	3	5821
call	75	5997	75	5693	5	169
call	75	5A0C	75	5F10	5	51
call	75	5C06	75	4000	6	186
call	75	5CFD	75	4000	5	5893
call	75	5D39	75	4000	1	5887
call	75	5D8A	75	5DE2	3	5822
call	75	5D8D	75	5E1E	3	5822
call	75	5DD3	75	5DE2	1	5752
call	75	5DD6	75	5E1E	1	5752
call	75	5F10	75	40B4	37	44
call	75	5F75	75	5F96	104	170
call	75	5F7C	75	5F96	52	170
call	75	5FE9	75	5F10	3	5821
call	75	62D3	75	4000	1	5750
call	75	62DB	75	4000	1	5750
call	75	62F2	75	4000	1	5750
call	75	62F6	75	5F6C	1	5750
call	75	63FF	75	67F7	1	6030
call	75	6443	75	4000	1	6030
call	75	644C	75	5F6C	1	6030
call	75	6463	75	5F6C	1	5887
call	75	666E	75	5F6C	1	5890
call	75	6671	75	673A	1	5890
call	75	6681	75	5F6C	1	5890
call	75	6691	75	5F6C	1	5890
call	75	6697	75	67DB	1	5890
call	75	67F7	75	681D	5	5893
call	75	6840	75	4000	5	5893
call	75	69C0	75	67F7	1	5893
call	75	69CC	75	673A	1	5893
call	75	69E0	75	67F7	1	5896
call	75	69EC	75	673A	1	5896
call	75	69FD	75	67F7	1	5899
call	75	6A0E	75	68E9	1	5899
call	75	6A70	75	67F7	1	5902
call	75	6A82	75	6AC2	1	5902
call	75	6A92	75	6AC2	1	5902
call	75	755A	75	4000	3	5589
call	75	7561	75	7554	1	5589
call	75	7569	75	400F	1	5589
call	75	7571	75	7554	1	5725
call	75	757E	75	7554	1	5725
call	75	7584	75	75AD	1	5725
call	75	758C	75	400F	1	5725
call	75	7593	75	75AD	1	5725
call	75	759B	75	400F	1	5725
call	75	75A2	75	75AD	1	5725
call	75	75BC	75	75E2	1	5725
call	75	7663	75	5F6C	1	186
call	7C	7B7C	00	06D1	1	1112
call	7C	7B85	00	06D1	1	1112
call	7C	7B8B	00	0545	1	1762
call	7C	7B9A	00	06D1	1	1762
call	7C	7BB7	00	06D1	1	1762
call	7C	7BC0	00	06D1	2	2377
call	7C	7BC6	00	0545	1	3227
call	7C	7CFA	00	06D1	1	3227
call	7C	7D00	00	06D1	1	3227
call	7C	7D15	00	06D1	1	3227
call	7D	7BBA	7D	7BC1	1648	327
call	7D	7BC1	7D	7B7C	6673	327
irq	00	0040	00	0040	7854	17
irq	00	0048	00	0048	335727	1140
irq	00	0050	00	0050	20656	44
irq	00	0058	00	0058	1940	44
jphl	00	0550	1C	401D	1	1112
jphl	00	0550	1D	41AA	1571	2409
jphl	00	0550	1D	41BD	1	3196
jphl	00	0550	1F	41F3	560	1142
jphl	00	0550	1F	4217	1	1728
jphl	00	0550	4F	41C2	31	27
jphl	00	0550	4F	4261	276	27
jphl	00	0550	51	4199	519	6330
jphl	00	0550	51	41BB	1	6849
jphl	00	0550	69	414D	1189	3275
jphl	00	0550	6C	5D07	529	1813
jphl	00	0550	6C	5D5A	1	2362
jphl	00	0550	72	43B6	1	5915
jphl	00	0550	72	4407	1	3266
jphl	00	0550	72	45A0	1187	3276
jphl	00	0550	72	45EA	1	4464
jphl	00	0550	72	4600	1	3830
jphl	00	0550	7C	7B9A	1	1762
jphl	00	0550	7C	7CF6	1	3227
jphl	04	45DA	04	45DB	39	44
jphl	04	45DA	04	4777	37	1503
jphl	04	45DA	04	479B	24	3088
jphl	04	45DA	04	47A3	64	1323
jphl	04	45DA	04	47E3	42	44
jphl	04	45DA	04	483A	79	44
jphl	04	45DA	04	484E	425	44
jphl	04	45DA	04	4896	242	532
jphl	04	45DA	04	48D5	10	1095
jphl	04	45DA	04	48EC	11	502
jphl	04	45DA	04	4925	11	502
jphl	04	45DA	04	492A	79	44
jphl	04	45DA	04	4970	11	502
jphl	0E	4093	0E	40A2	1	327
jphl	0E	4093	0E	40CA	97	364
jphl	0E	4093	0E	411A	1	476
jphl	0E	4093	0E	417B	593	502
jphl	0E	4093	0E	41FE	1	1095
jphl	65	403B	65	4078	1	324
jphl	65	408A	65	408B	1	324
jphl	67	64AD	67	64B4	1	44
jphl	67	64AD	67	64C7	126	45
jphl	67	64AD	67	64F5	138	171
jphl	68	487F	68	4880	1	324
ret	HRAM	FF89	-	-	7854	17
ret	00	01B6	-	-	13	44
ret	00	01EC	-	-	1940	44
ret	00	0246	-	-	20656	44
ret	00	0349	-	-	2	16
ret	00	0351	-	-	4	16
ret	00	03B9	-	-	25379	0
ret	00	044A	-	-	7854	17
ret	00	0463	-	-	6160	44
ret	00	0479	-	-	839	3229
ret	00	0496	-	-	333	29
ret	00	04D7	-	-	2	16
ret	00	04E0	-	-	56	8
ret	00	04ED	-	-	50	1
ret	00	0516	-	-	67	26
ret	00	0525	-	-	13	324
ret	00	053F	-	-	4	4464
ret	00	05AB	-	-	3	8
ret	00	05BC	-	-	21	28
ret	00	05EC	-	-	5	5398
ret	00	0601	-	-	1	0
ret	00	0621	-	-	1	0
ret	00	0623	-	-	8052	22
ret	00	0630	-	-	958	1140
ret	00	063C	-	-	40814	16
ret	00	063E	-	-	11743	43
ret	00	064B	-	-	114	26
ret	00	0657	-	-	1193	3271
ret	00	0672	-	-	11741	43
ret	00	0683	-	-	24089	16
ret	00	06B6	-	-	2	16
ret	00	0779	-	-	222	27
ret	00	07BA	-	-	344	24
ret	00	07FA	-	-	7	331
ret	00	085A	-	-	95	27
ret	00	08B6	-	-	5	5398
ret	00	08BB	-	-	7	5398
ret	00	08C0	-	-	104	26
ret	00	0903	-	-	46	26
ret	00	091B	-	-	228	26
ret	00	093A	-	-	11	1120
ret	00	09B5	-	-	6996	43
ret	00	09E5	-	-	18	23
ret	00	0A08	-	-	3	4470
ret	00	0A19	-	-	7014	23
ret	00	0A64	-	-	4	3266
ret	00	0A81	-	-	29	26
ret	00	0AB7	-	-	27	26
ret	00	0AE7	-	-	27	26
ret	00	0B9C	-	-	397	102
ret	00	0BBA	-	-	11344	43
ret	00	0BBC	-	-	86203	43
ret	00	0C0D	-	-	35	1119
ret	00	0D91	-	-	32	5862
ret	00	0EB1	-	-	1535	3229
ret	00	0ED2	-	-	1563	3229
ret	00	14C5	-	-	6	5725
ret	00	1532	-	-	1	324
ret	00	163D	-	-	13	4644
ret	00	1668	-	-	533	326
ret	00	1683	-	-	1449	1138
ret	00	16C3	-	-	68	2387
ret	00	16CC	-	-	330318	1140
ret	00	16D3	-	-	2311	1140
ret	00	172C	-	-	1	22
ret	00	2104	-	-	33312	8
ret	00	210A	-	-	33312	8
ret	00	2124	-	-	7884	17
ret	00	2128	-	-	1	0
ret	00	214E	-	-	7884	17
ret	04	4166	-	-	16044	17
ret	04	416B	-	-	16022	17
ret	04	4176	-	-	48073	17
ret	04	41AB	-	-	25460	17
ret	04	41B0	-	-	23329	17
ret	04	41BF	-	-	69987	17
ret	04	434B	-	-	36	43
ret	04	4378	-	-	36	43
ret	04	4385	-	-	43	83
ret	04	43DB	-	-	79	44
ret	04	444A	-	-	1	323
ret	04	453E	-	-	39	324
ret	04	4543	-	-	7807	17
ret	04	4565	-	-	288	747
ret	04	4577	-	-	35963	17
ret	04	45E5	-	-	39	44
ret	04	46E7	-	-	27738	84
ret	04	4818	-	-	42	44
ret	04	4895	-	-	1155	44
ret	04	4BD3	-	-	17242	17
ret	04	4BD8	-	-	13728	503
ret	04	4BE5	-	-	16661	17
ret	04	4BEA	-	-	456	84
ret	04	4BF9	-	-	57	1152
ret	04	4BFB	-	-	11732	85
ret	04	4C0A	-	-	2041	87
ret	04	4C1F	-	-	15772	17
ret	04	4DCF	-	-	11101	85
ret	04	4DDE	-	-	931	84
ret	04	4E03	-	-	2095	84
ret	04	4E33	-	-	2095	84
ret	04	4E3B	-	-	5286	85
ret	04	4E4A	-	-	1498	520
ret	04	4E7C	-	-	748	502
ret	04	4E9A	-	-	864	84
ret	04	4EAF	-	-	247	92
ret	04	4EC9	-	-	236	84
ret	04	4F2C	-	-	1835	84
ret	04	4F4E	-	-	803	502
ret	04	4F96	-	-	2095	84
ret	04	4FB7	-	-	916	502
ret	04	4FBF	-	-	1203	84
ret	04	4FCA	-	-	443	523
ret	04	4FD3	-	-	483	84
ret	04	4FE4	-	-	2802	44
ret	04	4FE9	-	-	776	84
ret	04	5006	-	-	1835	84
ret	04	5028	-	-	4414	44
ret	04	502A	-	-	1800	84
ret	04	5041	-	-	1327	84
ret	04	5043	-	-	5035	84
ret	0E	40C9	-	-	1	363
ret	0E	410B	-	-	97	364
ret	0E	417A	-	-	1	501
ret	0E	41FD	-	-	593	502
ret	0E	4209	-	-	1	1110
ret	0E	4310	-	-	1	485
ret	0E	432F	-	-	1	484
ret	0E	434A	-	-	1	485
ret	0E	43B0	-	-	1	331
ret	1D	429F	-	-	5	3001
ret	1D	42AB	-	-	1	2997
ret	1D	42FD	-	-	7	2387
ret	1D	4309	-	-	3	2387
ret	1D	4373	-	-	7	2387
ret	1D	437F	-	-	1	2996
ret	1D	439F	-	-	1523	2410
ret	1D	43D2	-	-	26	2440
ret	1D	43F9	-	-	27	2410
ret	1F	44D4	-	-	1	1120
ret	1F	44DE	-	-	542	1142
ret	1F	452C	-	-	10	1120
ret	1F	4531	-	-	9	1172
ret	1F	4565	-	-	560	1142
ret	22	4F23	-	-	1	326
ret	22	4F4F	-	-	1	326
ret	22	501C	-	-	1	326
ret	23	433B	-	-	1	3263
ret	23	43DE	-	-	1	3246
ret	23	47BB	-	-	1	3246
ret	23	58C4	-	-	1	5903
ret	23	5FA2	-	-	1	5903
ret	25	53A9	-	-	2	3245
ret	26	5343	-	-	20	5883
ret	26	5908	-	-	19	5885
ret	26	59B5	-	-	1	5885
ret	27	4750	-	-	357	5417
ret	27	4D4D	-	-	2	5416
ret	29	4607	-	-	1	6964
ret	29	4744	-	-	1	6888
ret	29	4E54	-	-	1	6871
ret	29	4F6B	-	-	3	6870
ret	29	4FD6	-	-	3	6870
ret	29	4FF6	-	-	1	6871
ret	2D	4E2C	-	-	3	3231
ret	2D	5053	-	-	2	5861
ret	2D	508B	-	-	8	5856
ret	2E	4291	-	-	1	6006
ret	2E	4C57	-	-	1	5880
ret	2E	538A	-	-	1	5911
ret	2E	53A7	-	-	1	5882
ret	2E	5497	-	-	1	5882
ret	2E	561B	-	-	21	5885
ret	2E	56D0	-	-	3	5863
ret	48	40A8	-	-	11	1811
ret	48	4159	-	-	2	4649
ret	48	4222	-	-	16	1140
ret	48	422D	-	-	741	1142
ret	48	4232	-	-	719	1322
ret	48	4259	-	-	629	1323
ret	48	42CE	-	-	88	1333
ret	48	42D3	-	-	2	1726
ret	48	4409	-	-	8	1142
ret	48	445F	-	-	8	1140
ret	48	44DF	-	-	10	1140
ret	48	453F	-	-	1	1810
ret	48	45F3	-	-	1	1794
ret	48	465B	-	-	6	1112
ret	48	4678	-	-	5	5397
ret	48	46C5	-	-	10	1120
ret	48	4727	-	-	2	1760
ret	48	480E	-	-	477	1140
ret	48	48B7	-	-	1	326
ret	48	48BB	-	-	7	1112
ret	48	491F	-	-	7	326
ret	48	498B	-	-	6	1112
ret	48	4A8B	-	-	1	1112
ret	48	4ADA	-	-	1	22
ret	4E	472F	-	-	1	327
ret	4E	4748	-	-	6	22
ret	4E	47EA	-	-	1	22
ret	4F	400D	-	-	34	26
ret	4F	4020	-	-	1	1787
ret	4F	4036	-	-	1	1787
ret	4F	404A	-	-	1	1787
ret	4F	405D	-	-	314	29
ret	4F	4082	-	-	628	29
ret	4F	4130	-	-	16640	27
ret	4F	4145	-	-	1024	322
ret	4F	4152	-	-	25572	27
ret	4F	4165	-	-	43776	27
ret	4F	41DF	-	-	31	27
ret	4F	41E4	-	-	32	43
ret	4F	428D	-	-	276	28
ret	4F	42FE	-	-	14	43
ret	4F	4349	-	-	1	363
ret	4F	43B7	-	-	14	323
ret	4F	4603	-	-	3	3266
ret	4F	47A4	-	-	1	17
ret	4F	47FC	-	-	1	22
ret	51	41FD	-	-	3	6312
ret	51	4224	-	-	2	6312
ret	51	4244	-	-	2	6309
ret	51	425E	-	-	1	5397
ret	54	4010	-	-	1	5882
ret	54	405C	-	-	1	5416
ret	54	406A	-	-	235	5520
ret	54	4093	-	-	1	5563
ret	54	40A7	-	-	1	5725
ret	54	4134	-	-	1	5726
ret	54	413A	-	-	1	5758
ret	54	418B	-	-	1	5725
ret	54	41A2	-	-	1	6027
ret	54	41B0	-	-	145	6028
ret	54	41C4	-	-	1	6173
ret	54	4265	-	-	1	6173
ret	54	4287	-	-	1	6174
ret	54	44C2	-	-	20	5883
ret	54	4894	-	-	1	5882
ret	54	48B1	-	-	18	5885
ret	54	4906	-	-	1	5900
ret	54	4913	-	-	1	5903
ret	57	40DF	-	-	1	5397
ret	57	4100	-	-	651	4670
ret	57	41FD	-	-	1	5262
ret	57	445D	-	-	1	5367
ret	57	4511	-	-	1	4669
ret	57	45BB	-	-	1	5307
ret	57	467D	-	-	1	5277
ret	57	477D	-	-	1	5382
ret	57	50B2	-	-	2	4669
ret	57	520C	-	-	2	5282
ret	57	54F8	-	-	1	5262
ret	57	55F4	-	-	1	5367
ret	65	41A9	-	-	1	327
ret	67	6400	-	-	1	27
ret	67	6436	-	-	1	324
ret	67	644D	-	-	1	27
ret	67	651F	-	-	1	308
ret	68	4020	-	-	1	5416
ret	68	4364	-	-	1	308
ret	68	446D	-	-	1	5726
ret	68	44F8	-	-	1	5725
ret	68	45DE	-	-	1	308
ret	68	48D0	-	-	1	324
ret	68	48F2	-	-	1	324
ret	68	49B5	-	-	1	324
ret	68	49FE	-	-	1	324
ret	68	4A0E	-	-	2	324
ret	68	4A49	-	-	1	22
ret	69	4151	-	-	1189	3275
ret	6C	5E6D	-	-	1	1812
ret	6C	5F6D	-	-	1	1810
ret	6C	6012	-	-	100	1814
ret	6C	6044	-	-	1	1952
ret	6C	6197	-	-	20	1813
ret	72	41D7	-	-	1	5924
ret	72	43A0	-	-	1	3275
ret	72	43C0	-	-	1	5915
ret	72	444E	-	-	1	3266
ret	72	44E5	-	-	1	5990
ret	72	4571	-	-	1	4470
ret	72	47D3	-	-	2	5919
ret	72	4804	-	-	2	3270
ret	72	4823	-	-	2	3264
ret	72	4871	-	-	2	3273
ret	72	48BF	-	-	2	4469
ret	75	4006	-	-	37	170
ret	75	400A	-	-	4	5726
ret	75	4028	-	-	7	5589
ret	75	402F	-	-	36	44
ret	75	40DB	-	-	48	44
ret	75	4114	-	-	5	44
ret	75	4396	-	-	5	44
ret	75	43A6	-	-	5	5726
ret	75	443C	-	-	1	5563
ret	75	45AD	-	-	2	5725
ret	75	5692	-	-	962	52
ret	75	56AC	-	-	7	169
ret	75	56D1	-	-	5	54
ret	75	58CD	-	-	1940	44
ret	75	58E9	-	-	834	52
ret	75	5B45	-	-	20656	44
ret	75	5DE7	-	-	1	5752
ret	75	5E06	-	-	2	5960
ret	75	5E18	-	-	1	5822
ret	75	5E30	-	-	4	5752
ret	75	5F6B	-	-	37	44
ret	75	5F95	-	-	13	170
ret	75	5F9F	-	-	156	170
ret	75	5FF1	-	-	3	5821
ret	75	614E	-	-	2704	44
ret	75	6154	-	-	5128	170
ret	75	61F8	-	-	5118	54
ret	75	6347	-	-	1	5758
ret	75	63F7	-	-	2559	6037
ret	75	6659	-	-	1	5890
ret	75	674F	-	-	5	5890
ret	75	6808	-	-	5	5893
ret	75	6845	-	-	5	5893
ret	75	68F0	-	-	2	5899
ret	75	697E	-	-	2	5882
ret	75	6A13	-	-	1	5899
ret	75	6B26	-	-	2	5902
ret	75	74E8	-	-	2559	5589
ret	75	755E	-	-	3	5589
ret	75	75E1	-	-	3	5725
ret	75	75E4	-	-	1	5725
ret	75	7641	-	-	2559	191
ret	7D	7BA3	-	-	6673	327
ret	7D	7BB6	-	-	5025	1142
ret	7D	7BC0	-	-	1648	327
ret	7D	7BEF	-	-	6673	327
ret	7D	7C11	-	-	10	16
ret	7F	61FE	-	-	1	5416
ret	7F	620B	-	-	5	5416
ret	7F	72AF	-	-	6	3228
ret	7F	72C1	-	-	6	3246
ret	7F	72E1	-	-	5	5882
ret_unmatched	00	0A29	00	0B54	1195	3271
ret_unmatched	00	0B53	00	0A1A	1195	3271
ret_unmatched	0E	405E	00	06FF	1	1112
ret_unmatched	0E	4082	0E	4021	1	1112
ret_unmatched	1D	41EB	00	06FF	1	3227
ret_unmatched	1F	4251	00	06FF	1	1762
ret_unmatched	23	4C8C	00	06FF	1	6979
ret_unmatched	27	44E0	00	06FF	1	5853
ret_unmatched	27	49AF	00	06FF	1	6309
ret_unmatched	48	4A4D	00	06FF	1	2377
ret_unmatched	51	41D7	00	06FF	1	6864
ret_unmatched	6C	5C1A	00	06FF	1	2377
ret_unmatched	72	4029	00	06FF	1	4470
ret_unmatched	72	45FF	00	06FF	1	4464
ret_unmatched	75	4006	75	5E31	1	5758
ret_unmatched	75	4028	00	018D	2	5725
ret_unmatched	75	406F	75	4235	2	44
ret_unmatched	75	406F	75	4329	1	170
ret_unmatched	75	406F	75	43B1	1	5726
ret_unmatched	75	406F	75	44CB	1	6027
ret_unmatched	75	406F	75	457D	1	5725
ret_unmatched	75	406F	75	4587	1	5563
ret_unmatched	75	406F	75	4591	1	5725
ret_unmatched	75	406F	75	490A	1	5882
ret_unmatched	75	406F	75	49A9	1	5900
ret_unmatched	75	406F	75	563A	3	308
ret_unmatched	75	422F	00	018D	1	6174
ret_unmatched	75	443C	00	018D	7	44
ret_unmatched	75	44B4	75	43F7	1	5726
ret_unmatched	75	4590	00	018D	1	5563
ret_unmatched	75	565B	00	018D	2	308
ret_unmatched	75	5BC6	75	5E31	5	54
ret_unmatched	75	5BD2	75	5E31	2	5890
ret_unmatched	75	5BD8	75	5E31	1	6033
ret_unmatched	75	5BF8	75	5E31	1	6035
ret_unmatched	75	5C0E	75	5E31	6	186
ret_unmatched	75	5D2B	75	5E31	5	5893
ret_unmatched	75	5D41	75	5E31	1	5887
ret_unmatched	75	5D6A	75	5E31	5	52
ret_unmatched	75	5D78	75	5E31	1	5754
ret_unmatched	75	5D98	75	5E31	3	5822
ret_unmatched	75	5DE1	75	5E31	1	5752
ret_unmatched	75	6181	75	61F1	5122	52
ret_unmatched	75	6181	75	626C	6	5737
ret_unmatched	75	6181	75	63E7	2564	6030
ret_unmatched	75	6181	75	6457	2	5887
ret_unmatched	75	6181	75	69B2	3	5893
ret_unmatched	75	6181	75	6A6C	1	5902
ret_unmatched	75	6181	75	74DB	2563	5573
ret_unmatched	75	6181	75	7634	2563	178
ret_unmatched	75	756E	75	7540	1	5589
