# region	addr	wram_bank	bytes(3)	count	first_frame	last_frame
# distinct 3-byte windows seen at executed RAM instruction starts (self-modifying / relocated code shows several rows per addr).
# at most 12 windows per address are listed (highest count first); the remainder is one row with bytes '*' (count = executions, first_frame = number of distinct windows).
WRAM	C133	0	C3BA03	1211	1047	3888
WRAM	CBF1	0	C3BA03	24928	17	26410
WRAM	CBF1	0	C3D416	1211	1047	3888
WRAM	CBF4	0	C3C416	174162	1046	3888
WRAM	CBF7	0	C3ED01	93536	44	25468
WRAM	CBFA	0	C3B701	6576	44	25352
HRAM	FF80	0	3EC0E0	26139	17	26410
HRAM	FF82	0	E0463E	26139	17	26410
HRAM	FF84	0	3E283D	26139	17	26410
HRAM	FF86	0	3D20FD	1045560	17	26410
HRAM	FF87	0	20FDC9	1045560	17	26410
HRAM	FF89	0	C90E00	6128	328	18083
HRAM	FF89	0	C96C00	5043	1655	18910
HRAM	FF89	0	C96700	4288	23	25485
HRAM	FF89	0	C96500	3896	19933	26410
HRAM	FF89	0	C95C00	2560	4800	19911
HRAM	FF89	0	C94F00	2456	17	26351
HRAM	FF89	0	C91F00	1054	1026	3854
HRAM	FF89	0	C97F00	228	4805	26322
HRAM	FF89	0	C94800	220	1045	22993
HRAM	FF89	0	C92200	72	325	25490
HRAM	FF89	0	C95800	51	19934	26300
HRAM	FF89	0	C94A00	48	24	25187
HRAM	FF89	0	*	95	8	-
HRAM	FFA8	0	3E0021	51247	16	26410
HRAM	FFA8	0	3E0121	28257	43	26352
HRAM	FFA8	0	3E0721	4956	26	26358
HRAM	FFA8	0	3E0421	4644	324	26355
HRAM	FFA8	0	3E5821	4013	1135	26410
HRAM	FFA8	0	3E7F21	2205	323	26351
HRAM	FFA8	0	3E0321	1947	576	26354
HRAM	FFA8	0	3E0821	1462	1055	26359
HRAM	FFA8	0	3EFF21	1258	31	26351
HRAM	FFA8	0	3EF321	1126	1048	25784
HRAM	FFA8	0	3ED821	325	1265	26306
HRAM	FFA8	0	3E0E21	320	328	26365
HRAM	FFA8	0	*	15046	244	-
HRAM	FFAA	0	21075D	22739	1702	18910
HRAM	FFAA	0	213B52	12640	4841	19911
HRAM	FFAA	0	21EDC2	12399	16	26410
HRAM	FFAA	0	215849	11382	19984	26410
HRAM	FFAA	0	21E7C0	5270	1048	3854
HRAM	FFAA	0	21F564	4384	171	25468
HRAM	FFAA	0	21C764	4000	45	25330
HRAM	FFAA	0	2180D8	1657	29	26351
HRAM	FFAA	0	21F341	1450	1048	3853
HRAM	FFAA	0	2100D8	1253	29	26351
HRAM	FFAA	0	21A0C0	1217	4803	26322
HRAM	FFAA	0	21B8C0	1217	4803	26322
HRAM	FFAA	0	*	37198	1123	-
HRAM	FFAD	0	C35609	18614	43	25468
HRAM	FFAD	0	C3A47B	12142	1048	26410
HRAM	FFAD	0	C3C17B	12142	1048	26410
HRAM	FFAD	0	C36540	7206	327	26322
HRAM	FFAD	0	C3B77B	6002	327	26176
HRAM	FFAD	0	C36E40	5994	363	18081
HRAM	FFAD	0	C3CB5C	4721	1699	18910
HRAM	FFAD	0	C3F45C	4707	1702	18910
HRAM	FFAD	0	C3FA5C	4707	1702	18910
HRAM	FFAD	0	C35864	4240	43	25468
HRAM	FFAD	0	C34549	3811	19983	26410
HRAM	FFAD	0	C34B49	3811	19983	26410
HRAM	FFAD	0	*	28709	264	-
