# analysis/mapper/bank7F.tsv -- generated by tools/mapper.py (do not edit); see docs/research/code_map.md
# config/regions format: start	end	kind	label	status	note   (end exclusive; tiles the bank window 4000-8000 exactly)
4000	4007	data	Data_7F_4000	HYPOTHESIS	UNCLASSIFIED 7 bytes: no code/data evidence (see analysis/mapper/unknown_spans.tsv for the hint)
4007	4019	code	Function_7F_4007	CONFIRMED	9 insn(s); 9 executed (in up to 12/18 scenarios); entry proven: target of an executed call/far call
4019	401B	code	-	PROBABLE	1 insn(s) reached by static flow only; seeds: exec x1; min discovery hops 1; entered by jrcc from 7F:4011 (executed)
401B	4042	code	-	CONFIRMED	25 insn(s); 25 executed (in up to 12/18 scenarios)
4042	404C	data	Data_7F_4042	HYPOTHESIS	UNCLASSIFIED 10 bytes: no code/data evidence (see analysis/mapper/unknown_spans.tsv for the hint)
404C	405F	code	-	PROBABLE	6 insn(s) reached by static flow only; seeds: site x6; min discovery hops 0; run starts at a raw `CD D1 06` (far-call) pattern site whose target agrees with decoded code
405F	4083	code	Function_7F_405F	CONFIRMED	16 insn(s); 16 executed (in up to 13/18 scenarios); entry proven: target of an executed call/far call
4083	4087	code	-	PROBABLE	2 insn(s) reached by static flow only; seeds: exec x2; min discovery hops 0; fall-through of the jrcc at 7F:4081 (executed)
4087	40F9	code	-	CONFIRMED	82 insn(s); 82 executed (in up to 13/18 scenarios)
40F9	4150	data	Data_7F_40F9	PROBABLE	font_row_bank_table: 87 bytes: ROM bank holding JIS row r (index r-1), read at 7F:40C0-40C8 (ld hl,$40F9 ; a=row-1 ; add a,l) (verified structure, layout from engine code)
4150	41A7	data	Data_7F_4150	PROBABLE	font_row_first_table: 87 bytes: first JIS row stored in the bank of row r, read at 7F:40CA-40D6 (ld hl,$4150) (verified structure, layout from engine code)
41A7	41B3	code	Function_7F_41A7	CONFIRMED	8 insn(s); 8 executed (in up to 4/18 scenarios); entry proven: target of an executed call/far call
41B3	41C5	code	-	PROBABLE	10 insn(s) reached by static flow only; seeds: exec x10; min discovery hops 0; fall-through of the jrcc at 7F:41B1 (executed)
41C5	4202	code	-	CONFIRMED	43 insn(s); 43 executed (in up to 14/18 scenarios)
4202	4204	data	Data_7F_4202	HYPOTHESIS	UNCLASSIFIED 2 bytes: no code/data evidence (see analysis/mapper/unknown_spans.tsv for the hint)
4204	422B	code	-	CONFIRMED	32 insn(s); 32 executed (in up to 6/18 scenarios)
422B	424A	code	-	PROBABLE	24 insn(s) reached by static flow only; seeds: table x24; min discovery hops 0; run starts at an entry of the code-pointer table at 7F:42A5
424A	425A	code	-	CONFIRMED	13 insn(s); 13 executed (in up to 2/18 scenarios)
425A	4275	code	-	PROBABLE	21 insn(s) reached by static flow only; seeds: table x21; min discovery hops 0; run starts at an entry of the code-pointer table at 7F:42A5
4275	4284	code	-	CONFIRMED	12 insn(s); 12 executed (in up to 9/18 scenarios)
4284	42A3	code	-	PROBABLE	25 insn(s) reached by static flow only; seeds: table x25; min discovery hops 0; run starts at an entry of the code-pointer table at 7F:42A5
42A3	42C3	ptrtable	Table_7F_42A3	PROBABLE	little-endian word table, 16 entries, monotone=1.00, 0% of targets on string start/after NUL, targets $4202..$42A1; referenced by ld r16,$42A3 at 7F:41F8
42C3	4354	code	Function_7F_42C3	CONFIRMED	92 insn(s); 92 executed (in up to 14/18 scenarios); entry proven: target of an executed call/far call
4354	4368	code	-	PROBABLE	12 insn(s) reached by static flow only; seeds: exec x12; min discovery hops 0; fall-through of the jrcc at 7F:4352 (executed)
4368	4399	code	-	CONFIRMED	36 insn(s); 36 executed (in up to 14/18 scenarios)
4399	43AD	code	-	PROBABLE	12 insn(s) reached by static flow only; seeds: exec x12; min discovery hops 0; fall-through of the jrcc at 7F:4397 (executed)
43AD	43DE	code	-	CONFIRMED	36 insn(s); 36 executed (in up to 14/18 scenarios)
43DE	43F2	code	-	PROBABLE	12 insn(s) reached by static flow only; seeds: exec x12; min discovery hops 0; fall-through of the jrcc at 7F:43DC (executed)
43F2	4423	code	-	CONFIRMED	36 insn(s); 36 executed (in up to 14/18 scenarios)
4423	4437	code	-	PROBABLE	12 insn(s) reached by static flow only; seeds: exec x12; min discovery hops 0; fall-through of the jrcc at 7F:4421 (executed)
4437	4468	code	-	CONFIRMED	36 insn(s); 36 executed (in up to 14/18 scenarios)
4468	447C	code	-	PROBABLE	12 insn(s) reached by static flow only; seeds: exec x12; min discovery hops 0; fall-through of the jrcc at 7F:4466 (executed)
447C	44B8	code	-	CONFIRMED	43 insn(s); 43 executed (in up to 14/18 scenarios)
44B8	44C1	code	-	PROBABLE	5 insn(s) reached by static flow only; seeds: exec x5; min discovery hops 0; fall-through of the jrcc at 7F:44B6 (executed)
44C1	44F2	code	-	CONFIRMED	36 insn(s); 36 executed (in up to 14/18 scenarios)
44F2	4506	code	-	PROBABLE	12 insn(s) reached by static flow only; seeds: exec x12; min discovery hops 0; fall-through of the jrcc at 7F:44F0 (executed)
4506	457C	code	-	CONFIRMED	84 insn(s); 84 executed (in up to 14/18 scenarios)
457C	4590	code	-	PROBABLE	12 insn(s) reached by static flow only; seeds: exec x12; min discovery hops 0; fall-through of the jrcc at 7F:457A (executed)
4590	45CC	code	-	CONFIRMED	43 insn(s); 43 executed (in up to 14/18 scenarios)
45CC	45D5	code	-	PROBABLE	5 insn(s) reached by static flow only; seeds: exec x5; min discovery hops 0; fall-through of the jrcc at 7F:45CA (executed)
45D5	4606	code	-	CONFIRMED	36 insn(s); 36 executed (in up to 14/18 scenarios)
4606	461A	code	-	PROBABLE	12 insn(s) reached by static flow only; seeds: exec x12; min discovery hops 0; fall-through of the jrcc at 7F:4604 (executed)
461A	4656	code	-	CONFIRMED	43 insn(s); 43 executed (in up to 14/18 scenarios)
4656	465F	code	-	PROBABLE	5 insn(s) reached by static flow only; seeds: exec x5; min discovery hops 0; fall-through of the jrcc at 7F:4654 (executed)
465F	4690	code	-	CONFIRMED	36 insn(s); 36 executed (in up to 14/18 scenarios)
4690	46A4	code	-	PROBABLE	12 insn(s) reached by static flow only; seeds: exec x12; min discovery hops 0; fall-through of the jrcc at 7F:468E (executed)
46A4	46D5	code	-	CONFIRMED	36 insn(s); 36 executed (in up to 14/18 scenarios)
46D5	46E9	code	-	PROBABLE	12 insn(s) reached by static flow only; seeds: exec x12; min discovery hops 0; fall-through of the jrcc at 7F:46D3 (executed)
46E9	471A	code	-	CONFIRMED	36 insn(s); 36 executed (in up to 14/18 scenarios)
471A	472E	code	-	PROBABLE	12 insn(s) reached by static flow only; seeds: exec x12; min discovery hops 0; fall-through of the jrcc at 7F:4718 (executed)
472E	47A4	code	-	CONFIRMED	84 insn(s); 84 executed (in up to 14/18 scenarios)
47A4	47B8	code	-	PROBABLE	12 insn(s) reached by static flow only; seeds: exec x12; min discovery hops 0; fall-through of the jrcc at 7F:47A2 (executed)
47B8	47E9	code	-	CONFIRMED	36 insn(s); 36 executed (in up to 14/18 scenarios)
47E9	47FD	code	-	PROBABLE	12 insn(s) reached by static flow only; seeds: exec x12; min discovery hops 0; fall-through of the jrcc at 7F:47E7 (executed)
47FD	482E	code	-	CONFIRMED	36 insn(s); 36 executed (in up to 14/18 scenarios)
482E	4842	code	-	PROBABLE	12 insn(s) reached by static flow only; seeds: exec x12; min discovery hops 0; fall-through of the jrcc at 7F:482C (executed)
4842	4873	code	-	CONFIRMED	36 insn(s); 36 executed (in up to 14/18 scenarios)
4873	4887	code	-	PROBABLE	12 insn(s) reached by static flow only; seeds: exec x12; min discovery hops 0; fall-through of the jrcc at 7F:4871 (executed)
4887	48B8	code	-	CONFIRMED	36 insn(s); 36 executed (in up to 14/18 scenarios)
48B8	48CC	code	-	PROBABLE	12 insn(s) reached by static flow only; seeds: exec x12; min discovery hops 0; fall-through of the jrcc at 7F:48B6 (executed)
48CC	4908	code	-	CONFIRMED	43 insn(s); 43 executed (in up to 14/18 scenarios)
4908	4911	code	-	PROBABLE	5 insn(s) reached by static flow only; seeds: exec x5; min discovery hops 0; fall-through of the jrcc at 7F:4906 (executed)
4911	4942	code	-	CONFIRMED	36 insn(s); 36 executed (in up to 14/18 scenarios)
4942	4956	code	-	PROBABLE	12 insn(s) reached by static flow only; seeds: exec x12; min discovery hops 0; fall-through of the jrcc at 7F:4940 (executed)
4956	499C	code	-	CONFIRMED	49 insn(s); 49 executed (in up to 14/18 scenarios)
499C	499D	data	Data_7F_499C	CONFIRMED	read as data by executed code (in up to 14/18 scenarios); content class unknown
499D	499E	data	Data_7F_499D	HYPOTHESIS	UNCLASSIFIED 1 bytes: no code/data evidence (see analysis/mapper/unknown_spans.tsv for the hint)
499E	499F	data	Data_7F_499E	CONFIRMED	read as data by executed code (in up to 14/18 scenarios); content class unknown
499F	49A0	data	Data_7F_499F	HYPOTHESIS	UNCLASSIFIED 1 bytes: no code/data evidence (see analysis/mapper/unknown_spans.tsv for the hint)
49A0	49A1	data	Data_7F_49A0	CONFIRMED	read as data by executed code (in up to 14/18 scenarios); content class unknown
49A1	49A2	data	Data_7F_49A1	HYPOTHESIS	UNCLASSIFIED 1 bytes: no code/data evidence (see analysis/mapper/unknown_spans.tsv for the hint)
49A2	49A3	data	Data_7F_49A2	CONFIRMED	read as data by executed code (in up to 14/18 scenarios); content class unknown
49A3	49A5	data	Data_7F_49A3	HYPOTHESIS	UNCLASSIFIED 2 bytes: no code/data evidence (see analysis/mapper/unknown_spans.tsv for the hint)
49A5	49A6	data	Data_7F_49A5	CONFIRMED	read as data by executed code (in up to 14/18 scenarios); content class unknown
49A6	49A7	data	Data_7F_49A6	HYPOTHESIS	UNCLASSIFIED 1 bytes: no code/data evidence (see analysis/mapper/unknown_spans.tsv for the hint)
49A7	49A8	data	Data_7F_49A7	CONFIRMED	read as data by executed code (in up to 14/18 scenarios); content class unknown
49A8	49A9	data	Data_7F_49A8	HYPOTHESIS	UNCLASSIFIED 1 bytes: no code/data evidence (see analysis/mapper/unknown_spans.tsv for the hint)
49A9	49AA	data	Data_7F_49A9	CONFIRMED	read as data by executed code (in up to 14/18 scenarios); content class unknown
49AA	49AB	data	Data_7F_49AA	HYPOTHESIS	UNCLASSIFIED 1 bytes: no code/data evidence (see analysis/mapper/unknown_spans.tsv for the hint)
49AB	49AC	data	Data_7F_49AB	CONFIRMED	read as data by executed code (in up to 14/18 scenarios); content class unknown
49AC	4BBC	data	Data_7F_49AC	HYPOTHESIS	UNCLASSIFIED 528 bytes: no code/data evidence (see analysis/mapper/unknown_spans.tsv for the hint)
4BBC	4C42	code	-	PROBABLE	65 insn(s) reached by static flow only; seeds: site x65; min discovery hops 6; entered by call from 7F:4D77 (PROBABLE code)
4C42	4C57	code	Function_7F_4C42	CONFIRMED	15 insn(s); 15 executed (in up to 5/18 scenarios); entry proven: target of an executed call/far call
4C57	4C77	data	Data_7F_4C57	CONFIRMED	read as data by executed code (in up to 5/18 scenarios); content class unknown
4C77	4C78	data	Data_7F_4C77	HYPOTHESIS	UNCLASSIFIED 1 bytes: no code/data evidence (see analysis/mapper/unknown_spans.tsv for the hint)
4C78	4D50	code	-	PROBABLE	116 insn(s) reached by static flow only; seeds: site x116; min discovery hops 0; run starts at a raw `CD D1 06` (far-call) pattern site whose target agrees with decoded code
4D50	4D5E	data	Data_7F_4D50	HYPOTHESIS	UNCLASSIFIED 14 bytes: no code/data evidence (see analysis/mapper/unknown_spans.tsv for the hint)
4D5E	4D88	code	-	PROBABLE	25 insn(s) reached by static flow only; seeds: site x25; min discovery hops 0; entered by jrcc from 7F:4D85 (PROBABLE code)
4D88	4D95	data	Data_7F_4D88	HYPOTHESIS	UNCLASSIFIED 13 bytes: no code/data evidence (see analysis/mapper/unknown_spans.tsv for the hint)
4D95	4DF2	code	-	PROBABLE	56 insn(s) reached by static flow only; seeds: site x56; min discovery hops 0; entered by call from 7F:4C84 (PROBABLE code)
4DF2	4E0D	text	String_7F_4DF2	PROBABLE	text: 1 string(s) of analysis/strings.tsv (Shift-JIS/ASCII, NUL terminated)
4E0D	4E6A	code	-	PROBABLE	56 insn(s) reached by static flow only; seeds: site x56; min discovery hops 0; entered by call from 7F:4C93 (PROBABLE code)
4E6A	4E85	text	String_7F_4E6A	PROBABLE	text: 1 string(s) of analysis/strings.tsv (Shift-JIS/ASCII, NUL terminated)
4E85	4E89	code	-	PROBABLE	2 insn(s) reached by static flow only; seeds: site x2; min discovery hops 1; entered by call from 7F:4C81 (PROBABLE code)
4E89	4E95	data	Data_7F_4E89	HYPOTHESIS	UNCLASSIFIED 12 bytes: no code/data evidence (see analysis/mapper/unknown_spans.tsv for the hint)
4E95	4ED0	text	String_7F_4E95	PROBABLE	text: 3 string(s) of analysis/strings.tsv (Shift-JIS/ASCII, NUL terminated)
4ED0	4EF0	data	Data_7F_4ED0	HYPOTHESIS	UNCLASSIFIED 32 bytes: no code/data evidence (see analysis/mapper/unknown_spans.tsv for the hint)
4EF0	4EFC	ptrtable	Table_7F_4EF0	PROBABLE	little-endian word table, 6 entries, monotone=1.00, 83% of targets on string start/after NUL, targets $4EFC..$4F79; regular record stride between targets; verifier: truncated from 8 to 6 entries: entry 0 = 4EFC is where the table ends
4EFC	4F15	data	Data_7F_4EFC	HYPOTHESIS	UNCLASSIFIED 25 bytes: no code/data evidence (see analysis/mapper/unknown_spans.tsv for the hint)
4F15	4FC3	text	String_7F_4F15	PROBABLE	text: 8 string(s) of analysis/strings.tsv (Shift-JIS/ASCII, NUL terminated)
4FC3	4FF5	data	Data_7F_4FC3	HYPOTHESIS	UNCLASSIFIED 50 bytes: no code/data evidence (see analysis/mapper/unknown_spans.tsv for the hint)
4FF5	51ED	code	-	PROBABLE	221 insn(s) reached by static flow only; seeds: site x221; min discovery hops 0; run starts at a raw `CD D1 06` (far-call) pattern site whose target agrees with decoded code
51ED	51EE	data	Data_7F_51ED	HYPOTHESIS	UNCLASSIFIED 1 bytes: no code/data evidence (see analysis/mapper/unknown_spans.tsv for the hint)
51EE	5CB8	code	-	PROBABLE	1292 insn(s) reached by static flow only; seeds: site x1292; min discovery hops 0; entered by call from 7F:500C (PROBABLE code)
5CB8	5CDC	data	Data_7F_5CB8	HYPOTHESIS	UNCLASSIFIED 36 bytes: no code/data evidence (see analysis/mapper/unknown_spans.tsv for the hint)
5CDC	5CE7	code	-	PROBABLE	4 insn(s) reached by static flow only; seeds: site x4; min discovery hops 0; run starts at a raw `CD D1 06` (far-call) pattern site whose target agrees with decoded code
5CE7	5CFF	data	Data_7F_5CE7	HYPOTHESIS	UNCLASSIFIED 24 bytes: no code/data evidence (see analysis/mapper/unknown_spans.tsv for the hint)
5CFF	61E8	code	-	PROBABLE	626 insn(s) reached by static flow only; seeds: site x626; min discovery hops 0; run starts at a raw `CD D1 06` (far-call) pattern site whose target agrees with decoded code
61E8	61FC	data	Data_7F_61E8	HYPOTHESIS	UNCLASSIFIED 20 bytes: no code/data evidence (see analysis/mapper/unknown_spans.tsv for the hint)
61FC	620C	code	Function_7F_61FC	CONFIRMED	10 insn(s); 10 executed (in up to 4/18 scenarios); entry proven: target of an executed call/far call
620C	6218	data	Data_7F_620C	HYPOTHESIS	UNCLASSIFIED 12 bytes: no code/data evidence (see analysis/mapper/unknown_spans.tsv for the hint)
6218	624F	code	-	PROBABLE	23 insn(s) reached by static flow only; seeds: exec x13, site x10; min discovery hops 0; entered by far from 23:50E5 (PROBABLE code)
624F	62A9	code	Function_7F_624F	CONFIRMED	60 insn(s); 60 executed (in up to 2/18 scenarios); entry proven: target of an executed call/far call
62A9	62B0	data	Data_7F_62A9	HYPOTHESIS	UNCLASSIFIED 7 bytes: no code/data evidence (see analysis/mapper/unknown_spans.tsv for the hint)
62B0	66B0	gfx	Data_7F_62B0	PROBABLE	tiles-vram: 1 call site(s); first: hdma_rom_to_vram at 7F:5233: hl=$62B0 a=$7F c=$40 de=$9001 (dest VRAM $9000, vbank=1) [verifier: call site never executed in a trace -> PROBABLE]
66B0	67D0	gfx	Data_7F_66B0	PROBABLE	tiles-vram: 1 call site(s); first: hdma_rom_to_vram at 7F:5245: hl=$66B0 a=$7F c=$12 de=$9401 (dest VRAM $9400, vbank=1) [verifier: call site never executed in a trace -> PROBABLE]
67D0	6AA0	data	Data_7F_67D0	PROBABLE	tilemap+attr: 1 call site(s); first: copy_tilemap_rect_pair at 7F:5281: hl=$67D0 a=$7F b=18 rows c=20 cols (tiles then attrs) de=$D000 [verifier: call site never executed in a trace -> PROBABLE]
6AA0	6AE0	data	Data_7F_6AA0	HYPOTHESIS	UNCLASSIFIED 64 bytes: no code/data evidence (see analysis/mapper/unknown_spans.tsv for the hint)
6AE0	6D70	gfx	Data_7F_6AE0	PROBABLE	tiles-vram: 1 call site(s); first: hdma_rom_to_vram at 7F:5257: hl=$6AE0 a=$7F c=$29 de=$8000 (dest VRAM $8000, vbank=0) [verifier: call site never executed in a trace -> PROBABLE]
6D70	70FD	data	Data_7F_6D70	HYPOTHESIS	UNCLASSIFIED 909 bytes: no code/data evidence (see analysis/mapper/unknown_spans.tsv for the hint)
70FD	710D	code	Function_7F_70FD	CONFIRMED	8 insn(s); 8 executed (in up to 2/18 scenarios); entry proven: target of an executed call/far call
710D	7112	code	-	PROBABLE	3 insn(s) reached by static flow only; seeds: exec x3; min discovery hops 0; fall-through of the jrcc at 7F:710B (executed)
7112	712F	code	-	CONFIRMED	13 insn(s); 13 executed (in up to 2/18 scenarios)
712F	7136	code	-	PROBABLE	4 insn(s) reached by static flow only; seeds: exec x4; min discovery hops 0; fall-through of the jrcc at 7F:712D (executed)
7136	7157	code	-	CONFIRMED	15 insn(s); 15 executed (in up to 2/18 scenarios)
7157	715F	code	-	PROBABLE	4 insn(s) reached by static flow only; seeds: exec x4; min discovery hops 0; fall-through of the jrcc at 7F:7155 (executed)
715F	7186	code	-	CONFIRMED	20 insn(s); 20 executed (in up to 2/18 scenarios)
7186	718E	code	-	PROBABLE	4 insn(s) reached by static flow only; seeds: exec x4; min discovery hops 0; fall-through of the jrcc at 7F:7184 (executed)
718E	7235	code	-	CONFIRMED	85 insn(s); 85 executed (in up to 3/18 scenarios)
7235	723D	data	Data_7F_7235	HYPOTHESIS	UNCLASSIFIED 8 bytes: no code/data evidence (see analysis/mapper/unknown_spans.tsv for the hint)
723D	7253	code	-	PROBABLE	7 insn(s) reached by static flow only; seeds: site x7; min discovery hops 0; run starts at a raw `CD D1 06` (far-call) pattern site whose target agrees with decoded code
7253	725B	data	Data_7F_7253	HYPOTHESIS	UNCLASSIFIED 8 bytes: no code/data evidence (see analysis/mapper/unknown_spans.tsv for the hint)
725B	7271	code	-	PROBABLE	7 insn(s) reached by static flow only; seeds: site x7; min discovery hops 0; run starts at a raw `CD D1 06` (far-call) pattern site whose target agrees with decoded code
7271	72E2	code	Function_7F_7271	CONFIRMED	67 insn(s); 67 executed (in up to 7/18 scenarios); entry proven: target of an executed call/far call
72E2	7306	data	Data_7F_72E2	HYPOTHESIS	UNCLASSIFIED 36 bytes: no code/data evidence (see analysis/mapper/unknown_spans.tsv for the hint)
7306	730E	code	-	PROBABLE	3 insn(s) reached by static flow only; seeds: site x3; min discovery hops 0; run starts at a raw `CD D1 06` (far-call) pattern site whose target agrees with decoded code
730E	7332	data	Data_7F_730E	HYPOTHESIS	UNCLASSIFIED 36 bytes: no code/data evidence (see analysis/mapper/unknown_spans.tsv for the hint)
7332	733A	code	-	PROBABLE	3 insn(s) reached by static flow only; seeds: site x3; min discovery hops 0; run starts at a raw `CD D1 06` (far-call) pattern site whose target agrees with decoded code
733A	7375	code	Function_7F_733A	CONFIRMED	35 insn(s); 35 executed (in up to 2/18 scenarios); entry proven: target of an executed call/far call
7375	7377	data	Data_7F_7375	CONFIRMED	read as data by executed code (in up to 2/18 scenarios); content class unknown
7377	7385	data	Data_7F_7377	HYPOTHESIS	UNCLASSIFIED 14 bytes: no code/data evidence (see analysis/mapper/unknown_spans.tsv for the hint)
7385	7390	data	Data_7F_7385	CONFIRMED	read as data by executed code (in up to 2/18 scenarios); content class unknown
7390	73AD	zero	-	HYPOTHESIS	padding? run of 29 x $00 in unclassified bytes
73AD	7425	data	Data_7F_73AD	HYPOTHESIS	UNCLASSIFIED 120 bytes: no code/data evidence (see analysis/mapper/unknown_spans.tsv for the hint)
7425	7467	code	Function_7F_7425	CONFIRMED	38 insn(s); 38 executed (in up to 5/18 scenarios); entry proven: target of an executed call/far call
7467	747F	ptrtable	Table_7F_7467	PROBABLE	little-endian word table, 12 entries, monotone=1.00, 75% of targets on string start/after NUL, targets $747F..$7564; referenced by ld r16,$7467 at 7F:7426
747F	74A0	zero	-	HYPOTHESIS	0x00 run of 40 bytes [clipped from 747F-74A7 by higher-priority proposals]
74A0	74CF	data	Data_7F_74A0	HYPOTHESIS	UNCLASSIFIED 47 bytes: no code/data evidence (see analysis/mapper/unknown_spans.tsv for the hint)
74CF	74DA	data	Data_7F_74CF	CONFIRMED	read as data by executed code (in up to 2/18 scenarios); content class unknown
74DA	74E3	data	Data_7F_74DA	HYPOTHESIS	UNCLASSIFIED 9 bytes: no code/data evidence (see analysis/mapper/unknown_spans.tsv for the hint)
74E3	74EE	data	Data_7F_74E3	CONFIRMED	read as data by executed code (in up to 2/18 scenarios); content class unknown
74EE	751F	data	Data_7F_74EE	HYPOTHESIS	UNCLASSIFIED 49 bytes: no code/data evidence (see analysis/mapper/unknown_spans.tsv for the hint)
751F	752A	data	Data_7F_751F	CONFIRMED	read as data by executed code (in up to 2/18 scenarios); content class unknown
752A	7550	data	Data_7F_752A	HYPOTHESIS	UNCLASSIFIED 38 bytes: no code/data evidence (see analysis/mapper/unknown_spans.tsv for the hint)
7550	755B	data	Data_7F_7550	CONFIRMED	read as data by executed code (in up to 1/18 scenarios); content class unknown
755B	7578	data	Data_7F_755B	HYPOTHESIS	UNCLASSIFIED 29 bytes: no code/data evidence (see analysis/mapper/unknown_spans.tsv for the hint)
7578	75B3	code	Function_7F_7578	CONFIRMED	35 insn(s); 35 executed (in up to 2/18 scenarios); entry proven: target of an executed call/far call
75B3	75B5	data	Data_7F_75B3	CONFIRMED	read as data by executed code (in up to 2/18 scenarios); content class unknown
75B5	75CB	data	Data_7F_75B5	HYPOTHESIS	UNCLASSIFIED 22 bytes: no code/data evidence (see analysis/mapper/unknown_spans.tsv for the hint)
75CB	75D6	data	Data_7F_75CB	CONFIRMED	read as data by executed code (in up to 2/18 scenarios); content class unknown
75D6	75F3	zero	-	HYPOTHESIS	padding? run of 29 x $00 in unclassified bytes
75F3	76C4	data	Data_7F_75F3	HYPOTHESIS	UNCLASSIFIED 209 bytes: no code/data evidence (see analysis/mapper/unknown_spans.tsv for the hint)
76C4	7706	code	Function_7F_76C4	CONFIRMED	38 insn(s); 38 executed (in up to 4/18 scenarios); entry proven: target of an executed call/far call
7706	771E	ptrtable	Table_7F_7706	PROBABLE	little-endian word table, 12 entries, monotone=1.00, 75% of targets on string start/after NUL, targets $771E..$7803; referenced by ld r16,$7706 at 7F:76C5
771E	7740	zero	-	HYPOTHESIS	0x00 run of 40 bytes [clipped from 771E-7746 by higher-priority proposals]
7740	776E	data	Data_7F_7740	HYPOTHESIS	UNCLASSIFIED 46 bytes: no code/data evidence (see analysis/mapper/unknown_spans.tsv for the hint)
776E	7779	data	Data_7F_776E	CONFIRMED	read as data by executed code (in up to 2/18 scenarios); content class unknown
7779	7782	data	Data_7F_7779	HYPOTHESIS	UNCLASSIFIED 9 bytes: no code/data evidence (see analysis/mapper/unknown_spans.tsv for the hint)
7782	778D	data	Data_7F_7782	CONFIRMED	read as data by executed code (in up to 2/18 scenarios); content class unknown
778D	77BE	data	Data_7F_778D	HYPOTHESIS	UNCLASSIFIED 49 bytes: no code/data evidence (see analysis/mapper/unknown_spans.tsv for the hint)
77BE	77C9	data	Data_7F_77BE	CONFIRMED	read as data by executed code (in up to 1/18 scenarios); content class unknown
77C9	77EF	data	Data_7F_77C9	HYPOTHESIS	UNCLASSIFIED 38 bytes: no code/data evidence (see analysis/mapper/unknown_spans.tsv for the hint)
77EF	77FA	data	Data_7F_77EF	CONFIRMED	read as data by executed code (in up to 1/18 scenarios); content class unknown
77FA	7817	data	Data_7F_77FA	HYPOTHESIS	UNCLASSIFIED 29 bytes: no code/data evidence (see analysis/mapper/unknown_spans.tsv for the hint)
7817	7830	code	-	PROBABLE	14 insn(s) reached by static flow only; seeds: site x14; min discovery hops 1; entered by far from 7F:7244 (PROBABLE code)
7830	7924	data	Data_7F_7830	HYPOTHESIS	UNCLASSIFIED 244 bytes: no code/data evidence (see analysis/mapper/unknown_spans.tsv for the hint)
7924	7938	zero	-	HYPOTHESIS	padding? run of 20 x $00 in unclassified bytes
7938	7964	data	Data_7F_7938	HYPOTHESIS	UNCLASSIFIED 44 bytes: no code/data evidence (see analysis/mapper/unknown_spans.tsv for the hint)
7964	7978	zero	-	HYPOTHESIS	padding? run of 20 x $00 in unclassified bytes
7978	79A4	data	Data_7F_7978	HYPOTHESIS	UNCLASSIFIED 44 bytes: no code/data evidence (see analysis/mapper/unknown_spans.tsv for the hint)
79A4	79BC	zero	-	HYPOTHESIS	padding? run of 24 x $00 in unclassified bytes
79BC	7A3A	data	Data_7F_79BC	HYPOTHESIS	UNCLASSIFIED 126 bytes: no code/data evidence (see analysis/mapper/unknown_spans.tsv for the hint)
7A3A	7A4A	zero	-	HYPOTHESIS	padding? run of 16 x $00 in unclassified bytes
7A4A	7A74	data	Data_7F_7A4A	HYPOTHESIS	UNCLASSIFIED 42 bytes: no code/data evidence (see analysis/mapper/unknown_spans.tsv for the hint)
7A74	7A86	zero	-	HYPOTHESIS	padding? run of 18 x $00 in unclassified bytes
7A86	7AC0	data	Data_7F_7A86	HYPOTHESIS	UNCLASSIFIED 58 bytes: no code/data evidence (see analysis/mapper/unknown_spans.tsv for the hint)
7AC0	7AD0	zero	-	HYPOTHESIS	padding? run of 16 x $00 in unclassified bytes
7AD0	7B00	data	Data_7F_7AD0	HYPOTHESIS	UNCLASSIFIED 48 bytes: no code/data evidence (see analysis/mapper/unknown_spans.tsv for the hint)
7B00	7B10	data	Data_7F_7B00	CONFIRMED	read as data by executed code (in up to 2/18 scenarios); content class unknown [clipped from 7B00-7B28 by higher-priority evidence]
7B10	7BA0	data	Data_7F_7B10	PROBABLE	palette-rgb555: heuristic: 72 RGB555 words as 18 palette group(s) of 4 (bit15 clear, contains $7FFF, monotone luminance)
7BA0	7BB0	data	Data_7F_7BA0	HYPOTHESIS	UNCLASSIFIED 16 bytes: no code/data evidence (see analysis/mapper/unknown_spans.tsv for the hint)
7BB0	7BC7	data	Data_7F_7BB0	CONFIRMED	read as data by executed code (in up to 5/18 scenarios); content class unknown
7BC7	7BCF	data	Data_7F_7BC7	HYPOTHESIS	UNCLASSIFIED 8 bytes: no code/data evidence (see analysis/mapper/unknown_spans.tsv for the hint)
7BCF	7C6A	data	Data_7F_7BCF	CONFIRMED	read as data by executed code (in up to 5/18 scenarios); content class unknown
7C6A	7C6C	data	Data_7F_7C6A	HYPOTHESIS	UNCLASSIFIED 2 bytes: no code/data evidence (see analysis/mapper/unknown_spans.tsv for the hint)
7C6C	7CA3	data	Data_7F_7C6C	CONFIRMED	read as data by executed code (in up to 2/18 scenarios); content class unknown
7CA3	7CBC	data	Data_7F_7CA3	HYPOTHESIS	UNCLASSIFIED 25 bytes: no code/data evidence (see analysis/mapper/unknown_spans.tsv for the hint)
7CBC	7CC3	data	Data_7F_7CBC	CONFIRMED	read as data by executed code (in up to 2/18 scenarios); content class unknown
7CC3	7CC5	data	Data_7F_7CC3	HYPOTHESIS	UNCLASSIFIED 2 bytes: no code/data evidence (see analysis/mapper/unknown_spans.tsv for the hint)
7CC5	8000	zero	-	PROBABLE	trailing 0x00 padding to end of bank
