# analysis/mapper/bank66.tsv -- generated by tools/mapper.py (do not edit); see docs/research/code_map.md
# config/regions format: start	end	kind	label	status	note   (end exclusive; tiles the bank window 4000-8000 exactly)
4000	4400	gfx	Data_66_4000	CONFIRMED	tiles-vram: 1 call site(s); first: hdma_rom_to_vram at 55:687D: hl=$4000 a=$66 c=$40 de=$8801 (dest VRAM $8800, vbank=1)
4400	4800	gfx	Data_66_4400	CONFIRMED	tiles-vram: 1 call site(s); first: hdma_rom_to_vram at 55:688F: hl=$4400 a=$66 c=$40 de=$8C01 (dest VRAM $8C00, vbank=1)
4800	4A40	gfx	Data_66_4800	CONFIRMED	tiles-vram: 1 call site(s); first: hdma_rom_to_vram at 55:68A1: hl=$4800 a=$66 c=$24 de=$9001 (dest VRAM $9000, vbank=1)
4A40	4E40	gfx	Data_66_4A40	CONFIRMED	tiles-vram: 1 call site(s); first: hdma_rom_to_vram at 55:68B6: hl=$4A40 a=$66 c=$40 de=$8801 (dest VRAM $8800, vbank=1)
4E40	5240	gfx	Data_66_4E40	CONFIRMED	tiles-vram: 1 call site(s); first: hdma_rom_to_vram at 55:68C8: hl=$4E40 a=$66 c=$40 de=$8C01 (dest VRAM $8C00, vbank=1)
5240	5480	gfx	Data_66_5240	CONFIRMED	tiles-vram: 1 call site(s); first: hdma_rom_to_vram at 55:68DA: hl=$5240 a=$66 c=$24 de=$9001 (dest VRAM $9000, vbank=1)
5480	5880	gfx	Data_66_5480	CONFIRMED	tiles-vram: 1 call site(s); first: hdma_rom_to_vram at 55:68EF: hl=$5480 a=$66 c=$40 de=$8801 (dest VRAM $8800, vbank=1)
5880	5C80	gfx	Data_66_5880	CONFIRMED	tiles-vram: 1 call site(s); first: hdma_rom_to_vram at 55:6901: hl=$5880 a=$66 c=$40 de=$8C01 (dest VRAM $8C00, vbank=1)
5C80	5EC0	gfx	Data_66_5C80	CONFIRMED	tiles-vram: 1 call site(s); first: hdma_rom_to_vram at 55:6913: hl=$5C80 a=$66 c=$24 de=$9001 (dest VRAM $9000, vbank=1)
5EC0	62C0	gfx	Data_66_5EC0	PROBABLE	tiles-vram: 1 call site(s); first: hdma_rom_to_vram at 55:6928: hl=$5EC0 a=$66 c=$40 de=$8801 (dest VRAM $8800, vbank=1) [verifier: call site never executed in a trace -> PROBABLE]
62C0	66C0	gfx	Data_66_62C0	PROBABLE	tiles-vram: 1 call site(s); first: hdma_rom_to_vram at 55:693A: hl=$62C0 a=$66 c=$40 de=$8C01 (dest VRAM $8C00, vbank=1) [verifier: call site never executed in a trace -> PROBABLE]
66C0	6900	gfx	Data_66_66C0	PROBABLE	tiles-vram: 1 call site(s); first: hdma_rom_to_vram at 55:694C: hl=$66C0 a=$66 c=$24 de=$9001 (dest VRAM $9000, vbank=1) [verifier: call site never executed in a trace -> PROBABLE]
6900	6A90	gfx	Data_66_6900	CONFIRMED	tiles-vram: 1 call site(s); first: hdma_rom_to_vram at 55:6AD5: hl=$6900 a=$66 c=$19 de=$8A81 (dest VRAM $8A80, vbank=1)
6A90	7190	gfx	Data_66_6A90	PROBABLE	tiles-2bpp: heuristic: 100 coherent tiles (hsim2=0.789 vsim2=0.790, 19 blank) parity 0; 128/1920 bytes also covered by call-site blocks [clipped from 6A10-7190 by higher-priority evidence]
7190	7210	data	Data_66_7190	CONFIRMED	read as data by executed code (in up to 4/18 scenarios); content class unknown [clipped from 6900-74B8 by higher-priority evidence]
7210	73C8	data	Data_66_7210	CONFIRMED	tilemap+attr: 2 call site(s) (55:6961 55:6A74); first: copy_tilemap_rect_pair at 55:6961: hl=$7210 a=$66 b=11 rows c=20 cols (tiles then attrs) de=$D240
73C8	74B8	data	Data_66_73C8	CONFIRMED	tilemap+attr: 1 call site(s); first: copy_tilemap_rect_pair at 55:6AE6: hl=$73C8 a=$66 b=6 rows c=20 cols (tiles then attrs) de=$D240
74B8	8000	zero	-	PROBABLE	trailing 0x00 padding to end of bank
