# analysis/mapper/bank4D.tsv -- generated by tools/mapper.py (do not edit); see docs/research/code_map.md
# config/regions format: start	end	kind	label	status	note   (end exclusive; tiles the bank window 4000-8000 exactly)
4000	4200	gfx	Data_4D_4000	PROBABLE	tiles-vram: 1 call site(s); first: hdma_rom_to_vram at 67:4789: hl=$4000 a=$4D c=$20 de=$8001 (dest VRAM $8000, vbank=1) [verifier: call site never executed in a trace -> PROBABLE]
4200	4510	gfx	Data_4D_4200	PROBABLE	tiles-vram: 1 call site(s); first: hdma_rom_to_vram at 67:46D5: hl=$4110 a=$4D c=$40 de=$8801 (dest VRAM $8800, vbank=1) [verifier: call site never executed in a trace -> PROBABLE] [clipped from 4110-4510 by higher-priority evidence]
4510	4610	gfx	Data_4D_4510	PROBABLE	tiles-vram: 1 call site(s); first: hdma_rom_to_vram at 67:46E7: hl=$4510 a=$4D c=$10 de=$8C01 (dest VRAM $8C00, vbank=1) [verifier: call site never executed in a trace -> PROBABLE]
4610	4A10	gfx	Data_4D_4610	PROBABLE	tiles-vram: 1 call site(s); first: hdma_rom_to_vram at 67:46F9: hl=$4610 a=$4D c=$40 de=$9001 (dest VRAM $9000, vbank=1) [verifier: call site never executed in a trace -> PROBABLE]
4A10	4D10	gfx	Data_4D_4A10	PROBABLE	tiles-vram: 1 call site(s); first: hdma_rom_to_vram at 67:470B: hl=$4A10 a=$4D c=$30 de=$9401 (dest VRAM $9400, vbank=1) [verifier: call site never executed in a trace -> PROBABLE]
4D10	5010	gfx	Data_4D_4D10	PROBABLE	tiles-vram: 1 call site(s); first: hdma_rom_to_vram at 67:4730: hl=$4C10 a=$4D c=$40 de=$8801 (dest VRAM $8800, vbank=1) [verifier: call site never executed in a trace -> PROBABLE] [clipped from 4C10-5010 by higher-priority evidence]
5010	5110	gfx	Data_4D_5010	PROBABLE	tiles-vram: 1 call site(s); first: hdma_rom_to_vram at 67:4742: hl=$5010 a=$4D c=$10 de=$8C01 (dest VRAM $8C00, vbank=1) [verifier: call site never executed in a trace -> PROBABLE]
5110	5510	gfx	Data_4D_5110	PROBABLE	tiles-vram: 1 call site(s); first: hdma_rom_to_vram at 67:4754: hl=$5110 a=$4D c=$40 de=$9001 (dest VRAM $9000, vbank=1) [verifier: call site never executed in a trace -> PROBABLE]
5510	5810	gfx	Data_4D_5510	PROBABLE	tiles-vram: 1 call site(s); first: hdma_rom_to_vram at 67:4766: hl=$5510 a=$4D c=$30 de=$9401 (dest VRAM $9400, vbank=1) [verifier: call site never executed in a trace -> PROBABLE]
5810	5AE0	data	Data_4D_5810	PROBABLE	tilemap+attr: 1 call site(s); first: copy_tilemap_rect_pair at 67:4777: hl=$5810 a=$4D b=18 rows c=20 cols (tiles then attrs) de=$D000 [verifier: call site never executed in a trace -> PROBABLE]
5AE0	5B0A	data	Data_4D_5AE0	HYPOTHESIS	UNCLASSIFIED 42 bytes: no code/data evidence (see analysis/mapper/unknown_spans.tsv for the hint)
5B0A	5B16	ptrtable	Table_4D_5B0A	PROBABLE	little-endian word table, 6 entries, monotone=1.00, 17% of targets on string start/after NUL, targets $440C..$4E4D; regular record stride between targets
5B16	5B18	data	Data_4D_5B16	HYPOTHESIS	UNCLASSIFIED 2 bytes: no code/data evidence (see analysis/mapper/unknown_spans.tsv for the hint)
5B18	5B24	ptrtable	Table_4D_5B18	PROBABLE	little-endian word table, 6 entries, monotone=1.00, 0% of targets on string start/after NUL, targets $541C..$5E5D; regular record stride between targets
5B24	5D50	data	Data_4D_5B24	HYPOTHESIS	UNCLASSIFIED 556 bytes: no code/data evidence (see analysis/mapper/unknown_spans.tsv for the hint)
5D50	5D70	gfx	Data_4D_5D50	PROBABLE	tiles-vram: 1 call site(s); first: hdma_rom_to_vram at 67:4DBC: hl=$5D50 a=$4D c=$02 de=$8001 (dest VRAM $8000, vbank=1) [verifier: call site never executed in a trace -> PROBABLE]
5D70	6170	gfx	Data_4D_5D70	PROBABLE	tiles-vram: 1 call site(s); first: hdma_rom_to_vram at 67:4D2A: hl=$5D70 a=$4D c=$40 de=$8801 (dest VRAM $8800, vbank=1) [verifier: call site never executed in a trace -> PROBABLE]
6170	6570	gfx	Data_4D_6170	PROBABLE	tiles-vram: 1 call site(s); first: hdma_rom_to_vram at 67:4D3C: hl=$6170 a=$4D c=$40 de=$8C01 (dest VRAM $8C00, vbank=1) [verifier: call site never executed in a trace -> PROBABLE]
6570	6870	gfx	Data_4D_6570	PROBABLE	tiles-vram: 1 call site(s); first: hdma_rom_to_vram at 67:4D4E: hl=$6470 a=$4D c=$40 de=$9001 (dest VRAM $9000, vbank=1) [verifier: call site never executed in a trace -> PROBABLE] [clipped from 6470-6870 by higher-priority evidence]
6870	6C70	gfx	Data_4D_6870	PROBABLE	tiles-vram: 1 call site(s); first: hdma_rom_to_vram at 67:4D60: hl=$6870 a=$4D c=$40 de=$9401 (dest VRAM $9400, vbank=1) [verifier: call site never executed in a trace -> PROBABLE]
6C70	6D70	gfx	Data_4D_6C70	PROBABLE	tiles-vram: 1 call site(s); first: hdma_rom_to_vram at 67:4D74: hl=$6970 a=$4D c=$40 de=$8801 (dest VRAM $8800, vbank=1) [verifier: call site never executed in a trace -> PROBABLE] [clipped from 6970-6D70 by higher-priority evidence]
6D70	7170	gfx	Data_4D_6D70	PROBABLE	tiles-vram: 1 call site(s); first: hdma_rom_to_vram at 67:4D86: hl=$6D70 a=$4D c=$40 de=$8C01 (dest VRAM $8C00, vbank=1) [verifier: call site never executed in a trace -> PROBABLE]
7170	7470	gfx	Data_4D_7170	PROBABLE	tiles-vram: 1 call site(s); first: hdma_rom_to_vram at 67:4D98: hl=$7070 a=$4D c=$40 de=$9001 (dest VRAM $9000, vbank=1) [verifier: call site never executed in a trace -> PROBABLE] [clipped from 7070-7470 by higher-priority evidence]
7470	7870	gfx	Data_4D_7470	PROBABLE	tiles-vram: 1 call site(s); first: hdma_rom_to_vram at 67:4DAA: hl=$7470 a=$4D c=$40 de=$9401 (dest VRAM $9400, vbank=1) [verifier: call site never executed in a trace -> PROBABLE]
7870	7983	data	Data_4D_7870	HYPOTHESIS	UNCLASSIFIED 275 bytes: no code/data evidence (see analysis/mapper/unknown_spans.tsv for the hint)
7983	8000	zero	-	PROBABLE	trailing 0x00 padding to end of bank
