# old_name	new_name	kind	status	evidence
# analysis/naming2/fn4_renames.tsv -- naming pass 4: the residual neutral Function_* labels (59 after pass 2).  31 rows, verified by an independent reader (docs/research/naming2_verify_fn4.md): the rows below already carry its corrections; 30 are applied, 1 stays a HYPOTHESIS record (new_name == old_name, never applied).
# The other 28 labels stay neutral on purpose (dead code with no entry proof, HYPOTHESIS bodies, roles not determined); reasons per label in docs/research/naming2_fn4.md.
Function_68_4282	Stub_Nop_68_4282	function	CONFIRMED	body is one `ret`; farcalled from engine/settings/password_change.asm:11 before the password-change page; executed 175 times in 13 scenarios (analysis/coverage_union.tsv).  Family of Stub_Nop_7F_61FC; whether a body was patched out is not known
Function_5C_5266	Stub_Nop_5C_5266	function	CONFIRMED	body is one `ret`; `call nz` after the hJoyPressedRepeat test in CommErr_ShowScreen_Idle (engine/error/comm_error_screen.asm:109); executed 103 times in 12 scenarios
Function_24_53FC	Stub_Nop_24_53FC	function	PROBABLE	body is one `ret` (24:53FC); the only caller is `call nz` at 24:4D45 (engine/browser/page_list.asm:1797) after `ldh a,[hJoyHeld]`, which sets no flags: the Z flag there is the one left by the preceding farcall (FarCall_Common ends in BankSwitch_H, which leaves Z=1 for a ROM caller), so the call is never taken whatever hJoyHeld holds (24:4D45 ran 38,854 times with 0 taken although A was pressed 151 times at 24:4D4E; a CPU-only replay of the ROM code gives Z=1 and no call even with hJoyHeld = $FF); never executed in the 64 natural scenarios (nor forced), so PROBABLE; twin of Stub_Nop_7F_61E6 in the unreferenced page-list prototype
Function_24_53FD	Stub_Nop_24_53FD	function	CONFIRMED	body is one `ret`; called right after PageList_ActionMenuInit in PageList_ActionMenu (engine/browser/page_list.asm:1614); executed 61 times in 8 scenarios; twin of Stub_Nop_7F_61E7
Function_48_48BB	Stub_Nop_48_48BB	function	CONFIRMED	body is one `ret`; 13 farcall sites (raw ROM scan and apply_renames agree) at the entry of screens and menus: connect_dialog, notice_dialog, top_menu, mail_menu, help_script, mobile_dictionary, comm_error_screen, three tutorial gates and three debug screens (forced runs only); 10 of the 13 follow the `FillBytes $C0D4,$FC` clear of the screen work area; the 10 natural sites sum to the 3,427 executions in 58 scenarios (analysis/coverage_union.tsv). The file header of checksum3.asm calls it the patched-out hook; the next function (Sram_VerifyChecksum3ResetOnMismatch, 48BC, no caller) is a copy of Sram_VerifyChecksum3 plus a reset call but starts with its own `call` at 48BC, so nothing shows what was patched (HYPOTHESIS)
Function_26_5343	Stub_Nop_26_5343	function	CONFIRMED	body is one `ret`; called first thing in MailSession_UpdateTimerDisplay (engine/mail/mail_session_screen.asm:1153); executed 171,411 times in 22 scenarios; 56 unclassified bytes follow it
Function_2E_4EB1	Stub_Nop_2E_4EB1	function	CONFIRMED	body is one `ret`; 4 callers in engine/mail_server/tidy_screen.asm, each after Gfx_UploadBgMapBuffers + ei; executed 34 times in 7 scenarios
Function_7F_61E6	Stub_Nop_7F_61E6	function	PROBABLE	body is one `ret`; the only caller is `call nz` at 7F:5ADB (engine/unreferenced/page_list_prototype.asm:1852) after `ldh a,[hJoyHeld]`, which sets no flags (the Z flag is the one left by the preceding farcall, exactly as at 24:4D45 / Stub_Nop_24_53FC), so the call cannot depend on the joypad; never executed: the forced runs covered the text-canvas demo (7F:4C78) but nothing from 7F:4E89 onward, the page-list prototype included; twin of Stub_Nop_24_53FC; PROBABLE
Function_7F_61E7	Stub_Nop_7F_61E7	function	PROBABLE	body is one `ret`; called right after PageListProto_ActionMenuInit (engine/unreferenced/page_list_prototype.asm:1707); never executed; the bytes after it are a separate HYPOTHESIS function
Function_00_1059	TextEngine_DrawWideGlyph_BlitLeft	function	CONFIRMED	after farcall Glyph_LoadWide (left half to $C0A0, right half to $C0B8): if hTextX < $A0 blits the left 6-px half at (hTextX, hTextY) with Canvas_BlitGlyph; falls into ..._BlitRight; executed 185,150 times in 38 scenarios
Function_00_1079	TextEngine_DrawWideGlyph_BlitRight	function	CONFIRMED	hTextX += 6, then if X < $A0 and hTextY < $90 blits the right half ($C0B8) with Canvas_BlitGlyph; also the target of the off-screen shortcuts at 00:1044 / 1059; falls into ..._AdvanceX; executed 185,149 times
Function_00_10A3	TextEngine_DrawWideGlyph_AdvanceX	function	CONFIRMED	hTextX += 6 (16-bit) and ret: the end of the wide-glyph path, reached by fall-through and by the clipped cases of ..._BlitRight; executed 185,147 times
Function_00_10C6	TextEngine_DrawNarrowGlyph_Blit	function	CONFIRMED	after farcall Glyph_LoadAscii (glyph to $C0A0): blits it at (hTextX, hTextY) with Canvas_BlitGlyph; falls into ..._AdvanceX; executed 40,698 times in 27 scenarios
Function_00_10DB	TextEngine_DrawNarrowGlyph_AdvanceX	function	CONFIRMED	hTextX += 6 (16-bit) and ret: the end of the narrow-glyph path, reached by fall-through from ..._Blit and by the two clip jumps `jr nz` / `jr nc` at 00:10B5 and 00:10BB inside TextEngine_DrawNarrowGlyph (hTextX >= $100 / >= $A0; the block at 00:10C6 itself has no jump); executed 40,698 times in 27 scenarios (the clip jumps were never taken)
Function_00_158D	Dial_CopySelectedNumber_AfterModeCheck	function	CONFIRMED	the return point of `farcall Settings_GetHiddenModeFlag` inside Dial_CopySelectedNumber (00:1586): A = flag; 0 copies the default number of wMobileAdapterType from Dial_DefaultNumberTable (bank 68), non-zero copies the SRAM entry selected by sSettingsSelectedDialEntry (XOR $A5, Table_Dial_SramEntryPtrs); executed 79 times in 11 scenarios
Function_00_032E	Boot_MainLoop_Repeat	function	PROBABLE	`jp Boot_MainLoop` right after `farcall Main_Run` (00:0328): the loop-back if Main_Run ever returns; never executed (Main_Run does not return in the traced runs)
Function_00_14D1	CopyStringMax_ZeroSrcOnEmpty	function	PROBABLE	second entry of the CopyStringMax loop (00:14C6): with BC = 0 at entry it stores a $00 at [HL] (the source pointer) and returns, otherwise copies as CopyStringMax; callers copy 16-byte fields in engine/account/helpers.asm (BC=$0010); the BC=0 branch never ran
Function_75_5E31	MobileSDK_RxDispatch_ResetBufferOnReturn	function	CONFIRMED	its address is pushed as return address (`ld hl,$5E31` at 75:5B6D, `push hl` at 75:5B70, in MobileSDK_RxPacketComplete) before the dispatcher jumps to the reply handlers (Mobile_GetErrorCode, MobileSDK_RxTransferData, ...); a static stack-depth check finds every `ret` reachable from the handlers at depth 0 (no SP changes), so each handler returns into it and it does `jp Mobile_ResetReceivePacketBuffer`; the push and this jump ran 19,653 times each, in 62 scenarios
Function_75_5F96	Mobile_PacketBuildFooter_SumByte	function	CONFIRMED	`dec de ; ld a,[de] ; hl += a ; dec b ; ret`: the loop body of the 16-bit sum in Mobile_PacketBuildFooter (75:5F6C, two loops over the packet bytes backwards); executed 166,194 times in 62 scenarios
Function_75_673A	MobileSDK_ResetRxWindowAndResultPtr	function	PROBABLE	writes $FF to the first byte of wMobileSDK_ResultPointer (C70D) then falls into MobileSDK_ResetRxWindow (75:673F, itself PROBABLE); 11 callers in lib/mobile/main.asm whose counts sum to the 340 executions in 26 scenarios; PROBABLE because the name leans on the PROBABLE RAM role `ResultPointer`, which is dual use (C70D also holds a service index / no-result marker; 75:4833 stores D into C70E right before the call)
Function_68_4495	Dial_SkipStringThenSetSelectedEntry	function	PROBABLE	`ld a,[hli] ; or a ; jr nz` skips one NUL-terminated string at HL and then FALLS INTO Settings_SetSelectedDialEntry (68:4499: sSettingsSelectedDialEntry = B xor $A5); used twice in a row by Dial_SelectEntryFromList (68:4469) on a list of strings, so each call also stores the candidate index B (the code reads as intended: the entry is kept when its string is non-empty, else reset to 0); never executed
Function_2C_60B3	AddrPick_DrawSlotNames	function	PROBABLE	enables SRAM bank 1 and draws the six slot names, then disables SRAM: for each slot i, HL = Table_AddrPick_SlotAddrs[2*i], D = 12*i (Y), E = $28 (X), B = 3, C = 0, call AddrBook_DrawSlotName; near-identical to the executed SaveSenderAddr_DrawSlotNames (2A:422C, 27 executions in 6 scenarios; it only adds `add a,$10` to Y), and the unlabeled routine right after it (2C:6100) is the same code with E = $30; no caller, table word or raw reference found (unreferenced, never executed), so PROBABLE as for the dead twin AddrPick_MoveNameHighlight_X28_2C_5FB1
Function_2C_5CD2	AddrPick_SetListAreaAttrs	function	PROBABLE	di; VBK = 1; waits for LY = $90 and writes BG attribute bytes into the map at $9866-$99xx: two rows of $08 (tile bank 1) then rows of $04 (palette 4), 13 tiles per row (VRAM bank 1); 2 callers in address_picker.asm (2C:6022 / 60A3); never executed
Function_2F_4496	Abook_Clear16AtHlAndEditAddressBuf	function	PROBABLE	WRAM bank 1: zeroes 16 bytes at [HL] and the 64 bytes at $D4C0 (wEditAddressBuf); DE = $D514 (wEditNameBuf) is loaded but never used, so wEditNameBuf is NOT cleared (it is not a clear of both edit buffers); at its only call site (engine/address_book/list.asm:525, 2F:4350, taken when Abook_ProbeSlot returned A = 0) HL = SRAM slot record + $10 and SRAM bank 1 is still enabled, so the 16-byte clear hits the first 16 bytes of the slot's address field in SRAM (CPU-only replay of 2F:44B5 + 2F:4496 over the ROM); executed 14 times in 8 scenarios; AF and BC are preserved; close to the first half of Abook_ClearSlot (2F:4455)
Function_73_62D2	BrowserStart_DescIndex_AdjustItem1	function	PROBABLE	called by BrowserStart_ShowDescription (73:62AA) through `cp 1 ; call z` (73:62B7; the call instruction ran 282 times in 14 scenarios and was taken 83 times in 8): B is the index of the lowest set bit of wRam_C0E5 (C0E5 = 1 homepage -> 0, 2 page list -> 1, so `item 1` is the page-list choice, wRam_C0E5 = 2); if wRam_C0F8 is non-zero sets B to 5; B is the 4-byte entry index handed to Ticker_Start (BrowserStart_StringTable at 73:4001 has only 2 entries, so 4-6 would read inside the text) and wRam_C0F8 is only ever read (no store in the ROM; zeroed by the screen-entry FillBytes of $C0D4-$C1CF), so the B=5 branch never ran and cannot with this data (vestigial in this ROM); PROBABLE
Function_73_62DA	BrowserStart_DescIndex_AdjustItem2	function	PROBABLE	called by BrowserStart_ShowDescription (73:62BD) when B = 2 (`cp 2 ; call z`; B is the index of the lowest set bit of wRam_C0E5, so C0E5 = 4 or similar, which the screen's choice code never produces: it only toggles 1 and 2); if wRam_C0F9 is non-zero sets B to 6, an entry index outside the 2-entry BrowserStart_StringTable (see BrowserStart_DescIndex_AdjustItem1); wRam_C0F9 is only ever read; never executed; PROBABLE
Function_73_62E2	BrowserStart_DescIndex_AdjustItem3	function	PROBABLE	called by BrowserStart_ShowDescription (73:62C3) when B = 3 (`cp 3 ; call z`; C0E5 = 8 or similar, never produced by the choice code); reads SRAM bank 1 $A9ED (sSram_A9ED, via ReadByteFar) and does `inc b` when bit 7 is set (B = 4 is outside the 2-entry BrowserStart_StringTable); never executed; PROBABLE
Function_24_42B0	Function_24_42B0	function	HYPOTHESIS	idea: PageList_CopyGooUrlAndTitle (not `Default`) | copies Url_GooNeJp (24:42D1) to $D500 and String_24_42E7 to $D3C0 in WRAM bank 6; PageList_SaveCurrentPage (24:4F14) returns when [$D500] is empty and copies $D500 (256 bytes) and $D3C0 (22 bytes, the URL when empty) into a slot record, which supports the roles URL buffer and title buffer; but nothing in the ROM calls or points to 24:42B0 (raw scan) and it never ran, not even forced, so its entry is unproven and `Default` has no support; PROBABLE would upgrade the earlier HYPOTHESIS without a new fact about the entry, and the manifest header keeps dead code without entry proof neutral
Function_55_6041	Kbd_AdjustColRowForSticky	function	PROBABLE	after Kbd_IndexToColRow (B = column, C = row) in Kbd_MoveCursor: keyboard type 1 with direction 0 and wKbdStickyRow = 3 does `inc b`; type 3 with direction 2 and wKbdStickyCol = $11 does `inc c`; other types return unchanged; 2 callers (keyboard.asm:664 / 685); executed 444 times in 13 scenarios (the type-3 branch never)
Function_65_481A	Startup_VerifySaveDataDeadVariant	function	PROBABLE	same sequence of callees as Startup_VerifySaveData (65:416C: Sram_VerifyChecksum3, SaveCheck_Verify, then CommErr_ShowScreen with A=$F0 HL=$0111, Sram_ResetChecksum3Areas, SaveCheck_ResetBlock) but headed by Settings_VerifyAndRepair (status 2 -> error screen and repair, 3 -> repair) instead of SramCheck_Bank0Status, and with two `call $21A0` (A=4, result tested in B; A=3) between SRAM enable and disable; 00:21A0 lies in the zero padding 00:2183-3FFF, so those calls are stale and nothing can be said about what they write; nothing in the ROM references 65:481A and it never ran; docs/research/dynamic_tracing.md section 11.4: a forced run of it ran 7,776 NOPs through the padding; PROBABLE as a dead variant
Function_7F_4E85	Canvas_UploadToVramWrapper	function	PROBABLE	`call Canvas_UploadToVram ; ret`; the only caller is the `call` at 7F:4C81 in Canvas_RunSampleDemo (engine/unreferenced/page_list_prototype.asm:15, right after Canvas_InitScreen), i.e. the text-canvas demo, not the page-list prototype (which calls Canvas_UploadToVram directly, 7F:5215), hence the Canvas_ prefix; unreferenced and never reached naturally; the forced_screens run executed both instructions
