old_name	new_name	kind	status	evidence
Label_4C_46C4	CommProgress_Init_Scene	label	CONFIRMED	entry 0 of the inline 2-word table CommProgress_Init_KindTable (dw at engine/browser/comm_disconnect.asm:18 (4C:46C0)), which `call JumpTableInline` at engine/browser/comm_disconnect.asm:12 (4C:46BD) indexes with wCommSessionKind (4C:46BD (169 hits in 18 scenarios)); the block is `ldh a,[hRam_FFB0]` (the A that CommProgress_Init stored at its entry, because the index load clobbers A) ; `farcall CommScene_Init` (70:4000) ; `ret`; kind 0 is the homepage/default session (RAM note of wCommSessionKind, PROBABLE); 4C:46C4 (148 hits in 13 scenarios), equal to the hits of the callee 70:4000 (148 hits in 13 scenarios), and with the sibling entry 4C:46CD (21 hits in 8 scenarios) it adds up to the 169 dispatches; CONFIRMED because the block ran and the table index is the whole selection; the name only says which widget the handler starts (CommScene)
Label_4C_46CD	CommProgress_Init_Panel	label	CONFIRMED	entry 1 of CommProgress_Init_KindTable (dw at engine/browser/comm_disconnect.asm:19 (4C:46C2)), selected when wCommSessionKind = 1 (settings CGI page session, RAM note PROBABLE) by `call JumpTableInline` at engine/browser/comm_disconnect.asm:12 (4C:46BD) (4C:46BD (169 hits in 18 scenarios)); the block is `ldh a,[hRam_FFB0]` ; `farcall CommPanel_Init` (68:7405) ; `ret`; 4C:46CD (21 hits in 8 scenarios); the other 148 dispatches went to 4C:46C4 (148 hits in 13 scenarios) (CommProgress_Init_Scene), so the two handlers cover all 169; CommPanel_Init is also called from elsewhere (68:7405 (56 hits in 16 scenarios))
Label_4C_46E2	CommProgress_Step_Scene	label	CONFIRMED	entry 0 of the inline 2-word table CommProgress_Step_KindTable (dw at engine/browser/comm_disconnect.asm:41 (4C:46DE)), which `call JumpTableInline` at engine/browser/comm_disconnect.asm:35 (4C:46DB) indexes with wCommSessionKind (4C:46DB (44,222 hits in 18 scenarios)); the block is `ldh a,[hRam_FFB0]` (the A stored at the entry of CommProgress_Step) ; `farcall CommScene_Step` (70:4023) ; `ret`; 4C:46E2 (39,445 hits in 13 scenarios), equal to the hits of CommScene_Step (70:4023 (39,445 hits in 13 scenarios)), and with 4C:46EB (4,777 hits in 8 scenarios) it adds up to the 44,222 dispatches; CONFIRMED (block executed, index selection); twin of CommProgress_Init_Scene
Label_4C_46EB	CommProgress_Step_Panel	label	CONFIRMED	entry 1 of CommProgress_Step_KindTable (dw at engine/browser/comm_disconnect.asm:42 (4C:46E0)), taken when wCommSessionKind = 1 (settings CGI page session, PROBABLE) from `call JumpTableInline` at engine/browser/comm_disconnect.asm:35 (4C:46DB) (4C:46DB (44,222 hits in 18 scenarios)); the block is `ldh a,[hRam_FFB0]` ; `farcall CommPanel_Step` (68:7413) ; `ret`; 4C:46EB (4,777 hits in 8 scenarios); the other 39,445 dispatches went to 4C:46E2 (39,445 hits in 13 scenarios) (CommProgress_Step_Scene); CommPanel_Step has other callers too (68:7413 (28,399 hits in 16 scenarios))
Label_4F_46A4	Browser_StartMenuLoop_Exit	label	CONFIRMED	entry 0 of the 6-word inline table Browser_StartMenuLoop_ResultTable (dw at engine/browser/entry.asm:43 (4F:4698)) that `call JumpTableInline` at engine/browser/entry.asm:37 (4F:4695) indexes with the A that farcall Browser_StartChoiceScreen returns (4F:4695 (190 hits in 14 scenarios)); the body is a lone `ret`, which returns from Browser_Entry to its caller (farcall Browser_Entry in Nav_TopMenu_Homepage, engine/main/navigation.asm:44 (7C:7BA3)); A = 0 is what BrowserStart_OnB (B pressed on the start choice screen) returns: its `xor a ; ret` pair at 73:6178-6179 (the `ret` 73:6179 (53 hits in 7 scenarios)) runs exactly as often as this entry, 4F:46A4 (53 hits in 7 scenarios); the other entries 4F:46A5 (102 hits in 14 scenarios) (Browser_StartHomePage) and 4F:46BA (35 hits in 8 scenarios) (Browser_StartPageListEntry) take the remaining 137 of the 190 dispatches; CONFIRMED
Label_4E_4154	Browser_FrameStylePreview_InputLoop	label	PROBABLE	loop head of the input loop of the (unreferenced) Browser_FrameStylePreview_Run: Sprite_UpdateAll, Browser_DrawCommTimer, VBlank_WaitAndService, Joypad_UpdateIdleFrames, Joypad_UpdateUnsaved, `call JoypadDispatch` (engine/browser/frame_style_chooser.asm:183 (4E:416F)) with the inline 5-word table Table_4E_4172; reached by fall-through from the setup code above, by the table entry 4 (no A/B/Select/Start pressed; dw at engine/browser/frame_style_chooser.asm:192 (4E:417A)) and by the two `jp` of the Select/Start handlers (engine/browser/frame_style_chooser.asm:232 (4E:41C2) and engine/browser/frame_style_chooser.asm:235 (4E:41C5)); the same frame service and JoypadDispatch sequence as the executed BrowserStart_InputLoop (73:607E (28,443 hits in 14 scenarios)), plus Browser_DrawCommTimer as in Browser_PageView_Loop; 4E:4154 (forced runs only: 173 hits) so the loop only ran in the forced_screens run, which never counts; PROBABLE: static reading plus the executed twin, the entry of Browser_FrameStylePreview_Run (4E:4000 (forced runs only: 1 hits)) has no caller (earlier verdict PROBABLE for the function)
Label_4E_417C	Browser_FrameStylePreview_OnA	label	PROBABLE	entry 0 of the inline joypad table Table_4E_4172 (dw at engine/browser/frame_style_chooser.asm:188 (4E:4172)); JoypadDispatch index 0 = A (bit 0 of hJoyPressed|hRam_FFA7, home/jump_table.asm); the block enables SRAM bank 1, stores hRam_FFD2 | $80 (the style index the function received in A) into wBrowserFrameStyle and into sSram_A9EF (the byte Browser_BeginSession reads), closes SRAM, sets hDialogResult = 1 and `jp Label_4E_41C8` (engine/browser/frame_style_chooser.asm:213 (4E:419E)); same role as the A entry of the executed BrowserStart_InputTable; 4E:417C (forced runs only: 1 hits), i.e. only the forced_screens run executed it (never natural); PROBABLE: code reading, the function is unreferenced
Label_4E_41A1	Browser_FrameStylePreview_OnB	label	PROBABLE	entry 1 of the inline joypad table Table_4E_4172 (dw at engine/browser/frame_style_chooser.asm:189 (4E:4174)); JoypadDispatch index 1 = B; the block enables SRAM bank 1, reloads wBrowserFrameStyle from sSram_A9EF (undoing the style shown while previewing), closes SRAM, sets hDialogResult = 0 and `jp Label_4E_41C8` (engine/browser/frame_style_chooser.asm:229 (4E:41BF)); mirror image of the A handler 4E:417C (forced runs only: 1 hits); 4E:41A1 (never executed) not even in the forced runs; PROBABLE: code reading of an unreferenced function (the roles A = keep, B = restore were upheld by the independent check of naming pass 2)
Label_4E_41C2	Browser_FrameStylePreview_IgnoreSelect	label	PROBABLE	entry 2 of the inline joypad table Table_4E_4172 (dw at engine/browser/frame_style_chooser.asm:190 (4E:4176)); JoypadDispatch index 2 = Select; the body is a lone `jp Label_4E_4154` (engine/browser/frame_style_chooser.asm:232 (4E:41C2)), i.e. back to the input loop; same shape as BrowserStart_IgnoreSelect (73:617A (41 hits in 7 scenarios)); 4E:41C2 (never executed); PROBABLE: code reading of an unreferenced function, executed twin elsewhere
Label_4E_41C5	Browser_FrameStylePreview_IgnoreStart	label	PROBABLE	entry 3 of the inline joypad table Table_4E_4172 (dw at engine/browser/frame_style_chooser.asm:191 (4E:4178)); JoypadDispatch index 3 = Start; the body is a lone `jp Label_4E_4154` (engine/browser/frame_style_chooser.asm:235 (4E:41C5)), i.e. back to the input loop; same shape as BrowserStart_IgnoreStart (73:617D (35 hits in 7 scenarios)); 4E:41C5 (never executed); PROBABLE: code reading of an unreferenced function, executed twin elsewhere
Label_4E_41C8	Browser_FrameStylePreview_Exit	label	PROBABLE	common exit of the A handler (`jp` at engine/browser/frame_style_chooser.asm:213 (4E:419E)) and the B handler (`jp` at engine/browser/frame_style_chooser.asm:229 (4E:41BF)): farcall SaveCheck_Update, farcall Palette_FadeOutToWhite, farcall Sprite_ResetAll, hRam_FFA7 = 0 and `ldh a,[hDialogResult]` ; `ret`, so the function returns the 1 (kept) or 0 (restored) that the handler left in hDialogResult; 4E:41C8 (forced runs only: 1 hits), the one forced_screens pass through the A handler; the B jump never ran; PROBABLE: unreferenced function, only a forced run reached it
Label_72_6565	BrowserMenu_RunTwoItem_SetItem	label	CONFIRMED	second instruction group of BrowserMenu_RunTwoItem: `ldh [hDialogResult],a` (A = the selected item) then `farcall BrowserMenu_DrawItemTwo`, and it falls into the loop head Label_72_656D; it is entered by fall-through from the function entry (72:6563 (1 hits in 1 scenarios)), which redraws the item that BrowserMenu_OpenTwoItem had already drawn (farcall at engine/browser/menus.asm:116 (72:64E0), 72:64E0 (1 hits in 1 scenarios)): 72:6565 (1 hits in 1 scenarios); the four `jp` that re-enter it with the new item from the Right/Left handler Label_72_65F5 (engine/browser/menus.asm:278 (72:6617), engine/browser/menus.asm:280 (72:661B), engine/browser/menus.asm:293 (72:6633), engine/browser/menus.asm:295 (72:6638)) never ran in this menu, but the identical block of the three-item menu is re-entered 8 times that way (72:68A1 (25 hits in 6 scenarios) = 17 openings + 8 item changes); CONFIRMED for what the block does (store the item, redraw it), the Right/Left jumps are code reading with an executed twin
Label_72_656D	BrowserMenu_RunTwoItem_Loop	label	CONFIRMED	loop head of BrowserMenu_RunTwoItem, entered by fall-through from the item draw and by `jp` from the idle handler (engine/browser/menus.asm:262 (72:65FF)), from the Select handler (engine/browser/menus.asm:298 (72:663B)) and from the Reject block (engine/browser/menus.asm:325 (72:6657)); each pass: if wDialogOnlineSnapshot bit 4 is set it checks the connection (exits BrowserMenu_RunTwoItem_OnAdapterError / _OnLinkLost / _OnConnectionNotice, the last after the connection-time warning test), then one frame (Sprite_UpdateAll, ConnIcon_LoadGraphicsIfRequested, VBlank_WaitAndService, Joypad_UpdateIdleFrames, Joypad_UpdateUnsaved) and `call JoypadDispatch` (engine/browser/menus.asm:241 (72:65E8)); 72:656D (31 hits in 1 scenarios) = 1 entry by fall-through + 30 passes through the idle handler (72:65FF (30 hits in 1 scenarios)); every instruction of the executed path up to the dispatch ran 31 times (the connection-time warning branch 72:659A (never executed) to 72:65C5 never ran, the `jr c` at 72:6598 (31 hits in 1 scenarios) was always taken), so CONFIRMED
Label_72_65F5	BrowserMenu_RunTwoItem_HandleDpad	label	PROBABLE	entry 4 (none of A/B/Select/Start) of the inline 5-word table BrowserMenu_RunTwoItem_InputTable (dw at engine/browser/menus.asm:251 (72:65F3)); reads hJoyPressedRepeat: bit 4 (Right) -> play SFX $29, hDialogResult+1 (wraps 2 -> 0), bit 5 (Left) -> SFX $29, hDialogResult-1 (wraps to 1), both `jp Label_72_6565` to store and redraw the item; otherwise `jp Label_72_656D` (engine/browser/menus.asm:262 (72:65FF)); 72:65F5 (30 hits in 1 scenarios), all 30 with neither direction pressed (72:6602 (never executed) and 72:661E (never executed)); PROBABLE: the item change itself never ran in this menu; its executed twin is BrowserMenu_RunThreeItem_HandleDpad (72:6931 (1,780 hits in 6 scenarios), Right 4 times, Left 4 times); a CPU-only replay of the real code (supporting evidence, not natural) gives Right 0 -> 1 and 1 -> 0, Left 0 -> 1 and 1 -> 0, each ending at Label_72_6565 with the new item in A
Label_72_663B	BrowserMenu_RunTwoItem_IgnoreSelect	label	PROBABLE	entry 2 of BrowserMenu_RunTwoItem_InputTable (dw at engine/browser/menus.asm:249 (72:65EF)); JoypadDispatch index 2 = Select; the body is a lone `jp Label_72_656D` (engine/browser/menus.asm:298 (72:663B)), back to the loop; 72:663B (never executed); PROBABLE: never ran in this menu, the same block in the three-item menu (BrowserMenu_RunThreeItem_IgnoreSelect, 72:6977 (1 hits in 1 scenarios)) ran once
Label_72_663E	BrowserMenu_RunTwoItem_OnA	label	CONFIRMED	entry 0 of BrowserMenu_RunTwoItem_InputTable (dw at engine/browser/menus.asm:247 (72:65EB)); JoypadDispatch index 0 = A; `ldh a,[hDialogResult]` (the selected item) and `call JumpTableInline` (engine/browser/menus.asm:304 (72:6640)) with the 2-word table BrowserMenu_RunTwoItem_DialogResultTable, i.e. the accept handler of the selected item; 72:663E (1 hits in 1 scenarios), 72:6640 (1 hits in 1 scenarios) (item 0 in that run, see Label_72_665A); same A role as BrowserStart_OnA and BrowserMenu_RunThreeItem_OnA
Label_72_6647	BrowserMenu_RunTwoItem_Reject	label	PROBABLE	target of the `jp z` in the item-0 accept handler (engine/browser/menus.asm:332 (72:665F)) when wTimerEnable bit 4 (the online-time timer, i.e. connected) is clear; plays SFX $31 instead of the accept SFX $2C and does `jp Label_72_656D` (engine/browser/menus.asm:325 (72:6657)): the menu stays open; SFX $31 is the sound AbookName_InsertChar plays when it refuses to insert a character (engine/address_book/name_editor.asm:716 (2F:5C9C), 2F:5C9C (3 hits in 1 scenarios)); 72:6647 (never executed); the guarding `jp z` at 72:665F (1 hits in 1 scenarios) ran once and was not taken (the menu was opened online); PROBABLE: code reading, the refusal never happened; twin BrowserMenu_RunThreeItem_Reject (72:6985 (never executed))
Label_72_665A	BrowserMenu_RunTwoItem_AcceptItem0	label	CONFIRMED	entry 0 of BrowserMenu_RunTwoItem_DialogResultTable (dw at engine/browser/menus.asm:310 (72:6643)), the A press on item 0 (text "でんわを きります"): if wTimerEnable bit 4 is clear `jp z, Label_72_6647` (engine/browser/menus.asm:332 (72:665F)), else SFX $2C, hDialogResult = 2 and `ret`; result 2 is entry 2 (Browser_Menu_DisconnectPrompt) of Browser_PageView_OpenMenu_DialogResultTable (engine/browser/page_view.asm:475 (4E:4D71)) that the caller dispatches after farcall BrowserMenu_Close (`call JumpTableInline` at engine/browser/page_view.asm:467 (4E:4D6A)); 72:665A (1 hits in 1 scenarios) with the whole online path executed through the `ret`; CONFIRMED (the other item 72:667B (never executed) is only PROBABLE); Item N is the 0-based value of hDialogResult (older notes count the same items from 1); in this two-item menu the returned result is N + 2
Label_72_6677	BrowserMenu_RunTwoItem_Cancel	label	PROBABLE	entries 1 and 3 of BrowserMenu_RunTwoItem_InputTable (dw at engine/browser/menus.asm:248 (72:65ED) and engine/browser/menus.asm:250 (72:65F1)), JoypadDispatch indexes 1 = B and 3 = Start; body `xor a ; ldh [hDialogResult],a ; ret`, i.e. result 0, which entry 0 of Browser_PageView_OpenMenu_DialogResultTable maps to Browser_PageView_Loop (engine/browser/page_view.asm:473 (4E:4D6D)) = nothing chosen; 72:6677 (never executed); PROBABLE: never ran in this menu; the three-item twin BrowserMenu_RunThreeItem_Cancel (72:69CA (8 hits in 3 scenarios)) is the same 3 instructions
Label_72_667B	BrowserMenu_RunTwoItem_AcceptItem1	label	PROBABLE	entry 1 of BrowserMenu_RunTwoItem_DialogResultTable (dw at engine/browser/menus.asm:311 (72:6645)), the A press on item 1 (text "トップメニューに もどります"): SFX $2C, hDialogResult = 3 and `ret`; result 3 is entry 3 (Browser_Menu_EndPrompt) of Browser_PageView_OpenMenu_DialogResultTable (engine/browser/page_view.asm:476 (4E:4D73)); 72:667B (never executed): the only recorded A press in this menu was on item 0; PROBABLE: code reading; the shape (SFX $2C, constant result, ret) is executed in 72:665A (1 hits in 1 scenarios) and in the three-item twins; Item N is the 0-based value of hDialogResult (older notes count the same items from 1); in this two-item menu the returned result is N + 2
Label_72_6690	BrowserMenu_RunTwoItem_OnLinkLost	label	PROBABLE	target of `jp z` at engine/browser/menus.asm:187 (72:657E) in the loop head: wDialogOnlineSnapshot bit 4 was set (online when the menu opened), wTimerEnable bit 1 is clear and wTimerEnable bit 4 is now clear (offline); body `ld a,$04 ; ldh [hDialogResult],a ; ret`; result 4 is entry 4 (Browser_Menu_LinkLost) of Browser_PageView_OpenMenu_DialogResultTable (engine/browser/page_view.asm:477 (4E:4D75)), dispatched by the `call JumpTableInline` at engine/browser/page_view.asm:467 (4E:4D6A), 4E:4D6A (17 hits in 7 scenarios), which is why the name says LinkLost; 72:6690 (never executed), the guard `jp z` at 72:657E (31 hits in 1 scenarios) ran 31 times and was never taken; Browser_Menu_LinkLost itself 4E:5162 (never executed); PROBABLE: code reading
Label_72_6695	BrowserMenu_RunTwoItem_OnConnectionNotice	label	PROBABLE	target of `jp nz` at engine/browser/menus.asm:234 (72:65CA) after the connection-time warning test of the loop head (timer A minutes against wTimerAWarnMinute, bit 0 of wTimerAWarnFlags, seconds >= $1E; A ends non-zero when a warning is due: $FF for a newly due one, the non-zero wTimerEnable value when bit 0 of wTimerAWarnFlags is already pending, $45 at the last step); body `ld a,$05 ; ldh [hDialogResult],a ; ret`; result 5 is entry 5 (Browser_ConnectionNotice) of Browser_PageView_OpenMenu_DialogResultTable (engine/browser/page_view.asm:478 (4E:4D77)); 72:6695 (never executed), the guard `jp nz` at 72:65CA (31 hits in 1 scenarios) was never taken; Browser_ConnectionNotice itself ran (4E:50BE (3 hits in 3 scenarios)), but from other callers; PROBABLE: code reading
Label_72_669A	BrowserMenu_RunTwoItem_OnAdapterError	label	PROBABLE	target of `jp nz` at engine/browser/menus.asm:185 (72:6579) in the loop head: wDialogOnlineSnapshot bit 4 set and wTimerEnable bit 1 set (the bit whose handling elsewhere calls Mobile_FetchResult first, as Browser_Menu_AdapterError does); body `ld a,$06 ; ldh [hDialogResult],a ; ret`; result 6 is entry 6 (Browser_Menu_AdapterError) of Browser_PageView_OpenMenu_DialogResultTable (engine/browser/page_view.asm:479 (4E:4D79)); 72:669A (never executed), the guard `jp nz` at 72:6579 (31 hits in 1 scenarios) was never taken; Browser_Menu_AdapterError 4E:51A6 (never executed); PROBABLE: code reading
Label_72_68A1	BrowserMenu_RunThreeItem_SetItem	label	CONFIRMED	second instruction group of BrowserMenu_RunThreeItem: `ldh [hDialogResult],a` (A = the selected item) then `farcall BrowserMenu_DrawItemThree`, falling into the loop head Label_72_68A9; entered by fall-through from the function entry (72:689F (17 hits in 6 scenarios), one per menu opening, which redraws the item that BrowserMenu_OpenThreeItem had already drawn: engine/browser/menus.asm:556 (72:681C), 72:681C (17 hits in 6 scenarios)) and by the four `jp` of the Right/Left handler (engine/browser/menus.asm:715 (72:6953), engine/browser/menus.asm:717 (72:6957), engine/browser/menus.asm:730 (72:696F), engine/browser/menus.asm:732 (72:6974)); 72:68A1 (25 hits in 6 scenarios) = 17 openings + 8 item changes (Right 4: 72:6953 (4 hits in 3 scenarios), Left 4: 72:696F (4 hits in 2 scenarios)); CONFIRMED
Label_72_68A9	BrowserMenu_RunThreeItem_Loop	label	CONFIRMED	loop head of BrowserMenu_RunThreeItem (entered by fall-through from the item draw and by `jp` from the idle handler engine/browser/menus.asm:699 (72:693B), from the Select handler engine/browser/menus.asm:735 (72:6977) and from the Reject block engine/browser/menus.asm:761 (72:6995)); each pass checks the connection while wDialogOnlineSnapshot bit 4 is set (exits BrowserMenu_RunThreeItem_OnAdapterError (Label_72_69EE) / _OnLinkLost (Label_72_69E4) / _OnConnectionNotice (Label_72_69E9)), runs one frame (Sprite_UpdateAll, ConnIcon_LoadGraphicsIfRequested, VBlank_WaitAndService, Joypad_UpdateIdleFrames, Joypad_UpdateUnsaved) and `call JoypadDispatch` (engine/browser/menus.asm:680 (72:6924)); 72:68A9 (1,798 hits in 6 scenarios), the dispatch 72:6924 (1,797 hits in 6 scenarios); CONFIRMED; twin of BrowserMenu_RunTwoItem_Loop
Label_72_6931	BrowserMenu_RunThreeItem_HandleDpad	label	CONFIRMED	entry 4 (none of A/B/Select/Start) of the inline 5-word table BrowserMenu_RunThreeItem_InputTable (dw at engine/browser/menus.asm:690 (72:692F)); reads hJoyPressedRepeat: bit 4 (Right) -> SFX $29, hDialogResult+1 (wraps 3 -> 0), bit 5 (Left) -> SFX $29, hDialogResult-1 (wraps to 2), both `jp Label_72_68A1`; otherwise `jp Label_72_68A9` (engine/browser/menus.asm:699 (72:693B)); 72:6931 (1,780 hits in 6 scenarios); Right ran 4 times (72:6953 (4 hits in 3 scenarios), 1 of them wrapping: 72:6957 (1 hits in 1 scenarios)), Left ran 4 times (72:696F (4 hits in 2 scenarios), 3 of them wrapping: 72:6974 (3 hits in 2 scenarios)); the two-item twin BrowserMenu_RunTwoItem_HandleDpad is the same code with wrap 2
Label_72_6977	BrowserMenu_RunThreeItem_IgnoreSelect	label	CONFIRMED	entry 2 of BrowserMenu_RunThreeItem_InputTable (dw at engine/browser/menus.asm:688 (72:692B)); JoypadDispatch index 2 = Select; the body is a lone `jp Label_72_68A9` (engine/browser/menus.asm:735 (72:6977)), back to the loop; 72:6977 (1 hits in 1 scenarios); same shape as BrowserStart_IgnoreSelect (73:617A (41 hits in 7 scenarios))
Label_72_697A	BrowserMenu_RunThreeItem_OnA	label	CONFIRMED	entry 0 of BrowserMenu_RunThreeItem_InputTable (dw at engine/browser/menus.asm:686 (72:6927)); JoypadDispatch index 0 = A; `ldh a,[hDialogResult]` (the selected item) and `call JumpTableInline` (engine/browser/menus.asm:739 (72:697C)) with the 3-word table BrowserMenu_RunThreeItem_DialogResultTable, i.e. the accept handler of the selected item; 72:697A (8 hits in 5 scenarios) = 5 items 0 (72:6998 (5 hits in 3 scenarios)) + 2 items 1 (72:69AD (2 hits in 2 scenarios)) + 1 item 2 (72:69CE (1 hits in 1 scenarios))
Label_72_6985	BrowserMenu_RunThreeItem_Reject	label	PROBABLE	target of the `jp z` in the item-1 accept handler (engine/browser/menus.asm:781 (72:69B2)) when wTimerEnable bit 4 (the online-time timer, i.e. connected) is clear; plays SFX $31 (the sound AbookName_InsertChar plays for a refused character, 2F:5C9C (3 hits in 1 scenarios)) instead of the accept SFX $2C and does `jp Label_72_68A9` (engine/browser/menus.asm:761 (72:6995)): the menu stays open; 72:6985 (never executed); the guard `jp z` at 72:69B2 (2 hits in 2 scenarios) ran twice and was not taken; PROBABLE: the refusal never happened; twin BrowserMenu_RunTwoItem_Reject
Label_72_6998	BrowserMenu_RunThreeItem_AcceptItem0	label	CONFIRMED	entry 0 of BrowserMenu_RunThreeItem_DialogResultTable (dw at engine/browser/menus.asm:745 (72:697F)), the A press on item 0 (text "ページリストへの かきこみができます"): SFX $2C, hDialogResult = 1, `ret`; result 1 is entry 1 (Browser_Menu_PageList) of Browser_PageView_OpenMenu_DialogResultTable (engine/browser/page_view.asm:474 (4E:4D6F)); 72:6998 (5 hits in 3 scenarios), whole block executed; Item N is the 0-based value of hDialogResult (older notes count the same items from 1); in this three-item menu the returned result is N + 1
Label_72_69AD	BrowserMenu_RunThreeItem_AcceptItem1	label	CONFIRMED	entry 1 of BrowserMenu_RunThreeItem_DialogResultTable (dw at engine/browser/menus.asm:746 (72:6981)), the A press on item 1 (text "でんわを きります"): if wTimerEnable bit 4 is clear `jp z, Label_72_6985` (engine/browser/menus.asm:781 (72:69B2)), else SFX $2C, hDialogResult = 2, `ret`; result 2 is entry 2 (Browser_Menu_DisconnectPrompt) of Browser_PageView_OpenMenu_DialogResultTable (engine/browser/page_view.asm:475 (4E:4D71)); 72:69AD (2 hits in 2 scenarios), both online, whole online path executed; Item N is the 0-based value of hDialogResult (older notes count the same items from 1); in this three-item menu the returned result is N + 1
Label_72_69CA	BrowserMenu_RunThreeItem_Cancel	label	CONFIRMED	entries 1 and 3 of BrowserMenu_RunThreeItem_InputTable (dw at engine/browser/menus.asm:687 (72:6929) and engine/browser/menus.asm:689 (72:692D)), JoypadDispatch indexes 1 = B and 3 = Start; body `xor a ; ldh [hDialogResult],a ; ret`, i.e. result 0, which entry 0 of Browser_PageView_OpenMenu_DialogResultTable maps to Browser_PageView_Loop (engine/browser/page_view.asm:473 (4E:4D6D)) = nothing chosen; 72:69CA (8 hits in 3 scenarios)
Label_72_69CE	BrowserMenu_RunThreeItem_AcceptItem2	label	CONFIRMED	entry 2 of BrowserMenu_RunThreeItem_DialogResultTable (dw at engine/browser/menus.asm:747 (72:6983)), the A press on item 2 (text "ホームページを しゅうりょうします"): SFX $2C, hDialogResult = hDialogResult + 1 (= 3 for item 2) and `ret`; result 3 is entry 3 (Browser_Menu_EndPrompt) of Browser_PageView_OpenMenu_DialogResultTable (engine/browser/page_view.asm:476 (4E:4D73)); 72:69CE (1 hits in 1 scenarios), whole block executed; Item N is the 0-based value of hDialogResult (older notes count the same items from 1); in this three-item menu the returned result is N + 1
Label_72_69E4	BrowserMenu_RunThreeItem_OnLinkLost	label	PROBABLE	target of `jp z` at engine/browser/menus.asm:627 (72:68BA) in the loop head: wDialogOnlineSnapshot bit 4 set, wTimerEnable bit 1 clear and wTimerEnable bit 4 now clear (offline); body `ld a,$04 ; ldh [hDialogResult],a ; ret`; result 4 is entry 4 (Browser_Menu_LinkLost) of Browser_PageView_OpenMenu_DialogResultTable (engine/browser/page_view.asm:477 (4E:4D75)); 72:69E4 (never executed), the guard `jp z` at 72:68BA (1,300 hits in 6 scenarios) ran 1,300 times and was never taken; PROBABLE: code reading, twin of BrowserMenu_RunTwoItem_OnLinkLost
Label_72_69E9	BrowserMenu_RunThreeItem_OnConnectionNotice	label	PROBABLE	target of `jp nz` at engine/browser/menus.asm:673 (72:6906) after the connection-time warning test of the loop head (A non-zero when a warning is due, as in the two-item twin); body `ld a,$05 ; ldh [hDialogResult],a ; ret`; result 5 is entry 5 (Browser_ConnectionNotice) of Browser_PageView_OpenMenu_DialogResultTable (engine/browser/page_view.asm:478 (4E:4D77)); 72:69E9 (never executed), the guard `jp nz` at 72:6906 (1,300 hits in 6 scenarios) was never taken; PROBABLE: code reading, twin of BrowserMenu_RunTwoItem_OnConnectionNotice
Label_72_69EE	BrowserMenu_RunThreeItem_OnAdapterError	label	PROBABLE	target of `jp nz` at engine/browser/menus.asm:625 (72:68B5) in the loop head: wDialogOnlineSnapshot bit 4 set and wTimerEnable bit 1 set; body `ld a,$06 ; ldh [hDialogResult],a ; ret`; result 6 is entry 6 (Browser_Menu_AdapterError) of Browser_PageView_OpenMenu_DialogResultTable (engine/browser/page_view.asm:479 (4E:4D79)); 72:69EE (never executed), the guard `jp nz` at 72:68B5 (1,300 hits in 6 scenarios) was never taken; PROBABLE: code reading, twin of BrowserMenu_RunTwoItem_OnAdapterError
Label_4C_4016	Label_4C_4016	label	HYPOTHESIS	idea: Stub_Nop_4C_4016 | body is one `ret` (touches nothing); entry 2 of the 3-word table Browser_LoadPage_SchemeTable (dw at engine/browser/page_loader.asm:23 (4C:4014)), which `call JumpTableInline` at engine/browser/page_loader.asm:15 (4C:400D) indexes with the A returned by farcall HtmlUrl_GetSchemeId (4C:400D (282 hits in 20 scenarios)): 0 (no scheme or an unknown one) -> Browser_LoadPage_Fail, 1 (http) -> Browser_LoadPage_Http, $FF is sent to Browser_LoadPage_Fail by the `jr z` before the call; all 282 dispatches went to Browser_LoadPage_Http (4C:4291 (282 hits in 20 scenarios)); no scheme name of HtmlUrl_SchemeNames has the value 2 (http = $01, the ten others = $FF, checked in the ROM bytes at 74:591D-5969), so this slot cannot be selected; 4C:4016 (never executed); a selected slot would not be a plain no-op: JumpTableInline has already popped its own return address, so the `ret` would end Browser_LoadPage itself with wBrowserFetchResult unwritten (the callers read that byte right after the farcall); not applied: dead code with no entry proof and no executed twin stays neutral (the name in the family of Stub_Nop_68_4282 would be true, a lone ret, but the slot is unreachable by data); the raw word `dw $4016` in data/text/browser_start_ticker.asm is bank 73 data, not a reference
Label_4C_4017	Browser_LoadPage_OnAdapterError	label	PROBABLE	target of `jp nz` at engine/browser/page_loader.asm:365 (4C:42BF) in Browser_LoadPage_Http: wTimerEnable bit 4 is set (online) and wTimerEnable bit 1 is set; the block is `farcall Mobile_FetchResult` and it falls into Label_4C_401D (copy the result into the error variables, show the error); same pattern as Browser_Menu_AdapterError (Mobile_FetchResult first, then the error screen); 4C:4017 (never executed), the guard `jp nz` at 4C:42BF (72 hits in 9 scenarios) ran 72 times and was never taken; PROBABLE: code reading, the adapter error flag never was set at this point
Label_4C_401D	Browser_LoadPage_FailNoDisconnect	label	PROBABLE	common block after the adapter-error fetch (it is the fall-through of Label_4C_4017) and the target of `jp z` at engine/browser/page_loader.asm:182 (4C:4149), the cancel poll of Label_4C_4138 answering $FF: closes SRAM, copies wMobileResultDetail/wMobileResultCode into wMobileErrorDetail/wMobileErrorDetailHi/wMobileErrorCode, resets wTimerAWarnMinute = 9 and wTimerAWarnFlags = 0, Palette_FadeOutToWhite, Sprite_ResetAll and `jp Label_4C_40E4` (engine/browser/page_loader.asm:49 (4C:404A)); it makes the same copy of the adapter result into the error variables as Browser_LoadPage_Fail (4C:404D) but has no Browser_MapErrorToResult / disconnect step before the common tail, which is what the name says; 4C:401D (never executed), the guard `jp z` at 4C:4149 (3,696 hits in 7 scenarios) ran 3,696 times and was never taken; PROBABLE: code reading
Label_4C_40E4	Browser_LoadPage_ShowError	label	CONFIRMED	common tail of the failure paths, reached by the `jp nz` at engine/browser/page_loader.asm:122 (4C:40D8) at the end of Browser_LoadPage_Fail (taken 40 times of 41; the 41st time the warning reset 4C:40DB (1 hits in 1 scenarios) runs first and falls in) and by the `jp` of Label_4C_401D (engine/browser/page_loader.asm:49 (4C:404A)): Screen_FadeOutAndResetObjWindow, wCommNoticeMode = wCommSessionKind xor 1, wCommNoticeGfxSet = wCommSessionKind, farcall Mobile_ShowLastError (the error screen), Sram_CountMobileError12Or26, Sprite_ResetAll, then wBrowserFetchResult = Browser_MapErrorToResult(wMobileErrorCode) and $7F (or 0 when wMobileErrorCode = $33 and the detail word is $0101 or $0102: wMobileErrorDetailHi = 1 tested at 4C:4111 and wMobileErrorDetail = 1 or 2 tested at 4C:4118; that branch never ran) and `ret`; 4C:40E4 (41 hits in 9 scenarios), the result store 4C:4123 (41 hits in 9 scenarios) ran every time; CONFIRMED (the $33 special case 4C:4132 (never executed) is not part of the name)
Label_4C_4138	Browser_LoadPage_CancelConnect	label	CONFIRMED	taken by `jp z` at engine/browser/page_loader.asm:445 (4C:4377) in the first connect poll loop of Browser_LoadPage_Connect (Mobile_ConnectPoll, then CommProgress_Step; `cp $02` = the progress widget answers 2, which both widgets do after a B press with SFX $2F: the CommPanel_StateWait B branch 68:755B (35 hits in 7 scenarios) stores the answer 2 at 68:757A (12 hits in 6 scenarios); the CommScene_Step B handlers 70:417E (10 hits in 5 scenarios) and 70:4316 (3 hits in 2 scenarios) store it at 70:4190 (10 hits in 5 scenarios) and 70:4328 (3 hits in 2 scenarios); these widget handlers also serve the other users of the widgets (engine/main/navigation.asm, engine/account/registration_verify.asm, the stop request of Label_4C_417D), so their counts are not a split of the entries of this label); the second connect loop has the same jump (engine/browser/page_loader.asm:472 (4C:43BC), never taken); the block: farcall Mobile_BeginCancel, poll Mobile_CancelPoll (answer $FF -> Label_4C_401D, the jump at 4C:4149 (3,696 hits in 7 scenarios) was never taken; otherwise CommProgress_Step 0), then CommProgress_Step 1 until it returns 0, reset wTimerAWarnMinute/Flags, close SRAM, Sprite_ResetAll, wBrowserFetchResult = 2, `ret`; 4C:4138 (19 hits in 7 scenarios) = the jump 4C:4377 (13,748 hits in 18 scenarios) minus its 13,729 fall-throughs (4C:437A (13,729 hits in 18 scenarios)); CONFIRMED. Contradicts the older note on wMobileErrorDetail (docs/research/naming2_ram2.md, ram2_renames.tsv), which lists this label as a writer of the detail word: the block contains no store to C273/C274
Label_4C_417D	Browser_LoadPage_StopRequest	label	CONFIRMED	abort of a running HTTP request, entered by `jp z` at engine/browser/page_loader.asm:588 (4C:44D2) (CommProgress_Step answered 2 = stop request while waiting for the reply; taken 5 times of 12,028), by `jp nz` at engine/browser/page_loader.asm:657 (4C:4531) (connection-time warning due; never taken) and by the result-table entries 1, 2 and 6 (dw at engine/browser/page_loader.asm:691 (4C:457F), engine/browser/page_loader.asm:692 (4C:4581), engine/browser/page_loader.asm:696 (4C:4589)); the block: wCommTimeoutMinutes = 5, clears the timer-B counters at $C266, farcall Mobile_BeginStop and polls Mobile_StopPoll ($FF -> Browser_LoadPage_Fail), then if wBrowserFetchActive is set it disconnects (Mobile_BeginDisconnect/Mobile_DisconnectPoll when online, MobileAPI $36 when not), runs CommProgress_Step 1 until 0 (4C:41FB (646 hits in 4 scenarios)), the connection-time warning test (A != 0 -> Label_4C_427F), and falls into Label_4C_4251 (result 2); 4C:417D (6 hits in 4 scenarios) = 5 stop requests at 4C:44D2 + 1 through the result table (entry 2: Browser_FetchInlineImages stored wBrowserFetchResult = 2, engine/browser/inline_images.asm:390 (4C:4AE4), 4C:4AE4 (1 hits in 1 scenarios)); CONFIRMED for the abort sequence; the disconnect sub-branches 4C:41D4 (never executed) and 4C:41F3 (never executed) are code reading
Label_4C_4251	Browser_LoadPage_ExitCancelled	label	CONFIRMED	exit that returns wBrowserFetchResult = 2: if wTimerEnable bit 4 is clear it resets wTimerAWarnMinute = 9 / wTimerAWarnFlags = 0, closes SRAM, Sprite_ResetAll, stores 2 and `ret`; entered by `jp nz` at engine/browser/page_loader.asm:393 (4C:4304) when ConnectDialog_Run returned B != 0 (the user declined to connect; taken 48 times of 97), by `jp z` at engine/browser/page_loader.asm:411 (4C:4327) when PasswordPrompt_Ask returned 0 (taken 81 times of 98) and by fall-through from the end of Browser_LoadPage_StopRequest (engine/browser/page_loader.asm:309 (4C:424F), 5 times); 4C:4251 (134 hits in 11 scenarios) = 48 + 81 + 5; result 2 is entry 2 of Browser_PageView_FollowLink_ResultTable, which restores the previous page (see Browser_PageView_FollowLink_Restore); CONFIRMED
Label_4C_4274	Browser_LoadPage_ExitConnectionNotice_FinishProgress	label	PROBABLE	loop at the head of the notice exit: `ld a,1 ; farcall CommProgress_Step ; or a ; jr nz,` itself (engine/browser/page_loader.asm:335 (4C:427D)), i.e. step 1 until the progress scene answers 0, and it falls into Label_4C_427F; reached by `jp nz` at engine/browser/page_loader.asm:755 (4C:45FB) in the timeout path of Label_4C_458B when the connection-time warning is due; 4C:4274 (never executed); the same loop is executed in Browser_LoadPage_StopRequest (4C:41FB (646 hits in 4 scenarios)); PROBABLE: code reading with an executed twin
Label_4C_427F	Browser_LoadPage_ExitConnectionNotice	label	PROBABLE	exit that returns wBrowserFetchResult = 6: closes SRAM, Sprite_ResetAll, stores 6 and `ret`; entered by `jr nz` at engine/browser/page_loader.asm:309 (4C:424F) (the connection-time warning is due at the end of Browser_LoadPage_StopRequest), by `jp nz` at engine/browser/page_loader.asm:838 (4C:4687) (same test at the end of the OK path Label_4C_460D) and by fall-through from Label_4C_4274; result 6 is entry 6 of Browser_PageView_FollowLink_ResultTable, which shows the connection notice dialog (CommNotice_ShowDialog) and then restores the previous page (Label_4E_5107); 4C:427F (never executed), the guards 4C:424F (5 hits in 3 scenarios) and 4C:4687 (70 hits in 11 scenarios) ran and were never taken; PROBABLE: code reading
Label_4C_42F7	Browser_LoadPage_AskConnect	label	CONFIRMED	entry 0 of the inline 2-word table Browser_LoadPage_SessionKindTable (dw at engine/browser/page_loader.asm:383 (4C:42F3)) that `call JumpTableInline` at engine/browser/page_loader.asm:377 (4C:42F0) indexes with wCommSessionKind when the adapter is not online (4C:42F0 (210 hits in 20 scenarios)); the block: `ld d,$4C ; ld bc,Data_4C_430A ; farcall ConnectDialog_Run`, and if B != 0 on return (ConnectDialog_Run_Cancel returns B = $FF) `jp nz, Label_4C_4251` (cancelled), else `jp Browser_LoadPage_Connect`; 4C:42F7 (103 hits in 14 scenarios) + 4C:4312 (107 hits in 11 scenarios) = the 210 dispatches; the connect branch ran 49 times (4C:4307 (49 hits in 13 scenarios)); CONFIRMED
Label_4C_4312	Browser_LoadPage_AskPassword	label	CONFIRMED	entry 1 of Browser_LoadPage_SessionKindTable (dw at engine/browser/page_loader.asm:384 (4C:42F5)), the settings CGI session (wCommSessionKind = 1): enables SRAM bank 3, `farcall PasswordPrompt_Ask`, if A = 0 `jp z, Label_4C_4251` (cancelled), else closes SRAM and falls into Browser_LoadPage_Connect; 4C:4312 (107 hits in 11 scenarios), the password was accepted 17 times (4C:432A (17 hits in 8 scenarios)) and cancelled the other 81 of the 98 that returned; CONFIRMED; twin of Browser_LoadPage_AskConnect
Label_4C_44E8	Browser_LoadPage_WaitReply_CheckWarning	label	CONFIRMED	second step of every pass of the reply wait loop Browser_LoadPage_WaitReply: computes A = non-zero when the connection-time warning is due (offline -> 0; bit 0 of wTimerAWarnFlags set -> non-zero; else timer A minutes compared with wTimerAWarnMinute, seconds >= $1E, cap $45, A = $FF), then `jp nz, Label_4C_417D` (engine/browser/page_loader.asm:657 (4C:4531)) or `jp Browser_LoadPage_WaitReply`; entered by fall-through after the timeout test (the `jp nz, Label_4C_458B` at engine/browser/page_loader.asm:605 (4C:44E5) is never taken) and by `jp z` from Label_4C_458B (engine/browser/page_loader.asm:703 (4C:4590), never executed); 4C:44E8 (12,023 hits in 14 scenarios); the warning was never due (4C:4531 (12,023 hits in 14 scenarios) never jumped, and 4C:450A (never executed)); the test is the same one copied into the dialog and menu loops
Label_4C_4537	Browser_LoadPage_WaitReply_ReplyComplete	label	CONFIRMED	taken by `jr z` at engine/browser/page_loader.asm:582 (4C:44C1) when Http_Poll returns 0 (the reply is complete; $FF goes to Browser_LoadPage_Fail, anything else keeps waiting): farcall Browser_WrapImageInHtml (returns 1 after it wrapped a .bmp reply into a small HTML page, 0 otherwise); when it returned 0: SRAM bank 3, Charset_ConvertPage, Html_ScanPage and, if wHtmlFlags bit 0, Browser_FetchInlineImages; then `ld a,[wBrowserFetchResult] ; call JumpTableInline` (engine/browser/page_loader.asm:684 (4C:457A)) with Browser_LoadPage_WaitReply_ResultTable; 4C:4537 (72 hits in 11 scenarios), 4C:457A (71 hits in 11 scenarios); CONFIRMED
Label_4C_458B	Browser_LoadPage_WaitReply_TimeoutError	label	PROBABLE	taken by `jp nz` at engine/browser/page_loader.asm:605 (4C:44E5) when the timer-B minutes equal wCommTimeoutMinutes (5, set before the request): if wTimerEnable bit 0 is clear it goes on to Label_4C_44E8, else farcall Mobile_BeginStop, poll Mobile_StopPoll ($FF -> Browser_LoadPage_Fail), run the warning test (A != 0 -> Label_4C_4274), otherwise wMobileResultCode = $26, wMobileResultDetail = 0 and `jp Browser_LoadPage_Fail`; $26 is mapped by Browser_MapErrorToResult to result 5 when wCommSessionKind is not 1 (Table_Browser_ErrorResult at 4C:4DD6, index $26 - $10, byte $05) and to $84 = result 4 when it is 1 (4C:4DBA-4DC4); 4C:458B (never executed), the guard `jp nz` at 4C:44E5 (12,023 hits in 14 scenarios) never jumped (4C:44E2 (never executed)); PROBABLE: code reading, no run reached the timeout
Label_4C_460D	Browser_LoadPage_WaitReply_ResultOk	label	CONFIRMED	entry 0 of the 7-word table Browser_LoadPage_WaitReply_ResultTable (dw at engine/browser/page_loader.asm:690 (4C:457D)), indexed by wBrowserFetchResult after the page was received: parses the page for display with Html_ParsePage (when wCommSessionKind = 1 before the progress loop below, and a result 4 left by the page meta then does `jp z, Browser_LoadPage_Fail`; otherwise after it: 4C:4634 (69 hits in 10 scenarios)), runs CommProgress_Step 1 until 0, stores wBrowserFetchResult = 0, runs the connection-time warning test (`jp nz, Label_4C_427F` at engine/browser/page_loader.asm:838 (4C:4687), never taken), re-arms wTimerAWarnMinute/Flags when offline and turns a non-zero wBrowserPendingMessage into $0C; 4C:460D (70 hits in 11 scenarios) out of the 71 dispatches at 4C:457A (71 hits in 11 scenarios); the other entries of the table are Label_4C_417D (1, 2, 6) and Browser_LoadPage_Fail (3 to 5); CONFIRMED
Label_4E_5354	Browser_FindAnchor_NextEntry	label	CONFIRMED	loop head of Browser_FindAnchor (in: HL = the anchor name wanted, BC = list of word pointers to the page's anchor names, $0000 ends it; DE = entry index, starts at $FFFF): `inc de`, index high byte non-zero -> Label_4E_539D, push the index, load the next pointer into DE, pointer $0000 -> Label_4E_539B (end of the list), otherwise compare the two names; reached by fall-through from the entry and by `jr` from Label_4E_5391 (engine/browser/page_render.asm:327 (4E:5398)); the only caller is Browser_RenderPage (`call` at 4E:5316 (1 hits in 1 scenarios)) when the page address has a #fragment; 4E:5354 (4 hits in 1 scenarios) = 1 entry + 3 repeats (3 mismatching names, 4E:5391 (3 hits in 1 scenarios)) and then the end of the list
Label_4E_5391	Browser_FindAnchor_Mismatch	label	CONFIRMED	the name of the current list entry does not match: `pop de` (entry index), HL reloaded from hRam_FFB0/hRam_FFB1 (the wanted name saved at the entry) and `jr Label_4E_5354` to try the next entry; reached by `jr z` at engine/browser/page_render.asm:269 (4E:5367) (B wraps at the 256th `inc b`, i.e. for names of 255 bytes or longer; never taken; this entrance skips the `pop bc` that the other two make, so here `pop de` takes BC instead of the entry index and the routine ends in Label_4E_539D with a bad return address: a CPU-only replay with two identical names returns normally for 254 characters and ends with A = $D6, DE = $FFFF and `ret` to $0000 for 255 or more, supporting evidence), by `jr` at engine/browser/page_render.asm:303 (4E:5388) (first differing character, 4E:5388 (3 hits in 1 scenarios)) and by `jr` at engine/browser/page_render.asm:311 (4E:538E) (wanted name ended but the entry's did not; never executed); 4E:5391 (3 hits in 1 scenarios)
Label_4E_539A	Browser_FindAnchor_Found	label	PROBABLE	`inc a` and fall-through into Label_4E_539B: reached by `jr z` at engine/browser/page_render.asm:310 (4E:538C) when the wanted name ended (its byte was 0) and `sub a,c` with the entry's next byte c gave zero, i.e. the entry's name ends at the same place: the two names are equal; the `inc a` turns that 0 into A = 1, and Label_4E_539B returns it with DE = the entry index; Browser_RenderPage tests A (`or a ; jr z` at 4E:531A (1 hits in 1 scenarios)) and indexes its position table with DE; 4E:539A (never executed): the one natural lookup found no match; PROBABLE: code reading; a CPU-only replay of the real routine on synthetic lists (supporting evidence, not natural) returns A = 1 and DE = the index for a case-insensitive match and A = 0 and DE = the entry count without one
Label_4E_539B	Browser_FindAnchor_Done	label	CONFIRMED	`pop de ; ret`: the shared exit of Browser_FindAnchor, DE = the entry index, A = 0 when the list ended without a match (jump `jr z` at engine/browser/page_render.asm:264 (4E:5361) on the $0000 terminator) or 1 when it falls in from Label_4E_539A; 4E:539B (1 hits in 1 scenarios) = the one natural lookup, which ended at the terminator (A = 0, the caller skipped the scroll: 4E:531A (1 hits in 1 scenarios) `jr z` taken); CONFIRMED for the exit, the A = 1 value is the PROBABLE Label_4E_539A path
Label_4E_539D	Browser_FindAnchor_Overflow	label	PROBABLE	target of `jr nz` at engine/browser/page_render.asm:255 (4E:5357) in the loop head when the entry index reaches $0100 or more (high byte of DE non-zero): `ld de,$FFFF ; ret` with A = that high byte; 4E:539D (never executed), the guard 4E:5357 (4 hits in 1 scenarios) ran 4 times and never jumped; PROBABLE: code reading, the page had only 3 anchors; the same replay with 300 non-matching entries returns A = 1 and DE = $FFFF
Label_4E_58AB	Label_4E_58AB	label	HYPOTHESIS	idea: Stub_Nop_4E_58AB | body is one `ret` (touches nothing); it fills the entries 0, 2, 3, 6 and 7 of the 8-word table Table_Browser_ElementDrawHandlers (dw at engine/browser/page_render.asm:1216 (4E:589B), engine/browser/page_render.asm:1218 (4E:589F), engine/browser/page_render.asm:1219 (4E:58A1), engine/browser/page_render.asm:1222 (4E:58A7), engine/browser/page_render.asm:1223 (4E:58A9)), which Browser_DrawElement indexes with the element kind (byte +8 of the 16-byte layout record; `jp hl` at 4E:589A (4,469 hits in 16 scenarios)); the live entries are Browser_DrawElement_Text (4E:58AC (4,465 hits in 16 scenarios), kind 1) and Browser_DrawElement_Bitmap (4E:5A6D (4 hits in 1 scenarios), kinds 4 and 5), which add up to all 4,469 dispatches; 4E:58AB (never executed): the layout code only creates records of kind 1 (engine/html/layout.asm:362 (74:5452)) and kind 4 (engine/html/layout.asm:179 (74:533F)), and Html_LoadPageImages turns 4 into 5, so the other kinds cannot occur in the shipped code and these slots only fill the table (the 8-word table tiles exactly up to this `ret`, and Browser_DrawElement ends in `jp hl`, so a `ret` here returns to the caller of Browser_DrawElement); not applied: dead code with no entry proof and no executed twin stays neutral (a name in the family of Stub_Nop_68_4282 would be true, a lone ret, but no record can select these slots, and the table length (8) is itself only inferred in the block header)
Label_4E_4A43	Browser_PageView_Enter_StartLoop	label	CONFIRMED	second half of Browser_PageView_Enter, after the optional pending message dialog: Joypad_SetRepeatTiming (B = $14, C = 1), wBrowserPendingMessage = 0, hDialogResult = 0, wHtmlFlags = 1, and it falls into Browser_PageView_Loop; reached by `jr z` at engine/browser/page_view.asm:52 (4E:4A09) when wBrowserPendingMessage is 0 (taken 134 of 143 times) and by the table entries 0 to 2 of Browser_PageView_Enter_DialogResultTable (dw at engine/browser/page_view.asm:75 (4E:4A37), engine/browser/page_view.asm:76 (4E:4A39), engine/browser/page_view.asm:77 (4E:4A3B)), the message dialog answered with a result that only continues, dispatched at 4E:4A34 (9 hits in 5 scenarios); 4E:4A43 (142 hits in 11 scenarios) = 134 + 8; CONFIRMED
Label_4E_4AEC	Browser_PageView_HandleDpad	label	CONFIRMED	entry 4 (none of A/B/Select/Start) of the inline 5-word table Browser_PageView_InputTable (dw at engine/browser/page_view.asm:174 (4E:4AEA)): reads hJoyPressedRepeat; bit 6 (Up) -> farcall Browser_SelectPrevLink, bit 7 (Down) -> farcall Browser_SelectNextLink, each then `jp Browser_PageView_Loop`; neither -> `jp Browser_PageView_Loop`; 4E:4AEC (111,882 hits in 11 scenarios), Up 4E:4AF9 (9 hits in 3 scenarios), Down 4E:4B02 (597 hits in 8 scenarios); CONFIRMED
Label_4E_4B0B	Browser_PageView_IgnoreSelect	label	CONFIRMED	entry 2 of Browser_PageView_InputTable (dw at engine/browser/page_view.asm:172 (4E:4AE6)); JoypadDispatch index 2 = Select (A = Browser_PageView_FollowLink, B = Browser_PageView_GoBack, Start = Browser_PageView_OpenMenu); the body is a lone `jp Browser_PageView_Loop`; 4E:4B0B (7 hits in 3 scenarios); same role as BrowserStart_IgnoreSelect
Label_4E_4B8C	Browser_PageView_FollowLink_Restore	label	CONFIRMED	entries 1 and 2 of Browser_PageView_FollowLink_ResultTable (dw at engine/browser/page_view.asm:254 (4E:4B80) and engine/browser/page_view.asm:255 (4E:4B82)), the results of farcall Browser_LoadPage that leave the old page in place (result 2 = the load was cancelled or aborted, see Browser_LoadPage_ExitCancelled; 1 is never produced): undoes the history/cache push that Browser_LoadPage_Http did before connecting: Browser_HistoryPop into $C380, PageCache_Pop (the old page back into $B000 of SRAM bank 3), Html_ParsePage (re-parse it), then falls into Label_4E_4BAA (`jp Browser_PageView_Enter`); 4E:4B8C (3 hits in 2 scenarios), dispatched at 4E:4B7B (69 hits in 7 scenarios); a CPU-only replay of the real Browser_HistoryPush + PageCache_Push, then Browser_HistoryPop + PageCache_Pop (supporting evidence, not natural) gives back the old URL and the old $1000 bytes of the page
Label_4E_4BAA	Browser_PageView_FollowLink_Loaded	label	CONFIRMED	entry 0 of Browser_PageView_FollowLink_ResultTable (dw at engine/browser/page_view.asm:253 (4E:4B7E)), result 0 of farcall Browser_LoadPage = the new page is loaded and parsed: `jp Browser_PageView_Enter` (also the fall-through of Label_4E_4B8C, after the old page was restored); 4E:4BAA (58 hits in 7 scenarios) = 55 table dispatches + 3 fall-throughs of 4E:4B8C (3 hits in 2 scenarios); the dispatch is 4E:4B7B (69 hits in 7 scenarios)
Label_4E_4C57	Browser_PageView_GoBack_Restore	label	PROBABLE	entries 1 and 2 of Browser_PageView_GoBack_ResultTable (dw at engine/browser/page_view.asm:342 (4E:4C4B) and engine/browser/page_view.asm:343 (4E:4C4D)): the reload of the previous page (the branch of Browser_PageView_GoBack that found nothing in the page cache) failed or was cancelled: Browser_HistoryPop into $C380, PageCache_Pop, Html_ParsePage, `jp Browser_PageView_Enter`; identical to Browser_PageView_FollowLink_Restore (4E:4B8C (3 hits in 2 scenarios)) except for the final jump; 4E:4C57 (never executed): the dispatch 4E:4C46 (never executed) was never reached because every GoBack found its page in the cache or had no history; PROBABLE: code reading with an executed twin
Label_4E_4C78	Browser_PageView_GoBack_Loaded	label	PROBABLE	entry 0 of Browser_PageView_GoBack_ResultTable (dw at engine/browser/page_view.asm:341 (4E:4C49)), result 0 of the reload: Browser_HistoryPop into $C380, farcall Browser_HistoryUndoPush (decrements the page-cache and history counts and indexes, one caller) and `jp Browser_PageView_Enter`, i.e. it drops the entries the reload path pushed before loading; 4E:4C78 (never executed): the reload path starts only when PageCache_Pop finds no cached page, which never happened (4E:4BEF (54 hits in 6 scenarios) always jumped to Label_4E_4C8B); PROBABLE: code reading
Label_4E_4C8B	Browser_PageView_GoBack_FromCache	label	CONFIRMED	taken by `jp nz` at engine/browser/page_view.asm:304 (4E:4BEF) when PageCache_Pop returned non-zero (a cached copy of the previous page was popped back into $B000): Palette_FadeOutToWhite, Sprite_ResetAll, WRAM bank 7 `CopyBytes` of $80 bytes from $D880 to $D800, Html_ParsePage, `jp Browser_PageView_Enter`; 4E:4C8B (54 hits in 6 scenarios) = every one of the 54 pops that reached the test (4E:4BEF (54 hits in 6 scenarios)); CONFIRMED
Label_4E_4CB2	Browser_PageView_GoBack_NoHistory	label	CONFIRMED	taken by `jp z` at engine/browser/page_view.asm:290 (4E:4BCD) when farcall Browser_HistoryPop left A = 0 (the history ring is empty: Browser_HistoryPop clears the first byte of the buffer and only copies an entry when the count in sSram_A9FF is non-zero): positions the sprites, Dialog_ShowMonitored with de = $0113, Joypad_SetRepeatTiming, Browser_DrawScrollIndicators, then dispatches hDialogResult through Browser_PageView_GoBack_DialogResultTable (`call JumpTableInline`, 4E:4CDC (8 hits in 5 scenarios)); 4E:4CB2 (11 hits in 5 scenarios) = 11 of the 65 GoBack presses (4E:4BCD (65 hits in 7 scenarios)); CONFIRMED; a replay of Browser_HistoryPop on an empty ring returns A = 0 (supporting evidence)
Label_4E_4CEE	Browser_PageView_OpenMenu_Show	label	CONFIRMED	the part of Browser_PageView_OpenMenu after its `hDialogResult = 0`: positions the sprites, plays SFX $34, runs BrowserMenu_OpenTwoItem + BrowserMenu_RunTwoItem when wCommSessionKind = 1 and BrowserMenu_OpenThreeItem + BrowserMenu_RunThreeItem otherwise, then SFX $35, BrowserMenu_Close, Joypad_SetRepeatTiming, Browser_DrawScrollIndicators and the dispatch of hDialogResult through Browser_PageView_OpenMenu_DialogResultTable (4E:4D6A (17 hits in 7 scenarios)); it opens the menu with the item in hDialogResult selected: entered by fall-through from OpenMenu (item 0) and by `jp` from the sub-handlers that return to the menu (engine/browser/page_view.asm:659 (4E:4EEA), engine/browser/page_view.asm:695 (4E:4F2F), engine/browser/page_view.asm:701 (4E:4F36), engine/browser/page_view.asm:771 (4E:4FCC), engine/browser/page_view.asm:774 (4E:4FD3)); 4E:4CEE (18 hits in 7 scenarios) = 16 from OpenMenu (4E:4CEB (16 hits in 7 scenarios)) + 2 from the sub-handlers (4E:4EEA (1 hits in 1 scenarios), 4E:4F2F (1 hits in 1 scenarios))
Label_4E_4E6E	Browser_Menu_PageList_Restore	label	PROBABLE	entries 1 and 2 of Browser_Menu_PageList_ResultTable (dw at engine/browser/page_view.asm:594 (4E:4E62) and engine/browser/page_view.asm:595 (4E:4E64)): the load of the page chosen in the page list was cancelled or aborted: Browser_HistoryPop into $C380, PageCache_Pop, Html_ParsePage and fall-through into Label_4E_4E8C (`jp Browser_PageView_Enter`); same sequence as Browser_PageView_FollowLink_Restore (4E:4B8C (3 hits in 2 scenarios)); 4E:4E6E (never executed), the dispatch 4E:4E5D (2 hits in 2 scenarios) only produced result 0 (both went to Label_4E_4E8C, 4E:4E8C (2 hits in 2 scenarios)); PROBABLE: code reading with an executed twin
Label_4E_4E8C	Browser_Menu_PageList_Loaded	label	CONFIRMED	entry 0 of Browser_Menu_PageList_ResultTable (dw at engine/browser/page_view.asm:593 (4E:4E60)), result 0 of farcall Browser_LoadPage for the page chosen in the page list: `jp Browser_PageView_Enter` (also the fall-through of Label_4E_4E6E); 4E:4E8C (2 hits in 2 scenarios) = both dispatches of 4E:4E5D (2 hits in 2 scenarios)
Label_4E_4E8F	Browser_Menu_PageList_BackToMenu	label	CONFIRMED	taken by `jr z` at engine/browser/page_view.asm:573 (4E:4E37) when PageList_Main returned with DE and HL both zero (nothing chosen; the same test as in Browser_StartPageListEntry): Sprite_ResetAll, Browser_LoadFrameGraphics, Browser_RenderPage (redraws the old page, which is still in memory), ConnIcon_Init, Sprite_UpdateAll, Palette_FadeInFromWhite, Joypad_SetRepeatTiming, Sound_PlayMusicOrResume with id $14 when wDialogOnlineSnapshot bit 4 is set and $1C otherwise (as in Browser_PageView_Enter), hDialogResult = 0 and `jp Label_4E_4CEE` (the menu again); 4E:4E8F (1 hits in 1 scenarios), the test 4E:4E37 (3 hits in 2 scenarios) was taken once
Label_4E_4F26	Browser_Menu_DisconnectPrompt_BackToMenu	label	CONFIRMED	entries 0 and 2 of Browser_Menu_DisconnectPrompt_DialogResultTable (dw at engine/browser/page_view.asm:680 (4E:4F1A) and engine/browser/page_view.asm:682 (4E:4F1E)): the Dialog_ShowMonitored prompt (de = $0101) was answered with 0 (B) or 2 (the answer that does not lead to Browser_Menu_DisconnectDo, entry 1): hDialogResult = 1 (the disconnect item), or 0 when wCommSessionKind = 1 (two-item menu), and `jp nz, Label_4E_4CEE` / `jp Label_4E_4CEE` (engine/browser/page_view.asm:695 (4E:4F2F), engine/browser/page_view.asm:701 (4E:4F36)): the menu opens again with that item selected; 4E:4F26 (1 hits in 1 scenarios), dispatched at 4E:4F17 (3 hits in 3 scenarios); CONFIRMED (the kind 1 tail 4E:4F31 (never executed) is code reading)
Label_4E_4FC3	Browser_Menu_EndPrompt_BackToMenu	label	PROBABLE	entries 0 and 2 of Browser_Menu_EndPrompt_DialogResultTable (dw at engine/browser/page_view.asm:756 (4E:4FB7) and engine/browser/page_view.asm:758 (4E:4FBB)): the Dialog_ShowMonitored prompt (de = $0105, $0114 when offline) was answered with 0 (B) or 2 (the answer that does not lead to Browser_Menu_EndDo, entry 1): hDialogResult = 2 (the end item), or 1 when wCommSessionKind = 1, and `jp Label_4E_4CEE` (engine/browser/page_view.asm:771 (4E:4FCC), engine/browser/page_view.asm:774 (4E:4FD3)); twin of Browser_Menu_DisconnectPrompt_BackToMenu (4E:4F26 (1 hits in 1 scenarios)); 4E:4FC3 (never executed), the prompt was dispatched once (4E:4FB4 (1 hits in 1 scenarios)) and the answer led to Browser_Menu_EndDo (4E:4FD6 (1 hits in 1 scenarios)); PROBABLE: code reading with an executed twin
Label_4E_4FF6	Browser_Leave_Disconnect	label	CONFIRMED	online disconnect of the browser exit: `farcall Comm_DisconnectWithProgress` and fall-through into Browser_Leave_Summary; taken by `jp nz` at engine/browser/page_view.asm:785 (4E:4FEB) in Browser_Menu_EndDo when wTimerEnable bit 4 is set (once) and by `jr nz` at engine/browser/page_view.asm:817 (4E:501D) in Browser_Leave_OnError (30 times); 4E:4FF6 (31 hits in 7 scenarios) = 1 + 30; CONFIRMED
Label_4E_5040	Browser_FetchResult4_Disconnect	label	PROBABLE	entry 4 of the three result tables in page_view.asm after farcall Browser_LoadPage (the fourth, Browser_LoadAndDispatch_ResultTable in session_start.asm, sends results 3-6 to Browser_Leave_OnError) (dw at engine/browser/page_view.asm:257 (4E:4B86), engine/browser/page_view.asm:345 (4E:4C51), engine/browser/page_view.asm:597 (4E:4E68)); result 4 is the class of the errors that Browser_MapErrorToResult marks "disconnect" ($84); same two-branch shape as Browser_Leave_OnError: online (wTimerEnable bit 4) -> Comm_DisconnectWithProgress, otherwise Mobile_FetchResult when bit 1 is set, MobileAPI $36 (SDK reset), wTimerAWarnMinute = 9, wTimerAWarnFlags = 0; then CommTime_ShowSummary, wBrowserPendingMessage = $10 when wDialogOnlineSnapshot bit 4 was set (else Label_4E_5082: no message) and the page restore Label_4E_509D; 4E:5040 (1 hits in 1 scenarios), only the offline branch ran (4E:5055 (1 hits in 1 scenarios); the online call 4E:5068 (never executed)); PROBABLE: "Disconnect" is the umbrella for both branches, the executed one only resets the SDK
Label_4E_5082	Browser_FetchResult3_ClearMessage	label	CONFIRMED	entry 3 of the three result tables in page_view.asm after farcall Browser_LoadPage (the fourth, Browser_LoadAndDispatch_ResultTable in session_start.asm, sends results 3-6 to Browser_Leave_OnError) (dw at engine/browser/page_view.asm:256 (4E:4B84), engine/browser/page_view.asm:344 (4E:4C4F), engine/browser/page_view.asm:596 (4E:4E66)) and the `jr z` of Label_4E_5040 (engine/browser/page_view.asm:871 (4E:5079)): wBrowserPendingMessage = 0 (no dialog on the next Browser_PageView_Enter) and `jr Label_4E_509D` (restore the previous page); result 3 is the error class of codes $24 and $30-$33 in Table_Browser_ErrorResult; 4E:5082 (10 hits in 3 scenarios) = 10 table dispatches, all from the FollowLink table (4E:4B7B (69 hits in 7 scenarios) = 55 to entry 0 + 3 to entries 1 and 2 + 10 to entry 3 + 1 to entry 4; the GoBack dispatch 4E:4C46 never ran and the page-list dispatch 4E:4E5D (2 hits in 2 scenarios) only gave result 0); the `jr z` of Label_4E_5040 at 4E:5079 (1 hits in 1 scenarios) ran once and was not taken (message $10 was set, 4E:507B (1 hits in 1 scenarios))
Label_4E_5088	Browser_FetchResult5_SetMessage	label	PROBABLE	entry 5 of the three result tables in page_view.asm after farcall Browser_LoadPage (the fourth, Browser_LoadAndDispatch_ResultTable in session_start.asm, sends results 3-6 to Browser_Leave_OnError) (dw at engine/browser/page_view.asm:258 (4E:4B88), engine/browser/page_view.asm:346 (4E:4C53), engine/browser/page_view.asm:598 (4E:4E6A)): wBrowserPendingMessage = $11 when wTimerEnable bit 4 is set (online) and $10 otherwise, then `jr Label_4E_509D` (restore the previous page); result 5 is the class of error code $26 (when wCommSessionKind is not 1), which Browser_LoadPage_WaitReply_TimeoutError sets for a reply timeout; 4E:5088 (never executed); PROBABLE: code reading, no run produced result 5
Label_4E_509D	Browser_FetchResult_RestorePage	label	CONFIRMED	shared tail of the result 3, 4 and 5 handlers (`jr` at engine/browser/page_view.asm:874 (4E:5080), engine/browser/page_view.asm:879 (4E:5086), engine/browser/page_view.asm:889 (4E:5094), engine/browser/page_view.asm:893 (4E:509B)): Browser_HistoryPop into $C380, PageCache_Pop (the previous page back into $B000), Html_ParsePage and `jp Browser_PageView_Enter`; 4E:509D (11 hits in 3 scenarios) = 1 from Label_4E_5040 (4E:5080 (1 hits in 1 scenarios)) + 10 from Label_4E_5082 (4E:5086 (10 hits in 3 scenarios)); same sequence as Browser_PageView_FollowLink_Restore
Label_4E_5107	Browser_FetchResult6_ConnectionNotice	label	PROBABLE	entry 6 of the three result tables in page_view.asm after farcall Browser_LoadPage (the fourth, Browser_LoadAndDispatch_ResultTable in session_start.asm, sends results 3-6 to Browser_Leave_OnError) (dw at engine/browser/page_view.asm:259 (4E:4B8A), engine/browser/page_view.asm:347 (4E:4C55), engine/browser/page_view.asm:599 (4E:4E6C)), the result that Browser_LoadPage_ExitConnectionNotice returns when the connection-time warning is due: wBrowserPendingMessage = 0, wCommNoticeMode = wCommSessionKind xor 1, wCommNoticeGfxSet = wCommSessionKind, bit 0 of wTimerAWarnFlags cleared, farcall CommNotice_ShowDialog (CommTime_ShowSummary when it returns non-zero), then the page restore (Browser_HistoryPop, PageCache_Pop, Html_ParsePage), wDialogOnlineSnapshot refreshed, wTimerAWarnMinute/Flags reset when offline and `jp Browser_PageView_Enter`; the same notice as Browser_ConnectionNotice (4E:50BE (3 hits in 3 scenarios)) plus the restore; 4E:5107 (never executed); PROBABLE: code reading with an executed twin
Label_74_4FFA	Html_CountListItems_Loop	label	CONFIRMED	loop head of the counting pass (the twin of Html_ParseSource_Loop): `call Sound_FrameService ; ld a,[hli]`, NUL -> Label_74_508D, `<` -> Label_74_5091, `&` entity, double-byte characters skipped two at a time, control characters < $21 collapsed; entered after the setup by fall-through and by `jr`/`jp` from the character branches (engine/html/count_pass.asm:143 (74:502A), engine/html/count_pass.asm:145 (74:502D), engine/html/count_pass.asm:175 (74:5057), engine/html/count_pass.asm:178 (74:505B)) and from the tag tails (engine/html/count_pass.asm:264 (74:50CE), `>` found) and by six `jp` in never-executed code (engine/html/count_pass.asm:188 (74:5064), engine/html/count_pass.asm:203 (74:507D), engine/html/count_pass.asm:205 (74:5081), engine/html/count_pass.asm:211 (74:508A), engine/html/count_pass.asm:387 (74:5177), engine/html/count_pass.asm:452 (74:51E1)); 74:4FFA (470 hits in 5 scenarios), 74:5008 (410 hits in 5 scenarios) `jp z, Label_74_5091` taken 112 times (tags); Html_CountListItems is the list-item counting pass that Html_Tag_Ol runs over the source before it chooses the indent of the numbers (farcall at engine/html/tags.asm:634 (74:4879), 74:4879 (22 hits in 5 scenarios)); it re-reads the text with the structure of Html_ParseSource but only counts <li> at nesting level 0 (hRam_FFD6, capped at 10) and tracks nested lists in hRam_FFD7
Label_74_508D	Html_CountListItems_Done	label	CONFIRMED	exit of the counting pass: `pop hl ; pop de ; pop bc ; ret` (the three registers pushed at the entry); reached by `jp z` at engine/html/count_pass.asm:501 (74:522F) when a closing </ol> arrives at nesting depth 0, i.e. the end of the list being counted (taken 20 of 22), by `jp` at engine/html/count_pass.asm:518 (74:524F) when the 10th item was counted (2 times), and by six end-of-text (NUL) jumps, none of which fired: three in loops that ran (engine/html/count_pass.asm:114 (74:4FFF), engine/html/count_pass.asm:169 (74:504C), engine/html/count_pass.asm:262 (74:50C9)) and three in never-executed code (engine/html/count_pass.asm:385 (74:5172) in the title skip loop of Label_74_514E, engine/html/count_pass.asm:411 (74:519C) and engine/html/count_pass.asm:442 (74:51CF) in the comment handler Label_74_519A); 74:508D (22 hits in 5 scenarios) = 20 + 2 = one per pass (74:4879 (22 hits in 5 scenarios)); a CPU-only replay of the whole pass on synthetic lists (supporting evidence) returns with hRam_FFD6 = the number of top-level items (capped at 10) and BC, DE, HL as passed in
Label_74_5091	Html_CountListItems_Tag	label	CONFIRMED	taken by `jp z` at engine/html/count_pass.asm:118 (74:5008) when the character is `<` (taken 112 of 410): stores the first character after `<` in hRam_FFB4 (`/` = closing tag, skipped), saves HL in hRam_FFB0/hRam_FFB1; if hRam_FFB6/hRam_FFB7 say that a <title> is open it goes to Label_74_514E (`jp nz`, engine/html/count_pass.asm:236 (74:50A5), never taken), otherwise `call Html_MatchKeyword` (bank 0) with the tag list Html_TagPtrs and `jr nz, Label_74_50FB` for a known tag; twin of Html_ParseSource_Tag; 74:5091 (112 hits in 5 scenarios)
Label_74_50B3	Html_CountListItems_Tag_Ignore	label	CONFIRMED	handler for tags that do not matter to the count: HL := hRam_FFB0/hRam_FFB1 (the start of the tag name saved at Label_74_5091) and fall-through into Label_74_50B9; it is entry 0, 1, 3-11 and 16 of the 18-word table Html_CountPassTagTable (12 of the 18 words, dw at engine/html/count_pass.asm:331 (74:511A) ... engine/html/count_pass.asm:347 (74:513A)), i.e. unknown tag, html, head, body, center, div, br, hr, img, a, b and meta, and the fall-through of `jr nz, Label_74_50FB` (engine/html/count_pass.asm:242 (74:50B1)) for an unmatched name (never); twin of Html_ParseSource_Tag_Ignore; 74:50B3 (20 hits in 4 scenarios) = the 20 table dispatches to these tags (74:50B1 (112 hits in 5 scenarios) always jumped)
Label_74_50B9	Html_CountListItems_Tag_Done	label	CONFIRMED	normal end of the pre, ul, ol and li handlers and of the pass-through Label_74_50B3 in the counting pass (not of every handler: the comment handler Label_74_519A and the not-</title> case of Label_74_514E leave by `jp Label_74_4FFA` (74:51E1, 74:5177) and a closing </ol> at depth 0 by Label_74_508D): BankSwitch_H with hRam_FFB5 (the bank behind HL, the source text) and BankSwitch_D with hTextX (the bank behind DE, the text buffer), then fall into Label_74_50C3 (skip the rest of the tag); entered by fall-through from Label_74_50B3 and by the `jp` of the pre handler Label_74_51E4 (engine/html/count_pass.asm:463 (74:51F0), engine/html/count_pass.asm:468 (74:51FB); never executed) and of the ul, ol and li handlers (engine/html/count_pass.asm:478 (74:5207), engine/html/count_pass.asm:480 (74:520C), engine/html/count_pass.asm:484 (74:5212), engine/html/count_pass.asm:487 (74:5218), engine/html/count_pass.asm:495 (74:5224), engine/html/count_pass.asm:497 (74:5229), engine/html/count_pass.asm:504 (74:5235), engine/html/count_pass.asm:509 (74:523C), engine/html/count_pass.asm:512 (74:5242), engine/html/count_pass.asm:517 (74:524C)); 74:50B9 (90 hits in 5 scenarios) = 20 (Label_74_50B3) + 62 (li) + 4 (ul) + 4 (ol); twin of Html_ParseSource_Tag_Done
Label_74_50C3	Html_CountListItems_Tag_SkipToEnd	label	CONFIRMED	sets hRam_FFB3 = $20 and loops over the rest of the tag: NUL -> Label_74_508D, `>` -> Label_74_4FFA, double-byte characters skipped, any other character handed to Html_ScanAttributes with the empty keyword list Html_NoKeywords; reached by fall-through from Label_74_50B9 and by `jr nc` at engine/html/count_pass.asm:309 (74:5107) when the tag name is longer than the keyword it matched (never taken); 74:50C3 (90 hits in 5 scenarios); twin of Html_ParseSource_Tag_SkipToEnd
Label_74_50FB	Html_CountListItems_Dispatch	label	CONFIRMED	taken by `jr nz` at engine/html/count_pass.asm:242 (74:50B1) when Html_MatchKeyword found the tag (A = tag id 1-17): tag id $0F (comment) goes straight on, otherwise the byte after the name must be `>` or below $21 (else `jr nc, Label_74_50C3`: a longer name is not the tag), then `add a,a`, fetch the word at $511A + 2 * id (Html_CountPassTagTable) and `push bc ; ret`, i.e. a jump through the table; twin of Html_DispatchTag; 74:50FB (112 hits in 5 scenarios), the jump through the table 74:5119 (112 hits in 5 scenarios)
Label_74_513E	Html_CountListItems_Title	label	PROBABLE	entry 2 (tag id 2 = title) of Html_CountPassTagTable (dw at engine/html/count_pass.asm:333 (74:511E)): on `</title>` (hRam_FFB4 = `/`) it jumps to Label_74_50B3, on `<title>` it stores DE in hRam_FFB6/hRam_FFB7 (marking that a title is open) and jumps to Label_74_50B3; twin of Html_Tag_Title (which stores DE the same way); 74:513E (never executed): none of the 22 counted lists contained a <title>; PROBABLE: code reading with a twin; a CPU-only replay of the whole counting pass (supporting evidence, not natural) ignores an `<li>` inside <title>...</title> and counts the items outside it
Label_74_514E	Html_CountListItems_InTitle	label	PROBABLE	taken by `jp nz` at engine/html/count_pass.asm:236 (74:50A5) when hRam_FFB6/hRam_FFB7 are non-zero (a <title> is open): matches only Html_TitleTagPtrs; if it is the closing tag (hRam_FFB4 = `/`) it clears hRam_FFB6/hRam_FFB7 and goes to Label_74_50B3, otherwise it restores HL from hRam_FFB0/hRam_FFB1 and skips text up to `>` (double-byte aware) and returns to Label_74_4FFA; twin of Html_ParseSource_TitleTag; 74:514E (never executed), the guard 74:50A5 (112 hits in 5 scenarios) never jumped; PROBABLE: code reading with a twin; the same replay shows the pass ignoring tags inside a title until `</title>`
Label_74_519A	Html_CountListItems_Comment	label	PROBABLE	entry 15 (tag id $0F = `!`) of Html_CountPassTagTable (dw at engine/html/count_pass.asm:346 (74:5138)): skips an HTML comment after `<!`: reads on (double-byte aware); NUL ends the pass (Label_74_508D); `--` opens a body that is skipped up to the next `--`; `>` sets hRam_FFB3 = $20 and returns to Label_74_4FFA; twin of Html_Tag_Comment (74:45D9 (72 hits in 6 scenarios), executed); 74:519A (never executed): none of the 22 counted lists contained a comment; PROBABLE: code reading with an executed twin; the same replay (supporting evidence) skips `<!-- <li>hidden -->` and counts only the two real items
Label_74_51E4	Html_CountListItems_Pre	label	PROBABLE	entry 17 (tag id $11 = pre) of Html_CountPassTagTable (dw at engine/html/count_pass.asm:348 (74:513C)): sets bit 3 of wHtmlFlags (the <pre> flag that selects the CR/LF/TAB handling) and jumps to Label_74_50B9; the branch that clears the bit is guarded by `cp $2F` on A, but at this entry A is the low byte of the handler address ($E4, left there by the dispatcher at 74:510A-5119), not hRam_FFB4, so the clearing branch (74:51F3) cannot be reached and a </pre> never ends the pre mode of the pass (Html_Tag_Pre loads hRam_FFB4 first); 74:51E4 (never executed); PROBABLE: code reading, no counted list contained <pre>; a CPU-only replay of the dispatcher and this handler (supporting evidence) leaves wHtmlFlags bit 3 set for both <pre> and </pre>
Label_74_51FE	Html_CountListItems_Ul	label	CONFIRMED	entry 12 (tag id 12 = ul) of Html_CountPassTagTable (dw at engine/html/count_pass.asm:343 (74:5132)): `<ul>` increments the nesting depth hRam_FFD7 (not past $FF), `</ul>` decrements it (not below 0), both then `jp Label_74_50B9`; 74:51FE (4 hits in 1 scenarios), the increment 74:5206 (2 hits in 1 scenarios) and the decrement 74:5215 (2 hits in 1 scenarios) both ran; CONFIRMED
Label_74_521B	Html_CountListItems_Ol	label	CONFIRMED	entry 13 (tag id 13 = ol) of Html_CountPassTagTable (dw at engine/html/count_pass.asm:344 (74:5134)): `<ol>` increments the nesting depth hRam_FFD7, `</ol>` at depth 0 ends the pass (`jp z, Label_74_508D`, engine/html/count_pass.asm:501 (74:522F)), otherwise it decrements the depth, then `jp Label_74_50B9`; 74:521B (24 hits in 5 scenarios) = 2 nested opens (74:5223 (2 hits in 1 scenarios)) + 22 closes, of which 20 ended the pass (74:522F (22 hits in 5 scenarios), 74:5232 (2 hits in 1 scenarios) taken the other 2 times); CONFIRMED
Label_74_5238	Html_CountListItems_Li	label	CONFIRMED	entry 14 (tag id 14 = li) of Html_CountPassTagTable (dw at engine/html/count_pass.asm:345 (74:5136)): ignores `</li>` and any <li> inside a nested list (hRam_FFD7 non-zero), otherwise hRam_FFD6 += 1 and, from 10 items on, `jp Label_74_508D` (the pass can stop: only "fewer or at least 10" matters to Html_Tag_Ol); 74:5238 (64 hits in 5 scenarios): 60 counted (74:5245 (60 hits in 5 scenarios)), 4 nested, 2 passes stopped by the 10th item (74:524F (2 hits in 1 scenarios))
Label_74_41EF	Html_MetaResultToError_NoError	label	CONFIRMED	`ld a,$00 ; ret`: the no-error exit of Html_MetaResultToError (called at the end of Html_ParsePage, 74:424D (341 hits in 16 scenarios)): it returns without writing wBrowserFetchResult, wMobileResultCode or wMobileResultDetail, which is what happens when the page has no r_code meta value or one that is neither "ng" nor "ok" (the keyword lookup in Html_ResultCodePtrs returns 0, `jp z` at engine/html/parser.asm:22 (74:417C)) or the value is "ok" (2, `jp z` at engine/html/parser.asm:27 (74:4181), never reached); A = 0 is incidental: none of the ten farcall sites of Html_ParsePage reads A afterwards (the SetError path returns A = hRam_FFB1); 74:41EF (341 hits in 16 scenarios) = every ParsePage (74:4207 (341 hits in 16 scenarios)): no traced page carried an r_code (the attribute scan of Html_Tag_Meta, 74:46AF (131 hits in 6 scenarios), never matched ppp_id, r_code or d_code: the stores 74:46C1, 74:46DE and 74:46FB never ran); CONFIRMED
Label_74_41F2	Html_MetaResultToError_SetError	label	PROBABLE	taken by `jp z` at engine/html/parser.asm:38 (74:4192) in Html_MetaResultToError_HexLoop when the d_code text ($D380 in WRAM bank 6) ends after its digits were shifted nibble by nibble into hRam_FFB0-hRam_FFB3: wBrowserFetchResult = 4, wMobileResultCode = $40, wMobileResultDetail = hRam_FFB0/hRam_FFB1 (the last four digits), `ret`; this is the "ng" branch of the page's r_code meta (Html_ResultCodeNames: "ng" = 1, "ok" = 2); for wCommSessionKind = 1 Browser_LoadPage_WaitReply_ResultOk then sees result 4 and goes to Browser_LoadPage_Fail; 74:41F2 (never executed), the loop test 74:4192 (never executed); PROBABLE: code reading; a CPU-only replay of the whole routine (supporting evidence, not natural) gives A = 0 for no r_code or "ok", and for "ng" (any case) result 4, code $40 and a detail of $0404 for the text "404" (the digits 0-9 keep their value; A-F and a-f are decoded as 0-5, `sub $41` / `sub $61` without adding 10)
Label_74_4439	Html_ParseSource_Tag_Ignore	label	CONFIRMED	in Html_ParseSource_Tag: HL := hRam_FFB0/hRam_FFB1 (the start of the tag name, saved at 74:4415) and fall-through into Label_74_443F, which then skips the whole tag: the "tag handled with nothing to do" exit; fall-through target when Html_MatchKeyword matched no tag name (never in the traces: `jr nz, Html_DispatchTag` at 74:4437 (13,654 hits in 15 scenarios) always jumped), entry 0 of Html_TagHandlerTable (dw at engine/html/tags.asm:11 (74:44A0)) and `jp` target of the handlers that parse no attributes: Html_Tag_Title (engine/html/tags.asm:34 (74:44C8), engine/html/tags.asm:39 (74:44D1)), the </title> state (engine/html/tags.asm:52 (74:44E8)), Html_Tag_Html (engine/html/tags.asm:308 (74:462B)), Html_Tag_Head (engine/html/tags.asm:317 (74:463C), engine/html/tags.asm:322 (74:4647)) and Html_Tag_Body (engine/html/tags.asm:335 (74:4658), engine/html/tags.asm:340 (74:4663), never executed, and not reachable at all: Html_TagPtrs lists "b" (id $0B) before "body" and Html_MatchKeyword accepts a name that is a prefix of the text, so `<body>` is matched as tag $0B and the next character `o` sends it to Label_74_4449 at 74:448D; CPU-only replay, supporting evidence; the same finding is already in docs/research/naming_g8.md and config/symbols/bank74.tsv); 74:4439 (2,813 hits in 15 scenarios) = 605 (<title>) + 605 (</title>) + 1,193 (<html>) + 205 + 205 (<head>, </head>)
Label_74_443F	Html_ParseSource_Tag_Done	label	CONFIRMED	the normal end of a tag handler inside Html_ParseSource_Tag: restores the banks behind HL and DE (BankSwitch_H with hRam_FFB5 = the source text, BankSwitch_D with hTextX = the text buffer; handlers and the layout far calls leave other banks switched in, e.g. WRAM bank 6 for the alignment stack), then falls into Label_74_4449, which consumes the rest of the tag up to `>`; 40 `jp` sites in tags.asm, from Html_Tag_Pre (engine/html/tags.asm:353 (74:4680)), Html_Tag_Meta, the alignment pop (engine/html/tags.asm:452 (74:4747), engine/html/tags.asm:465 (74:475E)) and push (engine/html/tags.asm:509 (74:47A7)), Html_Tag_Ul/Ol/Li, Html_Tag_B (engine/html/tags.asm:947 (74:4A46)), Html_Tag_A (engine/html/tags.asm:1015 (74:4AC4)), the end of <br> (engine/html/tags.asm:1246 (74:4C30)) and Html_Tag_Img; 74:443F (13,247 hits in 15 scenarios), by far the most used exit; twin of Html_CountListItems_Tag_Done
Label_74_4449	Html_ParseSource_Tag_SkipToEnd	label	CONFIRMED	sets hRam_FFB3 = $20 (previous character = space) and loops over the rest of the tag: NUL -> Html_ParseSource_End, `>` -> Html_ParseSource_Loop, double-byte characters skipped two at a time, any other character handed to Html_ScanAttributes with the empty keyword list Html_NoKeywords; reached by fall-through from Label_74_443F and by `jr nc` at engine/html/parser.asm:502 (74:448D) in Html_DispatchTag when the tag name is longer than the keyword it matched (so it is not that tag; every `<body>` is one of them, because the keyword `b` precedes `body` in Html_TagPtrs, see Label_74_4439); 74:4449 (13,640 hits in 15 scenarios), 74:448D (2,807 hits in 15 scenarios) taken 393 times; twin of Html_CountListItems_Tag_SkipToEnd
Label_74_4740	Html_AlignStack_Pop	label	CONFIRMED	end tag of <center> and <div> (taken by `jr z` at engine/html/tags.asm:433 (74:4728) in Html_Tag_Center for </center>, 138 times, and reached by fall-through from Html_Tag_Div for </div>, 26 times): wHtmlAlign := wHtmlAlignSp (0 when the stack is empty, which leaves "no alignment"); if it was not 0, pops one byte in WRAM bank 6 into wHtmlAlign (after `dec hl`: the entry at $D000 + wHtmlAlignSp - 1, the one the last push wrote at the old pointer) and lowers wHtmlAlignSp by 1; then `jp Label_74_443F`; 74:4740 (164 hits in 10 scenarios), the real pop 74:474A (144 hits in 10 scenarios) = the 144 pushes of Label_74_4788; the other 20 pops (of </center> or </div>; the counts cannot tell which, a </div> whose <div> pushed nothing pops an entry of an enclosing <center>) found an empty stack; a CPU-only replay of push and pop pairs (supporting evidence) restores wHtmlAlign and wHtmlAlignSp and leaves an empty stack at 0
Label_74_4761	Html_Tag_Div_ParseAlign	label	CONFIRMED	start tag of <div> (taken by `jr nz` at engine/html/tags.asm:445 (74:473E); </div> falls through into Label_74_4740): `call Html_ScanAttributes` with Html_AlignAttrPtrs ($406D, "align" = 1); no align attribute -> Label_74_443F; otherwise Html_MatchKeyword of the value ($C380) against Html_AlignValuePtrs (right $04, top $10, center $08, middle $20, left $0C, bottom $30); unknown value or no horizontal bits (`and $0C` = 0) -> Label_74_443F, else B := those bits and fall-through into Label_74_4788 (push); 74:4761 (26 hits in 5 scenarios): 18 <div> had no align attribute (`jp z` at 74:4768 taken), 8 had one (74:476B (8 hits in 1 scenarios)), 2 of those with a value that is not in the keyword list (the `jp z` at 74:477F taken twice), and the other 6 (74:4782 (6 hits in 1 scenarios)) all had horizontal bits and were pushed; a CPU-only replay of the real code (supporting evidence) pushes for align=right/center/left (any case) and not for top, middle, bottom, other values or no attribute
Label_74_4788	Html_AlignStack_Push	label	CONFIRMED	push of a horizontal alignment: if wHtmlAlignSp = $FF (stack full) -> Label_74_443F; otherwise stores the current wHtmlAlign at $D000 + wHtmlAlignSp (WRAM bank 6), raises wHtmlAlignSp and sets wHtmlAlign := B; reached from Html_Tag_Center (`ld b,$08 ; jr`, engine/html/tags.asm:435 (74:472C), 138 times: centre = $08) and by fall-through from Html_Tag_Div_ParseAlign (6 times); then `jp Label_74_443F`; 74:4788 (144 hits in 10 scenarios), the push 74:4790 (144 hits in 10 scenarios), as many pushes as real pops in Html_AlignStack_Pop
Label_74_4959	Html_Tag_Li_Bullet	label	CONFIRMED	list bullet of Html_Tag_Li: after the room check (`inc de` x2, high byte of DE against $E0) it copies the two bytes of Html_ListBullet ($81 $45, Shift-JIS "・"; read at $4995 + the low byte of wHtmlListCounter, which is 0 here) into the text at DE, lowers hHtmlLineIndent by $0C (not below 0), stores E and D in wRam_C331 (the pending-item marker read by Html_Layout_FlushListItem; both stores go to C331 in the ROM) and `jp Label_74_443F`; entered by fall-through from Html_Tag_Li when `jr nz, Label_74_4997` (engine/html/tags.asm:763 (74:4957)) is not taken, i.e. the counter marks an unordered list ($3F in the high byte; 381 of 447 items), and by `jr z` at engine/html/tags.asm:820 (74:4998) when the counter is 0 (2 times); 74:4959 (383 hits in 8 scenarios) = 381 + 2, the entry of Html_Tag_Li being 74:493F (447 hits in 8 scenarios); a CPU-only replay (supporting evidence) writes $81 $45 for a counter marker of $3F00 and for 0, and leaves wRam_C331 = high byte of DE and wRam_C332 = 0
Label_74_4987	Html_Tag_Li_Close	label	PROBABLE	taken by `jr z` at engine/html/tags.asm:756 (74:4949) when hRam_FFB4 = `/` (</li>): hHtmlLineIndent := hHtmlListIndent (the indent of the list body again), wRam_C331 := 0 (twice: both stores go to C331) and `jp Label_74_443F`; 74:4987 (never executed), the test 74:4949 (447 hits in 8 scenarios) never saw a closing </li> (all 447 were <li>); PROBABLE: code reading
Label_74_4997	Html_Tag_Li_Number	label	CONFIRMED	numbered item of Html_Tag_Li, taken by `jr nz` at engine/html/tags.asm:763 (74:4957) when the counter in BC (wHtmlListCounter, high byte masked to $3F) is not the bullet marker: `or a,c ; jr z, Label_74_4959` (counter 0 -> bullet), otherwise writes the decimal digits of BC (tens only when >= 10; the hundreds-digit branch 74:49D2 never ran) and "." ($2E) into the text at DE, lowers hHtmlLineIndent ($06 after a tens digit, then $0C after the units digit and the "."; not below 0), increments the counter (stays at 99: the cap test 74:4A14-4A17 never ran, so that is code reading and replay), stores the pending-item marker like the bullet and ends with `jp Label_74_443F`; 74:4997 (66 hits in 5 scenarios) = 64 numbered items (74:49FB (64 hits in 5 scenarios); 2-digit numbers: 74:49EE (6 hits in 1 scenarios)) + 2 with a zero counter; a CPU-only replay (supporting evidence) writes `N.` for 1-9 and `NN.` for 10-99 (indent -$0C or -$12) and keeps 99
Label_74_4BDE	Html_Tag_Br_EndLine	label	CONFIRMED	in Html_Tag_Br: `farcall Html_Layout_EndLine`, then pushes DE/HL and dispatches wHtmlBrClear (0 none, 1 left, 2 right, 3 all, from Html_ClearValueNames) through Html_BrClearJumpTable (`call JumpTableInline`, 74:4BE9 (2,547 hits in 15 scenarios)); reached by fall-through after Html_Layout_WrapRun, by `jr` at engine/html/tags.asm:1183 (74:4BD6) for an empty line (7 times: hRam_FFC7 := $0C, no WrapRun) and by `jp` at engine/html/tags.asm:1287 (74:4C68) from the retry block Label_74_4C5F; 74:4BDE (2,547 hits in 15 scenarios) = every <br> = 7 + 2,540 (74:4BD8 (2,540 hits in 15 scenarios))
Label_74_4BF4	Html_Tag_Br_ClearLeft	label	CONFIRMED	entry 1 of Html_BrClearJumpTable (dw at engine/html/tags.asm:1201 (74:4BEE)), `<br clear=left>` (Html_ClearValueNames: left = 1): Html_Layout_GetLimitsAtY for the line Y in hRam_FFC8/hRam_FFC9, then compares the left limit hRam_FFC4/hRam_FFC5 with hViewX (the left edge of the view); unequal (a left float is still beside this line, or hHtmlLineIndent is not 0: Html_Layout_GetLimitsAtY builds the left limit as hViewX + hHtmlLineIndent (engine/html/layout.asm:1182 (74:587E)) and moves it past placed left floats) -> Label_74_4C5F, equal -> `jr Label_74_4C2E` (done); 74:4BF4 (2 hits in 1 scenarios), both times equal (74:4C09 (2 hits in 1 scenarios) never jumped); a CPU-only replay of the real code with a placed 36x24 left float at Y = 0 (supporting evidence) makes clear=left move down to Y = 24 in two 12-pixel steps, and finish at once with no float or with a right float; with hHtmlLineIndent = $0C the same replay needs one retry when hHtmlListIndent = 0 and never finishes when hHtmlListIndent = $0C (16,216 retries in 600,000 steps), because Html_Layout_PlaceLine reloads hHtmlLineIndent from hHtmlListIndent after every line (engine/html/layout.asm:1022 (74:57A3)), i.e. inside a list clear=left would not end; the end-of-page helper Html_Layout_ClearAllFloats (74:5252) has the same test, and its retry 74:5293 (292,374 hits in 1 scenarios) ran 292,374 times in one natural scenario (monkey_camp_rich), the open hypothesis of docs/research/naming2_ram3.md that these replays support (they do not show what that page contained)
Label_74_4C12	Html_Tag_Br_ClearRight	label	CONFIRMED	entry 2 of Html_BrClearJumpTable (dw at engine/html/tags.asm:1202 (74:4BF0)), `<br clear=right>` (right = 2): Html_Layout_GetLimitsAtY for the line Y, then compares the right limit hRam_FFC2/hRam_FFC3 with hViewRight (the right edge of the view); unequal -> Label_74_4C5F, equal -> falls into Label_74_4C2E; 74:4C12 (2 hits in 1 scenarios), the unequal branch 74:4C27 never taken; the same replay with a placed right float makes clear=right move down to Y = 24 and restores the right limit, and it finishes at once with no float or with a left float
Label_74_4C2E	Html_Tag_Br_Done	label	CONFIRMED	end of <br>: `pop hl ; pop de` (the registers pushed at Html_Tag_Br_EndLine) and `jp Label_74_443F`; entry 0 of Html_BrClearJumpTable (no clear attribute, or a clear= value that matches none of left, right and all; dw at engine/html/tags.asm:1200 (74:4BEC)) and the target of the three clear handlers when the limits are free (`jr` at engine/html/tags.asm:1223 (74:4C10), `jr z` at engine/html/tags.asm:1276 (74:4C5D), fall-through from Html_Tag_Br_ClearRight); 74:4C2E (2,547 hits in 15 scenarios) = 2,541 through entry 0 (74:4B9F (2,547 hits in 15 scenarios) jumped 2,539 times because there was no clear attribute; the other 8 values were matched at 74:4BAF (8 hits in 1 scenarios), 6 of them as left, right or all and 2 as none of the three) + 2 + 2 + 2 (the three clear handlers, which ran twice each and found the limits free)
Label_74_4C33	Html_Tag_Br_ClearAll	label	CONFIRMED	entry 3 of Html_BrClearJumpTable (dw at engine/html/tags.asm:1203 (74:4BF2)), `<br clear=all>` (all = 3): Html_Layout_GetLimitsAtY for the line Y, then both limits must equal the view edges (hRam_FFC4/hRam_FFC5 = hViewX and hRam_FFC2/hRam_FFC3 = hViewRight): `jr nz, Label_74_4C5F` on a difference, `jr z, Label_74_4C2E` when both are free; 74:4C33 (2 hits in 1 scenarios), both times free (74:4C48 never jumped); the same replay makes clear=all move down to Y = 24 for a left float and for a right float; the left test has the same indent condition as Label_74_4BF4 (hHtmlLineIndent = hHtmlListIndent = $0C: 16,216 retries in 600,000 steps, never finishes; hHtmlListIndent = 0: one retry)
Label_74_4C5F	Html_Tag_Br_ClearRetry	label	PROBABLE	taken by the seven `jr nz` of the three clear handlers when a limit still differs from the view edge (engine/html/tags.asm:1219 (74:4C09), engine/html/tags.asm:1222 (74:4C0E), engine/html/tags.asm:1237 (74:4C27), engine/html/tags.asm:1240 (74:4C2C), engine/html/tags.asm:1263 (74:4C48), engine/html/tags.asm:1266 (74:4C4D), engine/html/tags.asm:1273 (74:4C58)) and entered by the fall-through of the eighth test, the `jr z, Label_74_4C2E` at engine/html/tags.asm:1276 (74:4C5D), when the last comparison of clear=all (hRam_FFC3 against the high byte of hViewRight) fails, because this label follows it directly: `pop hl ; pop de`, hRam_FFC7 := $0C, hRam_FFC6 := 0 (a 12-pixel line) and `jp Label_74_4BDE` (end that line and test again), i.e. <br clear> ends the line and tests again, one blank 12-pixel line lower each time, until the limits are free (for clear=left and clear=all that needs hHtmlLineIndent to be 0, and PlaceLine reloads it from hHtmlListIndent after every line, so inside a list the loop would not end: replay, see Label_74_4BF4); 74:4C5F (never executed; its executed twin is the retry of Html_Layout_ClearAllFloats, 74:5293 (292,374 hits in 1 scenarios): the same six instructions `pop hl ; pop de ; ld a,$0C ; ldh [hRam_FFC7],a ; xor a ; ldh [hRam_FFC6],a` and a jump back to the start of the helper): each of the eight tests ran twice (for instance 74:4C09 (2 hits in 1 scenarios), and the last one, 74:4C5D (2 hits in 1 scenarios), always jumped to Label_74_4C2E) and found the limits already free; PROBABLE: code reading; the same replay (supporting evidence) goes through this block twice for a 24-pixel float, each time ending one 12-pixel line lower, until the limit equals the view edge
Label_74_4C71	Html_ParseSource_PreLineBreak	label	CONFIRMED	line break inside <pre> (wHtmlFlags bit 3): taken by `jp z` at engine/html/parser.asm:299 (74:4369) for LF and entered by `jr nz` at engine/html/tags.asm:1294 (74:4C6E) / fall-through from Html_ParseSource_PreCR for CR (an LF right after the CR is skipped); saves HL in hRam_FFB0/hRam_FFB1; if the text run is empty (DE = hRam_FFBB/hTextY) and the line has no height (hRam_FFC6 | hRam_FFC7 = 0) it sets hRam_FFC7 = $0C (a blank line), otherwise farcall Html_Layout_WrapRun; then farcall Html_Layout_EndLine, hRam_FFB3 = $20 and `jp Html_ParseSource_Loop`; 74:4C71 (37 hits in 4 scenarios) = 27 LFs + 10 CRs (Html_ParseSource_PreCR 74:4C6B (10 hits in 1 scenarios)); the WrapRun branch ran 30 times (74:4C93 (30 hits in 4 scenarios)), EndLine 37 (74:4C99 (37 hits in 4 scenarios))
Label_74_59E0	HtmlUrl_Resolve_BaseNoScheme	label	PROBABLE	taken by `jr z` at engine/html/url.asm:99 (74:59B8) in HtmlUrl_Resolve when the base URL (DE, the page address) has no `:` at all (scan reached the NUL): `push de ; ld bc,$0100 ; ld de,$C380` and fall-through into Label_74_59E7 (default `http://` prefix); 74:59E0 (never executed), the scan 74:59B8 (860 hits in 13 scenarios) ran 860 times and always found the `:` of "http:"; PROBABLE: code reading
Label_74_59E7	HtmlUrl_Resolve_CopyHttpPrefix	label	PROBABLE	copies the NUL-terminated string HtmlUrl_HttpPrefix ("http://") from $59D8 to DE (initially $C380) with `ld a,[hli] ; ld [de],a ; inc de ; dec bc ; or a ; jr nz` and falls into Label_74_59F1; entered by fall-through from Label_74_59E0 and by `jr` at engine/html/url.asm:118 (74:59D6) when the base has a `:` but Html_MatchKeyword does not know its scheme (the `jr nz, Label_74_59F1` at 74:59D4 (172 hits in 13 scenarios) was always taken); 74:59E7 (never executed); PROBABLE: code reading (the loop stores the terminating NUL and DE ends up behind it, so the base URL copied by Label_74_59F1 follows the NUL and is ignored: a CPU-only replay with the base `nocolon` and the relative text `b.htm` gives `http://b.htm/`, supporting evidence)
Label_74_59F1	HtmlUrl_Resolve_JoinToBase	label	CONFIRMED	relative-URL step of HtmlUrl_Resolve: `pop hl` (the base URL) and `call CopyBytes` (BC = $0100 bytes to DE = $C380), `pop hl` (the relative part); its first character picks the delimiter B (a leading `/` takes the host-relative branch at 74:5A2C (never executed); `;`, `?` and `#` give B = that character; otherwise B = `/`), HtmlUrl_FindLastSegmentDelimiter on $C380 returns HL just after the last `/` of the base (for B = `;`, `?` or `#`: just after the first B behind that `/`; just after the terminator when the base has no `/`), `dec hl` puts B over that delimiter, so the last segment of the base is replaced, and the relative text is copied from there up to the NUL, then `jp Label_74_5A5A`; entered by `jr nz` at engine/html/url.asm:114 (74:59D4) when the base scheme is known (and by fall-through from Label_74_59E7); 74:59F1 (172 hits in 13 scenarios) = 172 of the 175 calls of HtmlUrl_Resolve (74:5981 (175 hits in 13 scenarios)), the other 3 had an absolute URL; the delimiter was always `/` and never `;`, `?`, `#` or a leading `/`; a CPU-only replay (supporting evidence) gives `http://host/a/b.htm` for the base `http://host/a/c.htm` and the relative `b.htm`, and in the never-executed `;`, `?`, `#` branches `http://h/a/b.htm??q=1` for `?q=1` (the delimiter is written twice)
Label_74_5A5A	HtmlUrl_Resolve_EnsureHostSlash	label	PROBABLE	last step of HtmlUrl_Resolve (entered by `jp` at engine/html/url.asm:85 (74:59AD), absolute URL, 3 times, and engine/html/url.asm:189 (74:5A29), joined URL, 172 times; loops on itself with `jr nz` at engine/html/url.asm:235 (74:5A5F)): HL = $C380; scans to the first `/` (and returns at once, `ret z` at 74:5A5C, if the text ends before any `/`), skips the next character whether or not it is `/` (the `jr nz` at 74:5A64 has displacement 0, bytes 20 00, so both outcomes continue at 74:5A66), scans on to the `/` that ends the host and returns; if the text ends before that `/`, the code at 74:5A6F appends `/` and the terminator, i.e. "http://host" becomes "http://host/"; 74:5A5A (1,050 hits in 13 scenarios): the scan ran 175 times and always found the slash (the final `ret` 74:5A6E (175 hits in 13 scenarios)), so the one store it can make (74:5A6F (never executed)) never happened; all four callers of HtmlUrl_Resolve reload HL with `ld hl,$C380` right after the farcall (engine/browser/page_view.asm:230 (4E:4B48), engine/help/mobile_dictionary_view.asm:119 (4C:5055), engine/browser/inline_images.asm:112 (4C:48FD) and engine/help/mobile_dictionary_view.asm:345 (4C:523F); they ran 4E:4B48 (70 hits in 8 scenarios), 4C:5055 (97 hits in 7 scenarios), 4C:48FD (8 hits in 3 scenarios) and 4C:523F (never executed); 70 + 97 + 8 = 175 = the 175 calls), so HL is not a result; PROBABLE: the name states the only side effect, which is code reading; a CPU-only replay (supporting evidence) turns `http://host` into `http://host/` and leaves URLs with a path unchanged (and `http:/xhost` into `http:/xhost/`, the skipped character)
