old_name	file	bank_address	reference_class	instruction_sites	disposition	semantic_name	status	evidence
Data_3F_4000	data/html/index.asm	3F:4000	instruction	2	APPLIED	Table_HtmlStore_KeywordPointers	CONFIRMED	00:131E/1368 loads base 3F:4000, explicitly selects 3F, reads 16-bit pointers. BuildPageUrl indexes by B*2; LoadPage walks pointers until the zero word. This is a pointer list, not opaque header metadata. Both paths execute naturally (57/8 and 200/8).
Data_5F_49D0	gfx/keyboard/panels_bank5f.asm	5F:49D0	instruction	16	APPLIED	Gfx_SharedPanels_Vram8000Vb1	CONFIRMED	Shared 768-byte VRAM source block, eight natural callers across keyboard and confirmation panels; all select ROM5F and copy49D0..4CD0 to8000/VB1. Describes source/load role; no new tile classification.
Palette_5F_4CD0	gfx/keyboard/panels_bank5f.asm	5F:4CD0	instruction	18	APPLIED	Palette_SharedPanels_BgObj	CONFIRMED	Exactly40 RGB555 bytes verified against ROM; +0/16bytes loads BG6..7 in keyboard, +$10/24bytes loads OBJ5..7 in eight keyboard/confirmation callers. All nine consumers natural; adjacent object table starts4CF8.
Data_71_4300	gfx/account/screens_bank71.asm	71:4300	instruction	2	APPLIED	Gfx_CommPanel_SharedVramSource	CONFIRMED	Source block4300..4500 is shared by CommPanel windows4200..4500→8800/VB1 and4490..4890→9000/VB1. Explicit operand remains +$190; latter read is $70 bytes here plus $390 bytes in next block4500. Describes source role without assigning one destination/type to whole block.
Data_5E_4000	gfx/settings/screens_bank5e.asm	5E:4000	instruction	8	PENDING		HYPOTHESIS	Known asset loaded by executed bank-aware consumer(s). Need all content units, boundaries and shared visual/VRAM roles to be independently validated before new naming; HDMA alone is insufficient.
Data_5E_4400	gfx/settings/screens_bank5e.asm	5E:4400	instruction	8	PENDING		HYPOTHESIS	Known asset loaded by executed bank-aware consumer(s). Need all content units, boundaries and shared visual/VRAM roles to be independently validated before new naming; HDMA alone is insufficient.
Data_5E_4D00	gfx/account/screens_bank5e.asm	5E:4D00	instruction	18	PENDING		HYPOTHESIS	Known asset loaded by executed bank-aware consumer(s). Need all content units, boundaries and shared visual/VRAM roles to be independently validated before new naming; HDMA alone is insufficient.
Table_5D_7318	gfx/account/screens_bank5d.asm	5D:7318	instruction	2	PENDING		HYPOTHESIS	Sprite_InitSlot receives B=$81; base is a four-byte zero entry and effective selected entry is at 731C. Need full object-chain/selector analysis before naming base or treating its zeros as the selected frame.
Data_68_7831	engine/account/result_page.asm	68:7831	instruction	1	PENDING		HYPOTHESIS	ResultPage_LoadBanner indexes three-byte address/bank descriptors. Block also contains a two-byte tail; need all index bounds and remaining readers before assigning one global table role.
String_2A_4A6F	engine/address_book/save_sender_address.asm	2A:4A6F	instruction	2	APPLIED	String_SaveSenderAddr_CaptionPart2	CONFIRMED	Rendered line 2 of the caption rendered sequentially by SaveSenderAddr_LoadCaption. The existing first part is String_SaveSenderAddr_Caption at 2A:4A66. HL and A=BANK point to this part, followed by TextTiles_RenderLine; no other operand/data reference exists. Each load, bank immediate and consumer call executes 19 times in 6 natural scenarios. Line suffix denotes the separate TextTiles_RenderLine invocation; no pixel positions or screen geometry are claimed.
String_2A_4A78	engine/address_book/save_sender_address.asm	2A:4A78	instruction	2	APPLIED	String_SaveSenderAddr_CaptionPart3	CONFIRMED	Rendered line 3 of the caption rendered sequentially by SaveSenderAddr_LoadCaption. The existing first part is String_SaveSenderAddr_Caption at 2A:4A66. HL and A=BANK point to this part, followed by TextTiles_RenderLine; no other operand/data reference exists. Each load, bank immediate and consumer call executes 19 times in 6 natural scenarios. Line suffix denotes the separate TextTiles_RenderLine invocation; no pixel positions or screen geometry are claimed.
String_2A_4A81	engine/address_book/save_sender_address.asm	2A:4A81	instruction	2	APPLIED	String_SaveSenderAddr_CaptionPart4	CONFIRMED	Rendered line 4 of the caption rendered sequentially by SaveSenderAddr_LoadCaption. The existing first part is String_SaveSenderAddr_Caption at 2A:4A66. HL and A=BANK point to this part, followed by TextTiles_RenderLine; no other operand/data reference exists. Each load, bank immediate and consumer call executes 19 times in 6 natural scenarios. Line suffix denotes the separate TextTiles_RenderLine invocation; no pixel positions or screen geometry are claimed.
String_2A_4A8A	engine/address_book/save_sender_address.asm	2A:4A8A	instruction	2	APPLIED	String_SaveSenderAddr_CaptionPart5	CONFIRMED	Rendered line 5 of the caption rendered sequentially by SaveSenderAddr_LoadCaption. The existing first part is String_SaveSenderAddr_Caption at 2A:4A66. HL and A=BANK point to this part, followed by TextTiles_RenderLine; no other operand/data reference exists. Each load, bank immediate and consumer call executes 19 times in 6 natural scenarios. Line suffix denotes the separate TextTiles_RenderLine invocation; no pixel positions or screen geometry are claimed.
Data_51_740C	engine/browser/inline_image_blit.asm	51:740C	instruction	2	APPLIED	ImageBlit_AllBitsMask	PROBABLE	51:75A0 and 765B read the same all-ones byte and AND it with the live left/right masks. Static role is unambiguous; neither read executed naturally. Do not promote by other executed image-blit paths.
String_24_42E7	engine/browser/page_list.asm	24:42E7	instruction	1	KEEP		HYPOTHESIS	Unexecuted built-in page-list fallback/title copy. Static string destination is visible, but inherited dead-code limitation prevents promotion merely from readable UI content.
Data_70_6490	gfx/comm/comm_scene.asm	70:6490	instruction	4	PENDING		HYPOTHESIS	Shared source used with two different VRAM destinations/lengths. Avoid a Tiles9000-only name; graphics slice/boundary proof required.
Data_70_6890	gfx/comm/comm_scene.asm	70:6890	instruction	2	PENDING		HYPOTHESIS	Current header associates 70:4560 with source6690, but actual explicit operand at4545 is6890 for call454E. Audit family headers and data units before names.
Data_70_6690	gfx/comm/comm_scene.asm	70:6690	instruction	2	PENDING		HYPOTHESIS	HDMA window extends into neighboring tiles; current clipped headers require independent reconstruction, not naming by HDMA alone.
String_56_4047	data/text/connect_dialog.asm	56:4047	instruction	4	APPLIED	String_ConnectDialog_PasswordEntryPrompt	CONFIRMED	Fixed UI text used by the matching ConnectDialog draw branch; HL and explicit A=BANK feed TextTiles_RenderGrid. Full text checked privately; no personal records reproduced. Every explicit use executes naturally. String_56_4047 is shared by the password-entry and save-confirm branches and therefore has a prompt name independent of either screen variant.
String_56_406A	data/text/connect_dialog.asm	56:406A	instruction	2	APPLIED	String_ConnectDialog_SavePasswordConfirm	CONFIRMED	Fixed UI text used by the matching ConnectDialog draw branch; HL and explicit A=BANK feed TextTiles_RenderGrid. Full text checked privately; no personal records reproduced. Every explicit use executes naturally. String_56_4047 is shared by the password-entry and save-confirm branches and therefore has a prompt name independent of either screen variant.
String_56_40BF	data/text/connect_dialog.asm	56:40BF	instruction	2	APPLIED	String_ConnectDialog_PasswordSavedNotice	CONFIRMED	Fixed UI text used by the matching ConnectDialog draw branch; HL and explicit A=BANK feed TextTiles_RenderGrid. Full text checked privately; no personal records reproduced. Every explicit use executes naturally. String_56_4047 is shared by the password-entry and save-confirm branches and therefore has a prompt name independent of either screen variant.
String_56_410A	data/text/connect_dialog.asm	56:410A	instruction	2	APPLIED	String_ConnectDialog_StoredPasswordNotice	CONFIRMED	Fixed UI text used by the matching ConnectDialog draw branch; HL and explicit A=BANK feed TextTiles_RenderGrid. Full text checked privately; no personal records reproduced. Every explicit use executes naturally. String_56_4047 is shared by the password-entry and save-confirm branches and therefore has a prompt name independent of either screen variant.
String_56_4159	data/text/connect_dialog.asm	56:4159	instruction	2	APPLIED	String_ConnectDialog_CancelPasswordStorageConfirm	CONFIRMED	Fixed UI text used by the matching ConnectDialog draw branch; HL and explicit A=BANK feed TextTiles_RenderGrid. Full text checked privately; no personal records reproduced. Every explicit use executes naturally. String_56_4047 is shared by the password-entry and save-confirm branches and therefore has a prompt name independent of either screen variant.
String_19_452F	engine/debug/debug_flags.asm	19:452F	instruction	2	KEEP		HYPOTHESIS	Debug screen has no natural entry; no promotion by forced screen execution. Keep neutral under inherited dead-code rule.
Function_29_5090	engine/gfx/unreferenced_palette_library.asm	29:5090	instruction	1	KEEP		HYPOTHESIS	Unreferenced routine-library image: internal call does not establish actual bank-29 execution. Existing header explains call $7BB7 would land in padding; no natural entry. No new role name.
Function_29_511E	engine/gfx/unreferenced_palette_library.asm	29:511E	instruction	1	KEEP		HYPOTHESIS	Same unreferenced library. Internal call and clean decode do not establish execution location or role; calls unlabelled $7BB7 in padding. Keep under inherited HYPOTHESIS.
Table_6A_64AE	gfx/help/help_screens_a.asm	6A:64AE	instruction	2	PENDING		HYPOTHESIS	Sprite entry is split across typed blocks (three bytes here); reconstruct fourth byte and selected frame/script chain before asserting an object-table role/name.
Tilemap_6A_4870	gfx/help/help_screens_a.asm	6A:4870	instruction	4	PENDING		HYPOTHESIS	Known asset loaded by executed bank-aware consumer(s). Need all content units, boundaries and shared visual/VRAM roles to be independently validated before new naming; HDMA alone is insufficient.
Tilemap_6A_4A14	gfx/help/help_screens_a.asm	6A:4A14	instruction	2	PENDING		HYPOTHESIS	Known asset loaded by executed bank-aware consumer(s). Need all content units, boundaries and shared visual/VRAM roles to be independently validated before new naming; HDMA alone is insufficient.
Tilemap_6A_4AC8	gfx/help/help_screens_a.asm	6A:4AC8	instruction	2	PENDING		HYPOTHESIS	Known asset loaded by executed bank-aware consumer(s). Need all content units, boundaries and shared visual/VRAM roles to be independently validated before new naming; HDMA alone is insufficient.
Tilemap_6A_4B7C	gfx/help/help_screens_a.asm	6A:4B7C	instruction	4	PENDING		HYPOTHESIS	Known asset loaded by executed bank-aware consumer(s). Need all content units, boundaries and shared visual/VRAM roles to be independently validated before new naming; HDMA alone is insufficient.
Tilemap_6A_4D20	gfx/help/help_screens_a.asm	6A:4D20	instruction	2	PENDING		HYPOTHESIS	Known asset loaded by executed bank-aware consumer(s). Need all content units, boundaries and shared visual/VRAM roles to be independently validated before new naming; HDMA alone is insufficient.
Tilemap_6A_4DD4	gfx/help/help_screens_a.asm	6A:4DD4	instruction	2	PENDING		HYPOTHESIS	Known asset loaded by executed bank-aware consumer(s). Need all content units, boundaries and shared visual/VRAM roles to be independently validated before new naming; HDMA alone is insufficient.
Table_6A_72BB	gfx/help/help_screens_b.asm	6A:72BB	instruction	6	PENDING		HYPOTHESIS	Natural HelpScript calls select B=$80, then reposition slot2. Need name true for OnA/OnB/resume paths and complete chain rather than guessed visual marker.
Function_55_6EAA	engine/keyboard/type_helpers.asm	55:6EAA	instruction	1	PENDING		HYPOTHESIS	Type predicate selecting default cursor restoration in mode2. Static and natural role observed, but exact narrow name/convention should be reviewed alongside its table and mode semantics; no whole-predicate promotion from a sibling.
Function_55_6EC0	engine/keyboard/type_helpers.asm	55:6EC0	instruction	1	PENDING		HYPOTHESIS	Type predicate controlling default cursor restoration when run argument C is nonzero. All type callers need input convention/role review with table6ECB.
Function_55_6EEC	engine/keyboard/type_helpers.asm	55:6EEC	instruction	1	PENDING		HYPOTHESIS	PROBABLE lookup decoder supported by periodic executed siblings; only caller is HYPOTHESIS. Predicate property is not established: do not name it for guessed key behavior.
Label_55_5F29	engine/keyboard/keyboard.asm	55:5F29	instruction	1	KEEP		HYPOTHESIS	Only branch is in unreferenced HYPOTHESIS 55:5DF5 code; no natural entry. Existing verifier explicitly preserved neutrality.
Data_55_65D7	engine/keyboard/keyboard.asm	55:65D7	instruction	1	APPLIED	Table_Kbd_InputModeReturnCodes	CONFIRMED	55:65CC indexes three bytes using wKbdInputMode and returns the selected byte as the keyboard result. The read/load path runs naturally (34 hits,9 scenarios); names no glyph or visual behavior.
Data_55_6EB5	engine/keyboard/type_helpers.asm	55:6EB5	instruction	1	PENDING		HYPOTHESIS	11-byte type predicate table consumed by6EAA. Proposed name depends on settling precise predicate role; reads natural but role not yet named.
Data_55_6ECB	engine/keyboard/type_helpers.asm	55:6ECB	instruction	1	PENDING		HYPOTHESIS	11-byte type predicate table consumed by6EC0. Proposed name depends on precise argument-C/default-cursor role.
Data_55_6EF7	engine/keyboard/type_helpers.asm	55:6EF7	instruction	1	PENDING		HYPOTHESIS	11-byte table of PROBABLE predicate6EEC whose only caller is HYPOTHESIS. No new semantic role until predicate understood.
Data_55_6F95	engine/keyboard/type_helpers.asm	55:6F95	instruction	1	KEEP		HYPOTHESIS	Mixed RGB555 words and delay bytes read solely by HYPOTHESIS 55:6F46 routine with no proven entry. No combined palette/colour-table name.
Function_2D_4F03	engine/mail/body_editor.asm	2D:4F03	instruction	2	PENDING		HYPOTHESIS	Body editor row7 capacity/result predicate returns1,0,FF. Both callers natural, but later branches remain unexecuted; derive complete result contract before choosing a name/status.
Function_2D_4E54	engine/mail/body_editor.asm	2D:4E54	instruction	1	PENDING		HYPOTHESIS	Static row/column scan returning A,E,HL. The sole wrapper is unexecuted and sets WRAM1; full sentinel/stack contract (early missing-row exit) needs review before a semantic name.
Function_26_5106	engine/mail/mail_session_screen.asm	26:5106	instruction	1	PENDING		HYPOTHESIS	Compares differences of two pointer pairs in W1 session block; equality updates saved cursor and sets HL. Natural caller present, equality arm never ran; determine fields/return contract without guessing transfer semantics.
Table_2B_6DB0	engine/mail/mail_viewer_sender.asm	2B:6DB0	instruction	1	PENDING		HYPOTHESIS	Twelve SRAM-record addresses indexed then+$ED. Consumer is unexecuted; selected SRAM bank and record field purpose must be proved before naming.
Label_2B_57CB	engine/mail/received_mail_grid.asm	2B:57CB	instruction	1	KEEP		HYPOTHESIS	Forced-only blanking branch; natural coverage remains zero. Existing naming2_verify_label5 section explicitly preserved this neutral path.
String_2B_5807	engine/mail/received_mail_grid.asm	2B:5807	instruction	2	KEEP		HYPOTHESIS	Blank string of the same forced-only branch; no natural reader. Keep as inherited neutral.
Label_27_4EEB	engine/mail/send_receive.asm	27:4EEB	instruction	1	KEEP		HYPOTHESIS	LCDOn/BC=0 return tail in an unreferenced chain; zero natural entry and previously explicitly kept neutral.
String_22_483C	engine/mail_server/delete_hidden.asm	22:483C	instruction	2	APPLIED	String_MailSrvDelHidden_DeleteAllWarningPart2	CONFIRMED	Fixed delete-all confirmation warning fragment. HL/A=BANK feed TextTiles_RenderLine in confirmation screen setup, with separate destination tile staging windows. All explicit uses execute naturally. The wording denotes deletion from the server, not local mail records. Parts preserve the separate bank copies; no deduplication.
String_22_485D	engine/mail_server/delete_hidden.asm	22:485D	instruction	2	APPLIED	String_MailSrvDelHidden_DeleteAllWarningPart3	CONFIRMED	Fixed delete-all confirmation warning fragment. HL/A=BANK feed TextTiles_RenderLine in confirmation screen setup, with separate destination tile staging windows. All explicit uses execute naturally. The wording denotes deletion from the server, not local mail records. Parts preserve the separate bank copies; no deduplication.
String_22_487E	engine/mail_server/delete_hidden.asm	22:487E	instruction	2	APPLIED	String_MailSrvDelHidden_DeleteAllWarningPart4	CONFIRMED	Fixed delete-all confirmation warning fragment. HL/A=BANK feed TextTiles_RenderLine in confirmation screen setup, with separate destination tile staging windows. All explicit uses execute naturally. The wording denotes deletion from the server, not local mail records. Parts preserve the separate bank copies; no deduplication.
String_23_472B	engine/mail_server/delete_menu.asm	23:472B	instruction	2	APPLIED	String_MailSrvDel_DeleteAllWarningPart2	CONFIRMED	Fixed delete-all confirmation warning fragment. HL/A=BANK feed TextTiles_RenderLine in confirmation screen setup, with separate destination tile staging windows. All explicit uses execute naturally. The wording denotes deletion from the server, not local mail records. Parts preserve the separate bank copies; no deduplication.
String_23_474C	engine/mail_server/delete_menu.asm	23:474C	instruction	2	APPLIED	String_MailSrvDel_DeleteAllWarningPart3	CONFIRMED	Fixed delete-all confirmation warning fragment. HL/A=BANK feed TextTiles_RenderLine in confirmation screen setup, with separate destination tile staging windows. All explicit uses execute naturally. The wording denotes deletion from the server, not local mail records. Parts preserve the separate bank copies; no deduplication.
String_23_476D	engine/mail_server/delete_menu.asm	23:476D	instruction	2	APPLIED	String_MailSrvDel_DeleteAllWarningPart4	CONFIRMED	Fixed delete-all confirmation warning fragment. HL/A=BANK feed TextTiles_RenderLine in confirmation screen setup, with separate destination tile staging windows. All explicit uses execute naturally. The wording denotes deletion from the server, not local mail records. Parts preserve the separate bank copies; no deduplication.
Data_54_4FC3	engine/mobile/pop3_retr.asm	54:4FC3	instruction	1	PENDING		HYPOTHESIS	Known asset loaded by executed bank-aware consumer(s). Need all content units, boundaries and shared visual/VRAM roles to be independently validated before new naming; HDMA alone is insufficient.
Data_54_4FCB	engine/mobile/pop3_retr.asm	54:4FCB	instruction	1	PENDING		HYPOTHESIS	Known asset loaded by executed bank-aware consumer(s). Need all content units, boundaries and shared visual/VRAM roles to be independently validated before new naming; HDMA alone is insufficient.
Data_54_4C44	engine/mobile/pop3_top.asm	54:4C44	instruction	1	PENDING		HYPOTHESIS	Known asset loaded by executed bank-aware consumer(s). Need all content units, boundaries and shared visual/VRAM roles to be independently validated before new naming; HDMA alone is insufficient.
Data_54_4C35	engine/mobile/pop3_top.asm	54:4C35	instruction	1	PENDING		HYPOTHESIS	Known asset loaded by executed bank-aware consumer(s). Need all content units, boundaries and shared visual/VRAM roles to be independently validated before new naming; HDMA alone is insufficient.
Data_54_4C3D	engine/mobile/pop3_top.asm	54:4C3D	instruction	2	PENDING		HYPOTHESIS	Known asset loaded by executed bank-aware consumer(s). Need all content units, boundaries and shared visual/VRAM roles to be independently validated before new naming; HDMA alone is insufficient.
Data_54_475A	engine/mobile/smtp.asm	54:475A	instruction	1	PENDING		HYPOTHESIS	Known asset loaded by executed bank-aware consumer(s). Need all content units, boundaries and shared visual/VRAM roles to be independently validated before new naming; HDMA alone is insufficient.
Data_4D_5510	gfx/settings/screens_bank4d.asm	4D:5510	instruction	4	PARTIAL_ALIAS	Palette_SettingsPhone_ChoiceMenu_Bg	PROBABLE	Only choice_menu lines145/146 (67:4795/4798) feed Palette_LoadToBuffer. Lines126/127 (67:475D/4760) feed a $300-byte HDMA crossing palettes/tilemaps and must retain neutral spelling. Preserve existing palette geometry/overread status. Existing semantic and neutral symbols have identical bank/address.
Data_6A_72A0	gfx/help/help_screens_b.asm	6A:72A0	structured_data	0	PENDING		HYPOTHESIS	Not an instruction operand: sprite_object_entry emits dw frameTable,script. Full indirect frame consumers and coherent help-object family should be reviewed together.
Data_75_6063	lib/mobile/main.asm	75:6063	instruction	1	APPLIED_ALIAS	MobilePacket_WaitForTelephoneCall	PROBABLE	Existing semantic alias equals75:6063. Sole operand in MobileState_WaitForCall feeds Mobile_PacketSendEmptyBody, whose consumer rule fixes source bank75 and10-byte template. Command14/checksum structure already verified. No natural use; unchanged PROBABLE, not CONFIRMED.
