file	line	operand	bank	proposed text	group	disposition	proof	ctx
engine/account/helpers.asm	554	sSram_A000	S2	sConfigImage	ram12 SRAM	manual	68:432F: Config_MirrorIsRegistered selects bank2 explicitly just before the first magic read (ld a,$02;ldh[hSRAMBank],a;ld[rRAMB],a), and no bank-changing instruction/call lies between the magic reads.	ld [rRAMB], a | ld a, [sSram_A000] | cp a, $4D
engine/account/helpers.asm	557	sSram_A001	S2	sConfigImage + $01	ram12 SRAM	manual	68:4336: Config_MirrorIsRegistered selects bank2 explicitly just before the first magic read (ld a,$02;ldh[hSRAMBank],a;ld[rRAMB],a), and no bank-changing instruction/call lies between the magic reads.	jr nz, .l4365 | ld a, [sSram_A001] | cp a, $41
engine/account/helpers.asm	560	sSram_A002	S2	sConfigRegState	ram12 SRAM	manual	68:433D: Config_MirrorIsRegistered selects bank2 explicitly just before the first magic read (ld a,$02;ldh[hSRAMBank],a;ld[rRAMB],a), and no bank-changing instruction/call lies between the magic reads.	jr nz, .l4365 | ld a, [sSram_A002] | cp a, $81
engine/account/helpers.asm	563	sSram_A003	S2	sConfigImage + $03	ram12 SRAM	manual	68:4345: Config_MirrorIsRegistered selects bank2 explicitly just before the first magic read (ld a,$02;ldh[hSRAMBank],a;ld[rRAMB],a), and no bank-changing instruction/call lies between the magic reads.	jp nz, .l4365 | ld a, [sSram_A003] | cp a, $00
engine/account/register_config.asm	238	sSram_A003	S2	sConfigImage + $03	ram12 SRAM	manual	68:6CF0: S2 selected in sole caller Registration_WriteConfig_StateWrite (68:6C0C) at ld a,$02/ldh[hSRAMBank]/ld[rRAMB] before call at register_config.asm:145 (68:6C27). CopyBytes and FillBytes do not change bank, and no SRAM switch occurs until after the byte3 restore. Only source caller found; both sites observed SRAM mask0004.	Config_BuildImageFromAccount:: | ld a, [sSram_A003] | push af
engine/account/register_config.asm	259	sSram_A003	S2	sConfigImage + $03	ram12 SRAM	manual	68:6D19: S2 selected in sole caller Registration_WriteConfig_StateWrite (68:6C0C) at ld a,$02/ldh[hSRAMBank]/ld[rRAMB] before call at register_config.asm:145 (68:6C27). CopyBytes and FillBytes do not change bank, and no SRAM switch occurs until after the byte3 restore. Only source caller found; both sites observed SRAM mask0004.	pop af | ld [sSram_A003], a | ldh [hScratchA], a
engine/sram/save_block_check.asm	37	sSram_A9E3	S1	sMobileError12Or26Count	ram12 SRAM	manual	4E:468B: Enclosing routine explicitly selects SRAM1 via ld a,$01;ldh[hSRAMBank],a;ld[rRAMB],a before this access. Branch paths preserve that bank; bank-changing long-copy calls occur after the relevant reads in Pop, or are followed by an explicit reselect in Push. SaveCheck_Sum16/FillBytes/Sound_FrameService preserve SRAM selection (observed mask0002 wherever natural site present).	xor a, a | ld [sSram_A9E3], a | ld [sSram_A9F8], a
engine/sram/save_block_check.asm	266	sSram_A9E3	S1	sMobileError12Or26Count	ram12 SRAM	manual	4E:483A: Enclosing routine explicitly selects SRAM1 via ld a,$01;ldh[hSRAMBank],a;ld[rRAMB],a before this access. Branch paths preserve that bank; bank-changing long-copy calls occur after the relevant reads in Pop, or are followed by an explicit reselect in Push. SaveCheck_Sum16/FillBytes/Sound_FrameService preserve SRAM selection (observed mask0002 wherever natural site present).	ld [hli], a | ld a, [sSram_A9E3] | ld [hli], a
engine/sram/save_block_check.asm	312	sSram_A9E3	S1	sMobileError12Or26Count	ram12 SRAM	manual	4E:487F: Enclosing routine explicitly selects SRAM1 via ld a,$01;ldh[hSRAMBank],a;ld[rRAMB],a before this access. Branch paths preserve that bank; bank-changing long-copy calls occur after the relevant reads in Pop, or are followed by an explicit reselect in Push. SaveCheck_Sum16/FillBytes/Sound_FrameService preserve SRAM selection (observed mask0002 wherever natural site present).	 | ld a, [sSram_A9E3] | inc a
engine/sram/save_block_check.asm	314	sSram_A9E3	S1	sMobileError12Or26Count	ram12 SRAM	manual	4E:4883: Enclosing routine explicitly selects SRAM1 via ld a,$01;ldh[hSRAMBank],a;ld[rRAMB],a before this access. Branch paths preserve that bank; bank-changing long-copy calls occur after the relevant reads in Pop, or are followed by an explicit reselect in Push. SaveCheck_Sum16/FillBytes/Sound_FrameService preserve SRAM selection (observed mask0002 wherever natural site present).	inc a | ld [sSram_A9E3], a | 
engine/sram/save_block_check.asm	172	sSram_A9E4	S1	sSaveCheckBlockTag	ram12 SRAM	manual	4E:4789: Enclosing routine explicitly selects SRAM1 via ld a,$01;ldh[hSRAMBank],a;ld[rRAMB],a before this access. Branch paths preserve that bank; bank-changing long-copy calls occur after the relevant reads in Pop, or are followed by an explicit reselect in Push. SaveCheck_Sum16/FillBytes/Sound_FrameService preserve SRAM selection (observed mask0002 wherever natural site present).	cpl | ld [sSram_A9E4], a | ld [sSram_A9E5], a
engine/sram/save_block_check.asm	207	sSram_A9E4	S1	sSaveCheckBlockTag	ram12 SRAM	manual	4E:47D9: Enclosing routine explicitly selects SRAM1 via ld a,$01;ldh[hSRAMBank],a;ld[rRAMB],a before this access. Branch paths preserve that bank; bank-changing long-copy calls occur after the relevant reads in Pop, or are followed by an explicit reselect in Push. SaveCheck_Sum16/FillBytes/Sound_FrameService preserve SRAM selection (observed mask0002 wherever natural site present).	cpl | ld [sSram_A9E4], a | ld a, d
engine/sram/save_block_check.asm	173	sSram_A9E5	S1	sSaveCheckBlockTag + $01	ram12 SRAM	manual	4E:478C: Enclosing routine explicitly selects SRAM1 via ld a,$01;ldh[hSRAMBank],a;ld[rRAMB],a before this access. Branch paths preserve that bank; bank-changing long-copy calls occur after the relevant reads in Pop, or are followed by an explicit reselect in Push. SaveCheck_Sum16/FillBytes/Sound_FrameService preserve SRAM selection (observed mask0002 wherever natural site present).	ld [sSram_A9E4], a | ld [sSram_A9E5], a | xor a, a
engine/sram/save_block_check.asm	211	sSram_A9E5	S1	sSaveCheckBlockTag + $01	ram12 SRAM	manual	4E:47E1: Enclosing routine explicitly selects SRAM1 via ld a,$01;ldh[hSRAMBank],a;ld[rRAMB],a before this access. Branch paths preserve that bank; bank-changing long-copy calls occur after the relevant reads in Pop, or are followed by an explicit reselect in Push. SaveCheck_Sum16/FillBytes/Sound_FrameService preserve SRAM selection (observed mask0002 wherever natural site present).	cpl | ld [sSram_A9E5], a | xor a, a
engine/sram/save_block_check.asm	96	sSram_A9E6	S1	sSaveCheckBlockTag + $02	ram12 SRAM	manual	4E:470A: Enclosing routine explicitly selects SRAM1 via ld a,$01;ldh[hSRAMBank],a;ld[rRAMB],a before this access. Branch paths preserve that bank; bank-changing long-copy calls occur after the relevant reads in Pop, or are followed by an explicit reselect in Push. SaveCheck_Sum16/FillBytes/Sound_FrameService preserve SRAM selection (observed mask0002 wherever natural site present).	call SaveCheck_Sum16 | ld a, [sSram_A9E6] | cp a, e
engine/sram/save_block_check.asm	169	sSram_A9E6	S1	sSaveCheckBlockTag + $02	ram12 SRAM	manual	4E:4782: Enclosing routine explicitly selects SRAM1 via ld a,$01;ldh[hSRAMBank],a;ld[rRAMB],a before this access. Branch paths preserve that bank; bank-changing long-copy calls occur after the relevant reads in Pop, or are followed by an explicit reselect in Push. SaveCheck_Sum16/FillBytes/Sound_FrameService preserve SRAM selection (observed mask0002 wherever natural site present).	xor a, a | ld [sSram_A9E6], a | ld [sSram_A9E7], a
engine/sram/save_block_check.asm	205	sSram_A9E6	S1	sSaveCheckBlockTag + $02	ram12 SRAM	manual	4E:47D5: Enclosing routine explicitly selects SRAM1 via ld a,$01;ldh[hSRAMBank],a;ld[rRAMB],a before this access. Branch paths preserve that bank; bank-changing long-copy calls occur after the relevant reads in Pop, or are followed by an explicit reselect in Push. SaveCheck_Sum16/FillBytes/Sound_FrameService preserve SRAM selection (observed mask0002 wherever natural site present).	ld a, e | ld [sSram_A9E6], a | cpl
engine/sram/save_block_check.asm	99	sSram_A9E7	S1	sSaveCheckBlockTag + $03	ram12 SRAM	manual	4E:4710: Enclosing routine explicitly selects SRAM1 via ld a,$01;ldh[hSRAMBank],a;ld[rRAMB],a before this access. Branch paths preserve that bank; bank-changing long-copy calls occur after the relevant reads in Pop, or are followed by an explicit reselect in Push. SaveCheck_Sum16/FillBytes/Sound_FrameService preserve SRAM selection (observed mask0002 wherever natural site present).	jr nz, .l4730 | ld a, [sSram_A9E7] | cp a, d
engine/sram/save_block_check.asm	170	sSram_A9E7	S1	sSaveCheckBlockTag + $03	ram12 SRAM	manual	4E:4785: Enclosing routine explicitly selects SRAM1 via ld a,$01;ldh[hSRAMBank],a;ld[rRAMB],a before this access. Branch paths preserve that bank; bank-changing long-copy calls occur after the relevant reads in Pop, or are followed by an explicit reselect in Push. SaveCheck_Sum16/FillBytes/Sound_FrameService preserve SRAM selection (observed mask0002 wherever natural site present).	ld [sSram_A9E6], a | ld [sSram_A9E7], a | cpl
engine/sram/save_block_check.asm	209	sSram_A9E7	S1	sSaveCheckBlockTag + $03	ram12 SRAM	manual	4E:47DD: Enclosing routine explicitly selects SRAM1 via ld a,$01;ldh[hSRAMBank],a;ld[rRAMB],a before this access. Branch paths preserve that bank; bank-changing long-copy calls occur after the relevant reads in Pop, or are followed by an explicit reselect in Push. SaveCheck_Sum16/FillBytes/Sound_FrameService preserve SRAM selection (observed mask0002 wherever natural site present).	ld a, d | ld [sSram_A9E7], a | cpl
engine/sram/save_block_check.asm	159	sSram_A9E8	S1	sSaveCheckStateBlock	ram12 SRAM	manual	4E:4769: Enclosing routine explicitly selects SRAM1 via ld a,$01;ldh[hSRAMBank],a;ld[rRAMB],a before this access. Branch paths preserve that bank; bank-changing long-copy calls occur after the relevant reads in Pop, or are followed by an explicit reselect in Push. SaveCheck_Sum16/FillBytes/Sound_FrameService preserve SRAM selection (observed mask0002 wherever natural site present).	cpl | ld [sSram_A9E8], a | ld [sSram_A9E9], a
engine/sram/save_block_check.asm	192	sSram_A9E8	S1	sSaveCheckStateBlock	ram12 SRAM	manual	4E:47B4: Enclosing routine explicitly selects SRAM1 via ld a,$01;ldh[hSRAMBank],a;ld[rRAMB],a before this access. Branch paths preserve that bank; bank-changing long-copy calls occur after the relevant reads in Pop, or are followed by an explicit reselect in Push. SaveCheck_Sum16/FillBytes/Sound_FrameService preserve SRAM selection (observed mask0002 wherever natural site present).	cpl | ld [sSram_A9E8], a | ld a, d
engine/sram/save_block_check.asm	160	sSram_A9E9	S1	sSaveCheckStateBlock + $01	ram12 SRAM	manual	4E:476C: Enclosing routine explicitly selects SRAM1 via ld a,$01;ldh[hSRAMBank],a;ld[rRAMB],a before this access. Branch paths preserve that bank; bank-changing long-copy calls occur after the relevant reads in Pop, or are followed by an explicit reselect in Push. SaveCheck_Sum16/FillBytes/Sound_FrameService preserve SRAM selection (observed mask0002 wherever natural site present).	ld [sSram_A9E8], a | ld [sSram_A9E9], a | ld a, $01
engine/sram/save_block_check.asm	196	sSram_A9E9	S1	sSaveCheckStateBlock + $01	ram12 SRAM	manual	4E:47BC: Enclosing routine explicitly selects SRAM1 via ld a,$01;ldh[hSRAMBank],a;ld[rRAMB],a before this access. Branch paths preserve that bank; bank-changing long-copy calls occur after the relevant reads in Pop, or are followed by an explicit reselect in Push. SaveCheck_Sum16/FillBytes/Sound_FrameService preserve SRAM selection (observed mask0002 wherever natural site present).	cpl | ld [sSram_A9E9], a | ld de, *
engine/sram/save_block_check.asm	83	sSram_A9EA	S1	sSaveCheckStateBlock + $02	ram12 SRAM	manual	4E:46E9: Enclosing routine explicitly selects SRAM1 via ld a,$01;ldh[hSRAMBank],a;ld[rRAMB],a before this access. Branch paths preserve that bank; bank-changing long-copy calls occur after the relevant reads in Pop, or are followed by an explicit reselect in Push. SaveCheck_Sum16/FillBytes/Sound_FrameService preserve SRAM selection (observed mask0002 wherever natural site present).	call SaveCheck_Sum16 | ld a, [sSram_A9EA] | cp a, e
engine/sram/save_block_check.asm	156	sSram_A9EA	S1	sSaveCheckStateBlock + $02	ram12 SRAM	manual	4E:4762: Enclosing routine explicitly selects SRAM1 via ld a,$01;ldh[hSRAMBank],a;ld[rRAMB],a before this access. Branch paths preserve that bank; bank-changing long-copy calls occur after the relevant reads in Pop, or are followed by an explicit reselect in Push. SaveCheck_Sum16/FillBytes/Sound_FrameService preserve SRAM selection (observed mask0002 wherever natural site present).	xor a, a | ld [sSram_A9EA], a | ld [sSram_A9EB], a
engine/sram/save_block_check.asm	190	sSram_A9EA	S1	sSaveCheckStateBlock + $02	ram12 SRAM	manual	4E:47B0: Enclosing routine explicitly selects SRAM1 via ld a,$01;ldh[hSRAMBank],a;ld[rRAMB],a before this access. Branch paths preserve that bank; bank-changing long-copy calls occur after the relevant reads in Pop, or are followed by an explicit reselect in Push. SaveCheck_Sum16/FillBytes/Sound_FrameService preserve SRAM selection (observed mask0002 wherever natural site present).	ld a, e | ld [sSram_A9EA], a | cpl
engine/sram/save_block_check.asm	86	sSram_A9EB	S1	sSaveCheckStateBlock + $03	ram12 SRAM	manual	4E:46EF: Enclosing routine explicitly selects SRAM1 via ld a,$01;ldh[hSRAMBank],a;ld[rRAMB],a before this access. Branch paths preserve that bank; bank-changing long-copy calls occur after the relevant reads in Pop, or are followed by an explicit reselect in Push. SaveCheck_Sum16/FillBytes/Sound_FrameService preserve SRAM selection (observed mask0002 wherever natural site present).	jr nz, .l4730 | ld a, [sSram_A9EB] | cp a, d
engine/sram/save_block_check.asm	157	sSram_A9EB	S1	sSaveCheckStateBlock + $03	ram12 SRAM	manual	4E:4765: Enclosing routine explicitly selects SRAM1 via ld a,$01;ldh[hSRAMBank],a;ld[rRAMB],a before this access. Branch paths preserve that bank; bank-changing long-copy calls occur after the relevant reads in Pop, or are followed by an explicit reselect in Push. SaveCheck_Sum16/FillBytes/Sound_FrameService preserve SRAM selection (observed mask0002 wherever natural site present).	ld [sSram_A9EA], a | ld [sSram_A9EB], a | cpl
engine/sram/save_block_check.asm	194	sSram_A9EB	S1	sSaveCheckStateBlock + $03	ram12 SRAM	manual	4E:47B8: Enclosing routine explicitly selects SRAM1 via ld a,$01;ldh[hSRAMBank],a;ld[rRAMB],a before this access. Branch paths preserve that bank; bank-changing long-copy calls occur after the relevant reads in Pop, or are followed by an explicit reselect in Push. SaveCheck_Sum16/FillBytes/Sound_FrameService preserve SRAM selection (observed mask0002 wherever natural site present).	ld a, d | ld [sSram_A9EB], a | cpl
engine/sram/save_block_check.asm	108	sSram_A9EC	S1	sSaveCheckValidFlag	ram12 SRAM	manual	4E:4722: Enclosing routine explicitly selects SRAM1 via ld a,$01;ldh[hSRAMBank],a;ld[rRAMB],a before this access. Branch paths preserve that bank; bank-changing long-copy calls occur after the relevant reads in Pop, or are followed by an explicit reselect in Push. SaveCheck_Sum16/FillBytes/Sound_FrameService preserve SRAM selection (observed mask0002 wherever natural site present).	jr nc, .l4730 | ld a, [sSram_A9EC] | or a, a
engine/sram/save_block_check.asm	162	sSram_A9EC	S1	sSaveCheckValidFlag	ram12 SRAM	manual	4E:4771: Enclosing routine explicitly selects SRAM1 via ld a,$01;ldh[hSRAMBank],a;ld[rRAMB],a before this access. Branch paths preserve that bank; bank-changing long-copy calls occur after the relevant reads in Pop, or are followed by an explicit reselect in Push. SaveCheck_Sum16/FillBytes/Sound_FrameService preserve SRAM selection (observed mask0002 wherever natural site present).	ld a, $01 | ld [sSram_A9EC], a | ld [sSram_A9EF], a
engine/sram/save_block_check.asm	268	sSram_A9EC	S1	sSaveCheckValidFlag	ram12 SRAM	manual	4E:483E: Enclosing routine explicitly selects SRAM1 via ld a,$01;ldh[hSRAMBank],a;ld[rRAMB],a before this access. Branch paths preserve that bank; bank-changing long-copy calls occur after the relevant reads in Pop, or are followed by an explicit reselect in Push. SaveCheck_Sum16/FillBytes/Sound_FrameService preserve SRAM selection (observed mask0002 wherever natural site present).	ld [hli], a | ld a, [sSram_A9EC] | ld [hli], a
engine/browser/canvas.asm	113	sSram_A9ED	S1	sSaveCheckStateBlock + $05	ram12 SRAM	manual	4E:6185: Enclosing routine explicitly selects SRAM1 via ld a,$01;ldh[hSRAMBank],a;ld[rRAMB],a before this access. Branch paths preserve that bank; bank-changing long-copy calls occur after the relevant reads in Pop, or are followed by an explicit reselect in Push. SaveCheck_Sum16/FillBytes/Sound_FrameService preserve SRAM selection (observed mask0002 wherever natural site present).	ld b, $1A | ld a, [sSram_A9ED] | bit 7, a
engine/comm/comm_scene.asm	890	sSram_A9ED	S1	sSaveCheckStateBlock + $05	ram12 SRAM	manual	70:46C2: Enclosing routine explicitly selects SRAM1 via ld a,$01;ldh[hSRAMBank],a;ld[rRAMB],a before this access. Branch paths preserve that bank; bank-changing long-copy calls occur after the relevant reads in Pop, or are followed by an explicit reselect in Push. SaveCheck_Sum16/FillBytes/Sound_FrameService preserve SRAM selection (observed mask0002 wherever natural site present).	ld [rRAMG], a | ld a, [sSram_A9ED] | bit 6, a
engine/comm/comm_scene.asm	899	sSram_A9ED	S1	sSaveCheckStateBlock + $05	ram12 SRAM	manual	70:46D4: Enclosing routine explicitly selects SRAM1 via ld a,$01;ldh[hSRAMBank],a;ld[rRAMB],a before this access. Branch paths preserve that bank; bank-changing long-copy calls occur after the relevant reads in Pop, or are followed by an explicit reselect in Push. SaveCheck_Sum16/FillBytes/Sound_FrameService preserve SRAM selection (observed mask0002 wherever natural site present).	jr nz, .l472A | ld a, [sSram_A9ED] | bit 7, a
engine/comm/comm_scene.asm	985	sSram_A9ED	S1	sSaveCheckStateBlock + $05	ram12 SRAM	manual	70:475C: Enclosing routine explicitly selects SRAM1 via ld a,$01;ldh[hSRAMBank],a;ld[rRAMB],a before this access. Branch paths preserve that bank; bank-changing long-copy calls occur after the relevant reads in Pop, or are followed by an explicit reselect in Push. SaveCheck_Sum16/FillBytes/Sound_FrameService preserve SRAM selection (observed mask0002 wherever natural site present).	ld [rRAMG], a | ld a, [sSram_A9ED] | bit 7, a
engine/comm/comm_scene.asm	896	sSram_A9EE	S1	sSaveCheckStateBlock + $06	ram12 SRAM	manual	70:46CE: Enclosing routine explicitly selects SRAM1 via ld a,$01;ldh[hSRAMBank],a;ld[rRAMB],a before this access. Branch paths preserve that bank; bank-changing long-copy calls occur after the relevant reads in Pop, or are followed by an explicit reselect in Push. SaveCheck_Sum16/FillBytes/Sound_FrameService preserve SRAM selection (observed mask0002 wherever natural site present).	jr z, .l472A | ld a, [sSram_A9EE] | or a, a
engine/comm/comm_scene.asm	908	sSram_A9EE	S1	sSaveCheckStateBlock + $06	ram12 SRAM	manual	70:46EA: Enclosing routine explicitly selects SRAM1 via ld a,$01;ldh[hSRAMBank],a;ld[rRAMB],a before this access. Branch paths preserve that bank; bank-changing long-copy calls occur after the relevant reads in Pop, or are followed by an explicit reselect in Push. SaveCheck_Sum16/FillBytes/Sound_FrameService preserve SRAM selection (observed mask0002 wherever natural site present).	add a, e | ld [sSram_A9EE], a | ldh [hScratchA], a
engine/comm/comm_scene.asm	933	sSram_A9EE	S1	sSaveCheckStateBlock + $06	ram12 SRAM	manual	70:4710: Enclosing routine explicitly selects SRAM1 via ld a,$01;ldh[hSRAMBank],a;ld[rRAMB],a before this access. Branch paths preserve that bank; bank-changing long-copy calls occur after the relevant reads in Pop, or are followed by an explicit reselect in Push. SaveCheck_Sum16/FillBytes/Sound_FrameService preserve SRAM selection (observed mask0002 wherever natural site present).	add a, e | ld [sSram_A9EE], a | ldh [hScratchA], a
engine/browser/frame_style_chooser.asm	209	sSram_A9EF	S1	sBrowserFrameStyle	ram12 SRAM	manual	4E:4191: Enclosing routine explicitly selects SRAM1 via ld a,$01;ldh[hSRAMBank],a;ld[rRAMB],a before this access. Branch paths preserve that bank; bank-changing long-copy calls occur after the relevant reads in Pop, or are followed by an explicit reselect in Push. SaveCheck_Sum16/FillBytes/Sound_FrameService preserve SRAM selection (observed mask0002 wherever natural site present).	ld [wBrowserFrameStyle], a | ld [sSram_A9EF], a | xor a, a
engine/browser/frame_style_chooser.asm	225	sSram_A9EF	S1	sBrowserFrameStyle	ram12 SRAM	manual	4E:41AF: Enclosing routine explicitly selects SRAM1 via ld a,$01;ldh[hSRAMBank],a;ld[rRAMB],a before this access. Branch paths preserve that bank; bank-changing long-copy calls occur after the relevant reads in Pop, or are followed by an explicit reselect in Push. SaveCheck_Sum16/FillBytes/Sound_FrameService preserve SRAM selection (observed mask0002 wherever natural site present).	ld [rRAMB], a | ld a, [sSram_A9EF] | ld [wBrowserFrameStyle], a
engine/sram/save_block_check.asm	25	sSram_A9EF	S1	sBrowserFrameStyle	ram12 SRAM	manual	4E:467E: Enclosing routine explicitly selects SRAM1 via ld a,$01;ldh[hSRAMBank],a;ld[rRAMB],a before this access. Branch paths preserve that bank; bank-changing long-copy calls occur after the relevant reads in Pop, or are followed by an explicit reselect in Push. SaveCheck_Sum16/FillBytes/Sound_FrameService preserve SRAM selection (observed mask0002 wherever natural site present).	ld [sSram_A9F5], a | ld a, [sSram_A9EF] | and a, $7F
engine/sram/save_block_check.asm	35	sSram_A9EF	S1	sBrowserFrameStyle	ram12 SRAM	manual	4E:4687: Enclosing routine explicitly selects SRAM1 via ld a,$01;ldh[hSRAMBank],a;ld[rRAMB],a before this access. Branch paths preserve that bank; bank-changing long-copy calls occur after the relevant reads in Pop, or are followed by an explicit reselect in Push. SaveCheck_Sum16/FillBytes/Sound_FrameService preserve SRAM selection (observed mask0002 wherever natural site present).	 | ld [sSram_A9EF], a | xor a, a
engine/sram/save_block_check.asm	54	sSram_A9EF	S1	sBrowserFrameStyle	ram12 SRAM	manual	4E:46B1: Enclosing routine explicitly selects SRAM1 via ld a,$01;ldh[hSRAMBank],a;ld[rRAMB],a before this access. Branch paths preserve that bank; bank-changing long-copy calls occur after the relevant reads in Pop, or are followed by an explicit reselect in Push. SaveCheck_Sum16/FillBytes/Sound_FrameService preserve SRAM selection (observed mask0002 wherever natural site present).	ld [rRAMB], a | ld a, [sSram_A9EF] | and a, $7F
engine/sram/save_block_check.asm	64	sSram_A9EF	S1	sBrowserFrameStyle	ram12 SRAM	manual	4E:46BA: Enclosing routine explicitly selects SRAM1 via ld a,$01;ldh[hSRAMBank],a;ld[rRAMB],a before this access. Branch paths preserve that bank; bank-changing long-copy calls occur after the relevant reads in Pop, or are followed by an explicit reselect in Push. SaveCheck_Sum16/FillBytes/Sound_FrameService preserve SRAM selection (observed mask0002 wherever natural site present).	 | ld [sSram_A9EF], a | ld [wBrowserFrameStyle], a
engine/sram/save_block_check.asm	102	sSram_A9EF	S1	sBrowserFrameStyle	ram12 SRAM	manual	4E:4716: Enclosing routine explicitly selects SRAM1 via ld a,$01;ldh[hSRAMBank],a;ld[rRAMB],a before this access. Branch paths preserve that bank; bank-changing long-copy calls occur after the relevant reads in Pop, or are followed by an explicit reselect in Push. SaveCheck_Sum16/FillBytes/Sound_FrameService preserve SRAM selection (observed mask0002 wherever natural site present).	jr nz, .l4730 | ld a, [sSram_A9EF] | and a, $7F
engine/sram/save_block_check.asm	163	sSram_A9EF	S1	sBrowserFrameStyle	ram12 SRAM	manual	4E:4774: Enclosing routine explicitly selects SRAM1 via ld a,$01;ldh[hSRAMBank],a;ld[rRAMB],a before this access. Branch paths preserve that bank; bank-changing long-copy calls occur after the relevant reads in Pop, or are followed by an explicit reselect in Push. SaveCheck_Sum16/FillBytes/Sound_FrameService preserve SRAM selection (observed mask0002 wherever natural site present).	ld [sSram_A9EC], a | ld [sSram_A9EF], a | ld hl, *
engine/sram/save_block_check.asm	21	sSram_A9F0	S1	sSaveCheckStateBlock + $08	ram12 SRAM	manual	4E:4672: Enclosing routine explicitly selects SRAM1 via ld a,$01;ldh[hSRAMBank],a;ld[rRAMB],a before this access. Branch paths preserve that bank; bank-changing long-copy calls occur after the relevant reads in Pop, or are followed by an explicit reselect in Push. SaveCheck_Sum16/FillBytes/Sound_FrameService preserve SRAM selection (observed mask0002 wherever natural site present).	ld [sSram_A9F7], a | ld a, [sSram_A9F0] | ld [sSram_A9F4], a
engine/sram/save_block_check.asm	239	sSram_A9F0	S1	sSaveCheckStateBlock + $08	ram12 SRAM	manual	4E:4808: Enclosing routine explicitly selects SRAM1 via ld a,$01;ldh[hSRAMBank],a;ld[rRAMB],a before this access. Branch paths preserve that bank; bank-changing long-copy calls occur after the relevant reads in Pop, or are followed by an explicit reselect in Push. SaveCheck_Sum16/FillBytes/Sound_FrameService preserve SRAM selection (observed mask0002 wherever natural site present).	ld [hli], a | ld a, [sSram_A9F0] | ld [hli], a
engine/sram/save_block_check.asm	255	sSram_A9F0	S1	sSaveCheckStateBlock + $08	ram12 SRAM	manual	4E:4826: Enclosing routine explicitly selects SRAM1 via ld a,$01;ldh[hSRAMBank],a;ld[rRAMB],a before this access. Branch paths preserve that bank; bank-changing long-copy calls occur after the relevant reads in Pop, or are followed by an explicit reselect in Push. SaveCheck_Sum16/FillBytes/Sound_FrameService preserve SRAM selection (observed mask0002 wherever natural site present).	ld c, a | ld a, [sSram_A9F0] | sub a, c
engine/sram/save_block_check.asm	23	sSram_A9F1	S1	sSaveCheckStateBlock + $09	ram12 SRAM	manual	4E:4678: Enclosing routine explicitly selects SRAM1 via ld a,$01;ldh[hSRAMBank],a;ld[rRAMB],a before this access. Branch paths preserve that bank; bank-changing long-copy calls occur after the relevant reads in Pop, or are followed by an explicit reselect in Push. SaveCheck_Sum16/FillBytes/Sound_FrameService preserve SRAM selection (observed mask0002 wherever natural site present).	ld [sSram_A9F4], a | ld a, [sSram_A9F1] | ld [sSram_A9F5], a
engine/sram/save_block_check.asm	241	sSram_A9F1	S1	sSaveCheckStateBlock + $09	ram12 SRAM	manual	4E:480C: Enclosing routine explicitly selects SRAM1 via ld a,$01;ldh[hSRAMBank],a;ld[rRAMB],a before this access. Branch paths preserve that bank; bank-changing long-copy calls occur after the relevant reads in Pop, or are followed by an explicit reselect in Push. SaveCheck_Sum16/FillBytes/Sound_FrameService preserve SRAM selection (observed mask0002 wherever natural site present).	ld [hli], a | ld a, [sSram_A9F1] | ld [hli], a
engine/sram/save_block_check.asm	260	sSram_A9F1	S1	sSaveCheckStateBlock + $09	ram12 SRAM	manual	4E:482F: Enclosing routine explicitly selects SRAM1 via ld a,$01;ldh[hSRAMBank],a;ld[rRAMB],a before this access. Branch paths preserve that bank; bank-changing long-copy calls occur after the relevant reads in Pop, or are followed by an explicit reselect in Push. SaveCheck_Sum16/FillBytes/Sound_FrameService preserve SRAM selection (observed mask0002 wherever natural site present).	ld b, a | ld a, [sSram_A9F1] | sbc a, b
engine/sram/save_block_check.asm	17	sSram_A9F2	S1	sSaveCheckStateBlock + $0A	ram12 SRAM	manual	4E:4666: Enclosing routine explicitly selects SRAM1 via ld a,$01;ldh[hSRAMBank],a;ld[rRAMB],a before this access. Branch paths preserve that bank; bank-changing long-copy calls occur after the relevant reads in Pop, or are followed by an explicit reselect in Push. SaveCheck_Sum16/FillBytes/Sound_FrameService preserve SRAM selection (observed mask0002 wherever natural site present).	ld [rRAMB], a | ld a, [sSram_A9F2] | ld [sSram_A9F6], a
engine/sram/save_block_check.asm	235	sSram_A9F2	S1	sSaveCheckStateBlock + $0A	ram12 SRAM	manual	4E:4800: Enclosing routine explicitly selects SRAM1 via ld a,$01;ldh[hSRAMBank],a;ld[rRAMB],a before this access. Branch paths preserve that bank; bank-changing long-copy calls occur after the relevant reads in Pop, or are followed by an explicit reselect in Push. SaveCheck_Sum16/FillBytes/Sound_FrameService preserve SRAM selection (observed mask0002 wherever natural site present).	ld e, l | ld a, [sSram_A9F2] | ld [hli], a
engine/sram/save_block_check.asm	245	sSram_A9F2	S1	sSaveCheckStateBlock + $0A	ram12 SRAM	manual	4E:4814: Enclosing routine explicitly selects SRAM1 via ld a,$01;ldh[hSRAMBank],a;ld[rRAMB],a before this access. Branch paths preserve that bank; bank-changing long-copy calls occur after the relevant reads in Pop, or are followed by an explicit reselect in Push. SaveCheck_Sum16/FillBytes/Sound_FrameService preserve SRAM selection (observed mask0002 wherever natural site present).	ld c, a | ld a, [sSram_A9F2] | sub a, c
engine/sram/save_block_check.asm	19	sSram_A9F3	S1	sSaveCheckStateBlock + $0B	ram12 SRAM	manual	4E:466C: Enclosing routine explicitly selects SRAM1 via ld a,$01;ldh[hSRAMBank],a;ld[rRAMB],a before this access. Branch paths preserve that bank; bank-changing long-copy calls occur after the relevant reads in Pop, or are followed by an explicit reselect in Push. SaveCheck_Sum16/FillBytes/Sound_FrameService preserve SRAM selection (observed mask0002 wherever natural site present).	ld [sSram_A9F6], a | ld a, [sSram_A9F3] | ld [sSram_A9F7], a
engine/sram/save_block_check.asm	237	sSram_A9F3	S1	sSaveCheckStateBlock + $0B	ram12 SRAM	manual	4E:4804: Enclosing routine explicitly selects SRAM1 via ld a,$01;ldh[hSRAMBank],a;ld[rRAMB],a before this access. Branch paths preserve that bank; bank-changing long-copy calls occur after the relevant reads in Pop, or are followed by an explicit reselect in Push. SaveCheck_Sum16/FillBytes/Sound_FrameService preserve SRAM selection (observed mask0002 wherever natural site present).	ld [hli], a | ld a, [sSram_A9F3] | ld [hli], a
engine/sram/save_block_check.asm	250	sSram_A9F3	S1	sSaveCheckStateBlock + $0B	ram12 SRAM	manual	4E:481D: Enclosing routine explicitly selects SRAM1 via ld a,$01;ldh[hSRAMBank],a;ld[rRAMB],a before this access. Branch paths preserve that bank; bank-changing long-copy calls occur after the relevant reads in Pop, or are followed by an explicit reselect in Push. SaveCheck_Sum16/FillBytes/Sound_FrameService preserve SRAM selection (observed mask0002 wherever natural site present).	ld b, a | ld a, [sSram_A9F3] | sbc a, b
engine/sram/save_block_check.asm	22	sSram_A9F4	S1	sSaveCheckStateBlock + $0C	ram12 SRAM	manual	4E:4675: Enclosing routine explicitly selects SRAM1 via ld a,$01;ldh[hSRAMBank],a;ld[rRAMB],a before this access. Branch paths preserve that bank; bank-changing long-copy calls occur after the relevant reads in Pop, or are followed by an explicit reselect in Push. SaveCheck_Sum16/FillBytes/Sound_FrameService preserve SRAM selection (observed mask0002 wherever natural site present).	ld a, [sSram_A9F0] | ld [sSram_A9F4], a | ld a, [sSram_A9F1]
engine/sram/save_block_check.asm	253	sSram_A9F4	S1	sSaveCheckStateBlock + $0C	ram12 SRAM	manual	4E:4822: Enclosing routine explicitly selects SRAM1 via ld a,$01;ldh[hSRAMBank],a;ld[rRAMB],a before this access. Branch paths preserve that bank; bank-changing long-copy calls occur after the relevant reads in Pop, or are followed by an explicit reselect in Push. SaveCheck_Sum16/FillBytes/Sound_FrameService preserve SRAM selection (observed mask0002 wherever natural site present).	ld [hli], a | ld a, [sSram_A9F4] | ld c, a
engine/sram/save_block_check.asm	24	sSram_A9F5	S1	sSaveCheckStateBlock + $0D	ram12 SRAM	manual	4E:467B: Enclosing routine explicitly selects SRAM1 via ld a,$01;ldh[hSRAMBank],a;ld[rRAMB],a before this access. Branch paths preserve that bank; bank-changing long-copy calls occur after the relevant reads in Pop, or are followed by an explicit reselect in Push. SaveCheck_Sum16/FillBytes/Sound_FrameService preserve SRAM selection (observed mask0002 wherever natural site present).	ld a, [sSram_A9F1] | ld [sSram_A9F5], a | ld a, [sSram_A9EF]
engine/sram/save_block_check.asm	258	sSram_A9F5	S1	sSaveCheckStateBlock + $0D	ram12 SRAM	manual	4E:482B: Enclosing routine explicitly selects SRAM1 via ld a,$01;ldh[hSRAMBank],a;ld[rRAMB],a before this access. Branch paths preserve that bank; bank-changing long-copy calls occur after the relevant reads in Pop, or are followed by an explicit reselect in Push. SaveCheck_Sum16/FillBytes/Sound_FrameService preserve SRAM selection (observed mask0002 wherever natural site present).	ld [hli], a | ld a, [sSram_A9F5] | ld b, a
engine/sram/save_block_check.asm	18	sSram_A9F6	S1	sSaveCheckStateBlock + $0E	ram12 SRAM	manual	4E:4669: Enclosing routine explicitly selects SRAM1 via ld a,$01;ldh[hSRAMBank],a;ld[rRAMB],a before this access. Branch paths preserve that bank; bank-changing long-copy calls occur after the relevant reads in Pop, or are followed by an explicit reselect in Push. SaveCheck_Sum16/FillBytes/Sound_FrameService preserve SRAM selection (observed mask0002 wherever natural site present).	ld a, [sSram_A9F2] | ld [sSram_A9F6], a | ld a, [sSram_A9F3]
engine/sram/save_block_check.asm	243	sSram_A9F6	S1	sSaveCheckStateBlock + $0E	ram12 SRAM	manual	4E:4810: Enclosing routine explicitly selects SRAM1 via ld a,$01;ldh[hSRAMBank],a;ld[rRAMB],a before this access. Branch paths preserve that bank; bank-changing long-copy calls occur after the relevant reads in Pop, or are followed by an explicit reselect in Push. SaveCheck_Sum16/FillBytes/Sound_FrameService preserve SRAM selection (observed mask0002 wherever natural site present).	ld [hli], a | ld a, [sSram_A9F6] | ld c, a
engine/sram/save_block_check.asm	20	sSram_A9F7	S1	sSaveCheckStateBlock + $0F	ram12 SRAM	manual	4E:466F: Enclosing routine explicitly selects SRAM1 via ld a,$01;ldh[hSRAMBank],a;ld[rRAMB],a before this access. Branch paths preserve that bank; bank-changing long-copy calls occur after the relevant reads in Pop, or are followed by an explicit reselect in Push. SaveCheck_Sum16/FillBytes/Sound_FrameService preserve SRAM selection (observed mask0002 wherever natural site present).	ld a, [sSram_A9F3] | ld [sSram_A9F7], a | ld a, [sSram_A9F0]
engine/sram/save_block_check.asm	248	sSram_A9F7	S1	sSaveCheckStateBlock + $0F	ram12 SRAM	manual	4E:4819: Enclosing routine explicitly selects SRAM1 via ld a,$01;ldh[hSRAMBank],a;ld[rRAMB],a before this access. Branch paths preserve that bank; bank-changing long-copy calls occur after the relevant reads in Pop, or are followed by an explicit reselect in Push. SaveCheck_Sum16/FillBytes/Sound_FrameService preserve SRAM selection (observed mask0002 wherever natural site present).	ld [hli], a | ld a, [sSram_A9F7] | ld b, a
engine/sram/save_block_check.asm	38	sSram_A9F8	S1	sCommTimeTotal	ram12 SRAM	manual	4E:468E: Enclosing routine explicitly selects SRAM1 via ld a,$01;ldh[hSRAMBank],a;ld[rRAMB],a before this access. Branch paths preserve that bank; bank-changing long-copy calls occur after the relevant reads in Pop, or are followed by an explicit reselect in Push. SaveCheck_Sum16/FillBytes/Sound_FrameService preserve SRAM selection (observed mask0002 wherever natural site present).	ld [sSram_A9E3], a | ld [sSram_A9F8], a | ld [sSram_A9F9], a
engine/sram/save_block_check.asm	273	sSram_A9F8	S1	sCommTimeTotal	ram12 SRAM	manual	4E:4848: Enclosing routine explicitly selects SRAM1 via ld a,$01;ldh[hSRAMBank],a;ld[rRAMB],a before this access. Branch paths preserve that bank; bank-changing long-copy calls occur after the relevant reads in Pop, or are followed by an explicit reselect in Push. SaveCheck_Sum16/FillBytes/Sound_FrameService preserve SRAM selection (observed mask0002 wherever natural site present).	ld [hli], a | ld a, [sSram_A9F8] | ld [hli], a
engine/sram/save_block_check.asm	39	sSram_A9F9	S1	sCommTimeTotal + $01	ram12 SRAM	manual	4E:4691: Enclosing routine explicitly selects SRAM1 via ld a,$01;ldh[hSRAMBank],a;ld[rRAMB],a before this access. Branch paths preserve that bank; bank-changing long-copy calls occur after the relevant reads in Pop, or are followed by an explicit reselect in Push. SaveCheck_Sum16/FillBytes/Sound_FrameService preserve SRAM selection (observed mask0002 wherever natural site present).	ld [sSram_A9F8], a | ld [sSram_A9F9], a | ld [sSram_A9FA], a
engine/sram/save_block_check.asm	275	sSram_A9F9	S1	sCommTimeTotal + $01	ram12 SRAM	manual	4E:484C: Enclosing routine explicitly selects SRAM1 via ld a,$01;ldh[hSRAMBank],a;ld[rRAMB],a before this access. Branch paths preserve that bank; bank-changing long-copy calls occur after the relevant reads in Pop, or are followed by an explicit reselect in Push. SaveCheck_Sum16/FillBytes/Sound_FrameService preserve SRAM selection (observed mask0002 wherever natural site present).	ld [hli], a | ld a, [sSram_A9F9] | ld [hli], a
engine/sram/save_block_check.asm	40	sSram_A9FA	S1	sCommTimeTotal + $02	ram12 SRAM	manual	4E:4694: Enclosing routine explicitly selects SRAM1 via ld a,$01;ldh[hSRAMBank],a;ld[rRAMB],a before this access. Branch paths preserve that bank; bank-changing long-copy calls occur after the relevant reads in Pop, or are followed by an explicit reselect in Push. SaveCheck_Sum16/FillBytes/Sound_FrameService preserve SRAM selection (observed mask0002 wherever natural site present).	ld [sSram_A9F9], a | ld [sSram_A9FA], a | ld [sSram_A9FB], a
engine/sram/save_block_check.asm	277	sSram_A9FA	S1	sCommTimeTotal + $02	ram12 SRAM	manual	4E:4850: Enclosing routine explicitly selects SRAM1 via ld a,$01;ldh[hSRAMBank],a;ld[rRAMB],a before this access. Branch paths preserve that bank; bank-changing long-copy calls occur after the relevant reads in Pop, or are followed by an explicit reselect in Push. SaveCheck_Sum16/FillBytes/Sound_FrameService preserve SRAM selection (observed mask0002 wherever natural site present).	ld [hli], a | ld a, [sSram_A9FA] | ld [hli], a
engine/sram/save_block_check.asm	41	sSram_A9FB	S1	sCommTimeTotal + $03	ram12 SRAM	manual	4E:4697: Enclosing routine explicitly selects SRAM1 via ld a,$01;ldh[hSRAMBank],a;ld[rRAMB],a before this access. Branch paths preserve that bank; bank-changing long-copy calls occur after the relevant reads in Pop, or are followed by an explicit reselect in Push. SaveCheck_Sum16/FillBytes/Sound_FrameService preserve SRAM selection (observed mask0002 wherever natural site present).	ld [sSram_A9FA], a | ld [sSram_A9FB], a | xor a, a
engine/sram/save_block_check.asm	279	sSram_A9FB	S1	sCommTimeTotal + $03	ram12 SRAM	manual	4E:4854: Enclosing routine explicitly selects SRAM1 via ld a,$01;ldh[hSRAMBank],a;ld[rRAMB],a before this access. Branch paths preserve that bank; bank-changing long-copy calls occur after the relevant reads in Pop, or are followed by an explicit reselect in Push. SaveCheck_Sum16/FillBytes/Sound_FrameService preserve SRAM selection (observed mask0002 wherever natural site present).	ld [hli], a | ld a, [sSram_A9FB] | ld [hli], a
engine/browser/history_cache.asm	178	sSram_A9FC	S1	sPageCacheWriteSlot	ram12 SRAM	manual	4C:4C63: Enclosing routine explicitly selects SRAM1 via ld a,$01;ldh[hSRAMBank],a;ld[rRAMB],a before this access. Branch paths preserve that bank; bank-changing long-copy calls occur after the relevant reads in Pop, or are followed by an explicit reselect in Push. SaveCheck_Sum16/FillBytes/Sound_FrameService preserve SRAM selection (observed mask0002 wherever natural site present).	ld [sSram_A9FD], a | ld [sSram_A9FC], a | ld a, $02
engine/browser/history_cache.asm	211	sSram_A9FC	S1	sPageCacheWriteSlot	ram12 SRAM	manual	4C:4CAD: Enclosing routine explicitly selects SRAM1 via ld a,$01;ldh[hSRAMBank],a;ld[rRAMB],a before this access. Branch paths preserve that bank; bank-changing long-copy calls occur after the relevant reads in Pop, or are followed by an explicit reselect in Push. SaveCheck_Sum16/FillBytes/Sound_FrameService preserve SRAM selection (observed mask0002 wherever natural site present).	ld [rRAMB], a | ld a, [sSram_A9FC] | ld e, a
engine/browser/history_cache.asm	230	sSram_A9FC	S1	sPageCacheWriteSlot	ram12 SRAM	manual	4C:4CCC: PageCache_Push explicitly reselects SRAM1 immediately after Sram_CopyLongBlock, before this read/store; branches within the index/count updates have no bank write/call.	ld [rRAMB], a | ld a, [sSram_A9FC] | inc a
engine/browser/history_cache.asm	241	sSram_A9FC	S1	sPageCacheWriteSlot	ram12 SRAM	manual	4C:4CD5: PageCache_Push explicitly reselects SRAM1 immediately after Sram_CopyLongBlock, before this read/store; branches within the index/count updates have no bank write/call.	 | ld [sSram_A9FC], a | ld a, [sSram_A9FD]
engine/browser/history_cache.asm	285	sSram_A9FC	S1	sPageCacheWriteSlot	ram12 SRAM	manual	4C:4D14: Enclosing routine explicitly selects SRAM1 via ld a,$01;ldh[hSRAMBank],a;ld[rRAMB],a before this access. Branch paths preserve that bank; bank-changing long-copy calls occur after the relevant reads in Pop, or are followed by an explicit reselect in Push. SaveCheck_Sum16/FillBytes/Sound_FrameService preserve SRAM selection (observed mask0002 wherever natural site present).	ld [sSram_A9FD], a | ld a, [sSram_A9FC] | dec a
engine/browser/history_cache.asm	296	sSram_A9FC	S1	sPageCacheWriteSlot	ram12 SRAM	manual	4C:4D1E: Enclosing routine explicitly selects SRAM1 via ld a,$01;ldh[hSRAMBank],a;ld[rRAMB],a before this access. Branch paths preserve that bank; bank-changing long-copy calls occur after the relevant reads in Pop, or are followed by an explicit reselect in Push. SaveCheck_Sum16/FillBytes/Sound_FrameService preserve SRAM selection (observed mask0002 wherever natural site present).	 | ld [sSram_A9FC], a | ldh [hRam_FFB0], a
engine/browser/history_cache.asm	360	sSram_A9FC	S1	sPageCacheWriteSlot	ram12 SRAM	manual	4C:4D87: Enclosing routine explicitly selects SRAM1 via ld a,$01;ldh[hSRAMBank],a;ld[rRAMB],a before this access. Branch paths preserve that bank; bank-changing long-copy calls occur after the relevant reads in Pop, or are followed by an explicit reselect in Push. SaveCheck_Sum16/FillBytes/Sound_FrameService preserve SRAM selection (observed mask0002 wherever natural site present).	ld [sSram_A9FD], a | ld a, [sSram_A9FC] | dec a
engine/browser/history_cache.asm	366	sSram_A9FC	S1	sPageCacheWriteSlot	ram12 SRAM	manual	4C:4D91: Enclosing routine explicitly selects SRAM1 via ld a,$01;ldh[hSRAMBank],a;ld[rRAMB],a before this access. Branch paths preserve that bank; bank-changing long-copy calls occur after the relevant reads in Pop, or are followed by an explicit reselect in Push. SaveCheck_Sum16/FillBytes/Sound_FrameService preserve SRAM selection (observed mask0002 wherever natural site present).	.l4D91 | ld [sSram_A9FC], a | .l4D94
engine/browser/history_cache.asm	177	sSram_A9FD	S1	sPageCacheCount	ram12 SRAM	manual	4C:4C60: Enclosing routine explicitly selects SRAM1 via ld a,$01;ldh[hSRAMBank],a;ld[rRAMB],a before this access. Branch paths preserve that bank; bank-changing long-copy calls occur after the relevant reads in Pop, or are followed by an explicit reselect in Push. SaveCheck_Sum16/FillBytes/Sound_FrameService preserve SRAM selection (observed mask0002 wherever natural site present).	xor a, a | ld [sSram_A9FD], a | ld [sSram_A9FC], a
engine/browser/history_cache.asm	242	sSram_A9FD	S1	sPageCacheCount	ram12 SRAM	manual	4C:4CD8: PageCache_Push explicitly reselects SRAM1 immediately after Sram_CopyLongBlock, before this read/store; branches within the index/count updates have no bank write/call.	ld [sSram_A9FC], a | ld a, [sSram_A9FD] | cp a, $03
engine/browser/history_cache.asm	246	sSram_A9FD	S1	sPageCacheCount	ram12 SRAM	manual	4C:4CE0: PageCache_Push explicitly reselects SRAM1 immediately after Sram_CopyLongBlock, before this read/store; branches within the index/count updates have no bank write/call.	inc a | ld [sSram_A9FD], a | .l4CE3
engine/browser/history_cache.asm	280	sSram_A9FD	S1	sPageCacheCount	ram12 SRAM	manual	4C:4D0A: Enclosing routine explicitly selects SRAM1 via ld a,$01;ldh[hSRAMBank],a;ld[rRAMB],a before this access. Branch paths preserve that bank; bank-changing long-copy calls occur after the relevant reads in Pop, or are followed by an explicit reselect in Push. SaveCheck_Sum16/FillBytes/Sound_FrameService preserve SRAM selection (observed mask0002 wherever natural site present).	ld [rRAMB], a | ld a, [sSram_A9FD] | or a, a
engine/browser/history_cache.asm	284	sSram_A9FD	S1	sPageCacheCount	ram12 SRAM	manual	4C:4D11: Enclosing routine explicitly selects SRAM1 via ld a,$01;ldh[hSRAMBank],a;ld[rRAMB],a before this access. Branch paths preserve that bank; bank-changing long-copy calls occur after the relevant reads in Pop, or are followed by an explicit reselect in Push. SaveCheck_Sum16/FillBytes/Sound_FrameService preserve SRAM selection (observed mask0002 wherever natural site present).	dec a | ld [sSram_A9FD], a | ld a, [sSram_A9FC]
engine/browser/history_cache.asm	355	sSram_A9FD	S1	sPageCacheCount	ram12 SRAM	manual	4C:4D7D: Enclosing routine explicitly selects SRAM1 via ld a,$01;ldh[hSRAMBank],a;ld[rRAMB],a before this access. Branch paths preserve that bank; bank-changing long-copy calls occur after the relevant reads in Pop, or are followed by an explicit reselect in Push. SaveCheck_Sum16/FillBytes/Sound_FrameService preserve SRAM selection (observed mask0002 wherever natural site present).	ld [rRAMB], a | ld a, [sSram_A9FD] | or a, a
engine/browser/history_cache.asm	359	sSram_A9FD	S1	sPageCacheCount	ram12 SRAM	manual	4C:4D84: Enclosing routine explicitly selects SRAM1 via ld a,$01;ldh[hSRAMBank],a;ld[rRAMB],a before this access. Branch paths preserve that bank; bank-changing long-copy calls occur after the relevant reads in Pop, or are followed by an explicit reselect in Push. SaveCheck_Sum16/FillBytes/Sound_FrameService preserve SRAM selection (observed mask0002 wherever natural site present).	dec a | ld [sSram_A9FD], a | ld a, [sSram_A9FC]
engine/browser/history_cache.asm	21	sSram_A9FE	S1	sBrowserHistoryWriteSlot	ram12 SRAM	manual	4C:4B6C: Enclosing routine explicitly selects SRAM1 via ld a,$01;ldh[hSRAMBank],a;ld[rRAMB],a before this access. Branch paths preserve that bank; bank-changing long-copy calls occur after the relevant reads in Pop, or are followed by an explicit reselect in Push. SaveCheck_Sum16/FillBytes/Sound_FrameService preserve SRAM selection (observed mask0002 wherever natural site present).	ld [sSram_A9FF], a | ld [sSram_A9FE], a | call FillBytes
engine/browser/history_cache.asm	42	sSram_A9FE	S1	sBrowserHistoryWriteSlot	ram12 SRAM	manual	4C:4B92: Enclosing routine explicitly selects SRAM1 via ld a,$01;ldh[hSRAMBank],a;ld[rRAMB],a before this access. Branch paths preserve that bank; bank-changing long-copy calls occur after the relevant reads in Pop, or are followed by an explicit reselect in Push. SaveCheck_Sum16/FillBytes/Sound_FrameService preserve SRAM selection (observed mask0002 wherever natural site present).	ld [rRAMB], a | ld a, [sSram_A9FE] | add a, $AA
engine/browser/history_cache.asm	48	sSram_A9FE	S1	sBrowserHistoryWriteSlot	ram12 SRAM	manual	4C:4BA0: Enclosing routine explicitly selects SRAM1 via ld a,$01;ldh[hSRAMBank],a;ld[rRAMB],a before this access. Branch paths preserve that bank; bank-changing long-copy calls occur after the relevant reads in Pop, or are followed by an explicit reselect in Push. SaveCheck_Sum16/FillBytes/Sound_FrameService preserve SRAM selection (observed mask0002 wherever natural site present).	call CopyBytes | ld a, [sSram_A9FE] | inc a
engine/browser/history_cache.asm	59	sSram_A9FE	S1	sBrowserHistoryWriteSlot	ram12 SRAM	manual	4C:4BA9: Enclosing routine explicitly selects SRAM1 via ld a,$01;ldh[hSRAMBank],a;ld[rRAMB],a before this access. Branch paths preserve that bank; bank-changing long-copy calls occur after the relevant reads in Pop, or are followed by an explicit reselect in Push. SaveCheck_Sum16/FillBytes/Sound_FrameService preserve SRAM selection (observed mask0002 wherever natural site present).	 | ld [sSram_A9FE], a | ld a, [sSram_A9FF]
engine/browser/history_cache.asm	88	sSram_A9FE	S1	sBrowserHistoryWriteSlot	ram12 SRAM	manual	4C:4BDF: Enclosing routine explicitly selects SRAM1 via ld a,$01;ldh[hSRAMBank],a;ld[rRAMB],a before this access. Branch paths preserve that bank; bank-changing long-copy calls occur after the relevant reads in Pop, or are followed by an explicit reselect in Push. SaveCheck_Sum16/FillBytes/Sound_FrameService preserve SRAM selection (observed mask0002 wherever natural site present).	ld [sSram_A9FF], a | ld a, [sSram_A9FE] | dec a
engine/browser/history_cache.asm	99	sSram_A9FE	S1	sBrowserHistoryWriteSlot	ram12 SRAM	manual	4C:4BE9: Enclosing routine explicitly selects SRAM1 via ld a,$01;ldh[hSRAMBank],a;ld[rRAMB],a before this access. Branch paths preserve that bank; bank-changing long-copy calls occur after the relevant reads in Pop, or are followed by an explicit reselect in Push. SaveCheck_Sum16/FillBytes/Sound_FrameService preserve SRAM selection (observed mask0002 wherever natural site present).	 | ld [sSram_A9FE], a | add a, $AA
engine/browser/history_cache.asm	373	sSram_A9FE	S1	sBrowserHistoryWriteSlot	ram12 SRAM	manual	4C:4D9E: Enclosing routine explicitly selects SRAM1 via ld a,$01;ldh[hSRAMBank],a;ld[rRAMB],a before this access. Branch paths preserve that bank; bank-changing long-copy calls occur after the relevant reads in Pop, or are followed by an explicit reselect in Push. SaveCheck_Sum16/FillBytes/Sound_FrameService preserve SRAM selection (observed mask0002 wherever natural site present).	ld [sSram_A9FF], a | ld a, [sSram_A9FE] | dec a
engine/browser/history_cache.asm	379	sSram_A9FE	S1	sBrowserHistoryWriteSlot	ram12 SRAM	manual	4C:4DA8: Enclosing routine explicitly selects SRAM1 via ld a,$01;ldh[hSRAMBank],a;ld[rRAMB],a before this access. Branch paths preserve that bank; bank-changing long-copy calls occur after the relevant reads in Pop, or are followed by an explicit reselect in Push. SaveCheck_Sum16/FillBytes/Sound_FrameService preserve SRAM selection (observed mask0002 wherever natural site present).	.l4DA8 | ld [sSram_A9FE], a | .l4DAB
engine/browser/history_cache.asm	20	sSram_A9FF	S1	sBrowserHistoryCount	ram12 SRAM	manual	4C:4B69: Enclosing routine explicitly selects SRAM1 via ld a,$01;ldh[hSRAMBank],a;ld[rRAMB],a before this access. Branch paths preserve that bank; bank-changing long-copy calls occur after the relevant reads in Pop, or are followed by an explicit reselect in Push. SaveCheck_Sum16/FillBytes/Sound_FrameService preserve SRAM selection (observed mask0002 wherever natural site present).	xor a, a | ld [sSram_A9FF], a | ld [sSram_A9FE], a
engine/browser/history_cache.asm	60	sSram_A9FF	S1	sBrowserHistoryCount	ram12 SRAM	manual	4C:4BAC: Enclosing routine explicitly selects SRAM1 via ld a,$01;ldh[hSRAMBank],a;ld[rRAMB],a before this access. Branch paths preserve that bank; bank-changing long-copy calls occur after the relevant reads in Pop, or are followed by an explicit reselect in Push. SaveCheck_Sum16/FillBytes/Sound_FrameService preserve SRAM selection (observed mask0002 wherever natural site present).	ld [sSram_A9FE], a | ld a, [sSram_A9FF] | cp a, $06
engine/browser/history_cache.asm	64	sSram_A9FF	S1	sBrowserHistoryCount	ram12 SRAM	manual	4C:4BB4: Enclosing routine explicitly selects SRAM1 via ld a,$01;ldh[hSRAMBank],a;ld[rRAMB],a before this access. Branch paths preserve that bank; bank-changing long-copy calls occur after the relevant reads in Pop, or are followed by an explicit reselect in Push. SaveCheck_Sum16/FillBytes/Sound_FrameService preserve SRAM selection (observed mask0002 wherever natural site present).	inc a | ld [sSram_A9FF], a | .l4BB7
engine/browser/history_cache.asm	83	sSram_A9FF	S1	sBrowserHistoryCount	ram12 SRAM	manual	4C:4BD5: Enclosing routine explicitly selects SRAM1 via ld a,$01;ldh[hSRAMBank],a;ld[rRAMB],a before this access. Branch paths preserve that bank; bank-changing long-copy calls occur after the relevant reads in Pop, or are followed by an explicit reselect in Push. SaveCheck_Sum16/FillBytes/Sound_FrameService preserve SRAM selection (observed mask0002 wherever natural site present).	ld [rRAMB], a | ld a, [sSram_A9FF] | or a, a
engine/browser/history_cache.asm	87	sSram_A9FF	S1	sBrowserHistoryCount	ram12 SRAM	manual	4C:4BDC: Enclosing routine explicitly selects SRAM1 via ld a,$01;ldh[hSRAMBank],a;ld[rRAMB],a before this access. Branch paths preserve that bank; bank-changing long-copy calls occur after the relevant reads in Pop, or are followed by an explicit reselect in Push. SaveCheck_Sum16/FillBytes/Sound_FrameService preserve SRAM selection (observed mask0002 wherever natural site present).	dec a | ld [sSram_A9FF], a | ld a, [sSram_A9FE]
engine/browser/history_cache.asm	368	sSram_A9FF	S1	sBrowserHistoryCount	ram12 SRAM	manual	4C:4D94: Enclosing routine explicitly selects SRAM1 via ld a,$01;ldh[hSRAMBank],a;ld[rRAMB],a before this access. Branch paths preserve that bank; bank-changing long-copy calls occur after the relevant reads in Pop, or are followed by an explicit reselect in Push. SaveCheck_Sum16/FillBytes/Sound_FrameService preserve SRAM selection (observed mask0002 wherever natural site present).	.l4D94 | ld a, [sSram_A9FF] | or a, a
engine/browser/history_cache.asm	372	sSram_A9FF	S1	sBrowserHistoryCount	ram12 SRAM	manual	4C:4D9B: Enclosing routine explicitly selects SRAM1 via ld a,$01;ldh[hSRAMBank],a;ld[rRAMB],a before this access. Branch paths preserve that bank; bank-changing long-copy calls occur after the relevant reads in Pop, or are followed by an explicit reselect in Push. SaveCheck_Sum16/FillBytes/Sound_FrameService preserve SRAM selection (observed mask0002 wherever natural site present).	dec a | ld [sSram_A9FF], a | ld a, [sSram_A9FE]
