scope	sram_bank_or_mbc_reg	addr	n_reads	n_writes	n_addr_loads	n_tier1	accessor_banks	sample_pcs	load_callees	store_values
SRAM	0	A000	6	2	10	17	25,27,2D,54,68,7C	25:40B7/L,25:40BA/R,25:44A4/L,25:44A7/R,25:47BE/L,25:47C1/R,27:41CA/L,27:41CD/R,+10	4736 x1,04D8 x1	00 x1
SRAM	0	A040	1	2	4	7	2D,54	2D:4053/L,2D:4059/W,2D:40A6/L,2D:40AB/R,2D:40F3/L,2D:40F9/W,54:47C9/L	484A x1	00 x1
SRAM	0	A100	2	2	4	8	2D,54	2D:406F/L,2D:4075/W,2D:40C2/L,2D:40C7/R,2D:4111/L,2D:4117/W,54:4673/L,54:4676/R		00 x1
SRAM	0	A114	2	2	4	8	2D,54	2D:407D/L,2D:4083/W,2D:40D0/L,2D:40D5/R,2D:4120/L,2D:4126/W,54:4630/L,54:4633/R		00 x1
SRAM	0	A124	1	1	1	1	25,2D	25:4AA0/R,2D:41A6/L*,2D:41AC/W*		
SRAM	0	A12D	0	0	1	0	2D	2D:41B4/L*	42AA x1	
SRAM	0	A251	1	0	0	1	25	25:4AA7/R		
SRAM	0	A37E	1	0	0	1	25	25:4AAE/R		
SRAM	0	A4AB	1	0	0	1	25	25:4AB5/R		
SRAM	0	A5D8	1	0	0	1	25	25:4ABC/R		
SRAM	0	A705	1	0	0	1	25	25:4AC3/R		
SRAM	0	A832	1	0	0	1	25	25:4ACA/R		
SRAM	0	A95F	1	0	0	1	25	25:4AD1/R		
SRAM	0	AA8C	1	0	0	1	25	25:4AD8/R		
SRAM	0	ABB9	1	0	0	1	25	25:4ADF/R		
SRAM	0	ACE6	1	0	0	1	25	25:4AE6/R		
SRAM	0	AE13	1	0	0	1	25	25:4AED/R		
SRAM	0	AF40	2	1	3	6	2A,54	2A:626E/L,2A:6274/R,2A:62DC/L,2A:62E3/W,54:45BB/L,54:45BE/R		
SRAM	0	AF50	1	1	2	4	2A	2A:627C/L,2A:6282/R,2A:62EA/L,2A:62F1/W		
SRAM	1	A000	1	1	2	4	22	22:5043/L,22:504C/R,22:50AE/L,22:50B5/W		00 x1
SRAM	1	A684	0	1	1	0	48	48:4935/L*,48:493B/W*		00 x1
SRAM	1	A69D	1	1	2	4	22	22:5057/L,22:505D/R,22:50BB/L,22:50C2/W		00 x1
SRAM	1	A87D	0	1	1	0	48	48:493F/L*,48:4944/W*		
SRAM	1	A8B5	0	1	1	2	48	48:4974/L,48:4978/W		
SRAM	1	A8B6	0	1	0	1	48	48:497A/W		
SRAM	1	A8B7	0	1	1	2	48	48:4AC0/L,48:4AC6/W		00 x1
SRAM	1	A8D7	1	1	1	3	22	22:5068/L,22:506B/R,22:5089/W		
SRAM	1	A8D8	1	1	0	2	22	22:506D/R,22:508B/W		
SRAM	1	A9E3	2	2	0	3	4E	4E:468B/W,4E:483A/R*,4E:487F/R,4E:4883/W		00 x1
SRAM	1	A9E8	0	0	3	3	4E	4E:46E0/L,4E:4757/L,4E:47A6/L	4739 x2,04D8 x1	
SRAM	1	A9EC	1	0	0	0	4E	4E:483E/R*		
SRAM	1	A9ED	4	0	0	0	4E,70	4E:6185/R*,70:46C2/R*,70:46D4/R*,70:475C/R*		
SRAM	1	A9EE	1	0	0	0	70	70:46CE/R*		
SRAM	1	A9EF	3	3	0	4	4E	4E:4191/W*,4E:41AF/R*,4E:467E/R,4E:4687/W,4E:46B1/R,4E:46BA/W		01 x2
SRAM	1	A9F0	3	0	0	1	4E	4E:4672/R,4E:4808/R*,4E:4826/R*		
SRAM	1	A9F1	3	0	0	1	4E	4E:4678/R,4E:480C/R*,4E:482F/R*		
SRAM	1	A9F2	3	0	0	1	4E	4E:4666/R,4E:4800/R*,4E:4814/R*		
SRAM	1	A9F3	3	0	0	1	4E	4E:466C/R,4E:4804/R*,4E:481D/R*		
SRAM	1	A9F4	1	1	0	1	4E	4E:4675/W,4E:4822/R*		
SRAM	1	A9F5	1	1	0	1	4E	4E:467B/W,4E:482B/R*		
SRAM	1	A9F6	1	1	0	1	4E	4E:4669/W,4E:4810/R*		
SRAM	1	A9F7	1	1	0	1	4E	4E:466F/W,4E:4819/R*		
SRAM	1	A9F8	1	2	1	3	4E,51	4E:468E/W,4E:4848/R*,51:4030/L,51:4036/W		00 x1
SRAM	1	A9F9	1	2	0	2	4E,51	4E:4691/W,4E:484C/R*,51:403A/W		00 x1
SRAM	1	A9FA	1	2	0	2	4E,51	4E:4694/W,4E:4850/R*,51:403E/W		00 x1
SRAM	1	A9FB	1	2	0	2	4E,51	4E:4697/W,4E:4854/R*,51:4042/W		00 x1
SRAM	1	A9FC	4	4	0	8	4C	4C:4C63/W,4C:4CAD/R,4C:4CCC/R,4C:4CD5/W,4C:4D14/R,4C:4D1E/W,4C:4D87/R,4C:4D91/W		00 x2,02 x2
SRAM	1	A9FD	3	4	0	7	4C	4C:4C60/W,4C:4CD8/R,4C:4CE0/W,4C:4D0A/R,4C:4D11/W,4C:4D7D/R,4C:4D84/W		00 x1
SRAM	1	A9FE	3	3	0	6	4C	4C:4B6C/W,4C:4B92/R,4C:4BDF/R,4C:4BE9/W,4C:4D9E/R,4C:4DA8/W		05 x2,00 x1
SRAM	1	A9FF	2	3	0	5	4C	4C:4B69/W,4C:4BD5/R,4C:4BDC/W,4C:4D94/R,4C:4D9B/W		00 x1
SRAM	1	AA00	0	0	1	1	4C	4C:4B62/L	04D8 x1	
SRAM	1	B000	0	0	4	1	68	68:47A1/L*,68:482B/L*,68:491D/L*,68:49D2/L	04D8 x2,050C x1,49FF x1	
SRAM	1	B010	4	4	0	0	65,68	65:4142/R*,68:438C/R*,68:43DE/W*,68:4826/R*,68:489F/R*,68:4AC0/W*,68:4BA3/W*,68:4C50/W*		
SRAM	1	B011	1	1	0	0	68	68:441A/W*,68:444F/R*		
SRAM	1	B012	1	1	0	2	68	68:4518/R,68:4554/W		
SRAM	1	B013	2	1	0	3	00,68	00:15E7/R,68:44B8/W,68:44E5/R		
SRAM	1	B014	0	0	4	1	68	68:4693/L,68:4DEB/L*,68:6DA7/L*,68:6DE3/L*	14E0 x3,14EA x1	
SRAM	1	B047	0	0	2	1	68	68:4209/L,68:4761/L*	14EA x1,14E0 x1	
SRAM	1	B066	0	0	2	0	68	68:4C92/L*,68:52DB/L*	14EA x2	
SRAM	1	B071	0	0	1	0	68	68:5762/L*	14EA x1	
SRAM	1	B088	1	1	0	0	68	68:47F1/W*,68:4CF9/R*		
SRAM	1	B089	1	0	0	0	68	68:4D72/R*		
SRAM	1	B08A	1	0	0	0	68	68:4D34/R*		
SRAM	1	B08B	0	0	1	0	67	67:4279/L*	14EA x1	
SRAM	1	B09C	0	0	1	0	67	67:42E0/L*	14EA x1	
SRAM	1	B0AD	0	0	1	0	67	67:4969/L*	14EA x1	
SRAM	1	B0BE	3	2	0	0	65,68	65:4245/R*,68:4AF4/R*,68:4B2F/W*,68:4BD7/R*,68:4C12/W*		
SRAM	1	B100	0	0	1	0	68	68:491A/L*	050C x1	
SRAM	1	BF00	1	1	1	2	0E,68	0E:4045/W,0E:4139/R*,68:4A2C/L	04D8 x1	
SRAM	1	BF01	1	2	0	2	68,7C	68:5014/W,68:5099/R*,7C:7D3C/W		00 x1
SRAM	1	BF02	1	2	0	3	67	67:4178/W,67:4673/W,67:46B0/R		00 x1
SRAM	1	BF03	1	3	0	4	67	67:406E/W,67:41B0/W,67:4CB2/W,67:4CFE/R		00 x1
SRAM	1	BF04	0	1	0	1	67	67:41E8/W		00 x1
SRAM	1	BF05	1	1	0	2	55	55:702D/R,55:706C/W		
SRAM	2	A000	2	0	7	2	4C,67,68	4C:4C6D/L,67:54A9/L*,67:64E5/L*,68:426B/L,68:4299/L*,68:432F/R*,68:45AF/L*,68:45B7/R*,+1	04D8 x3,0150 x3	
SRAM	2	A001	1	0	0	0	68	68:4336/R*		
SRAM	2	A002	1	0	0	0	68	68:433D/R*		
SRAM	2	A003	1	0	0	0	68	68:4345/R*		
SRAM	2	A00C	0	0	1	1	68	68:462A/L	14BF x1	
SRAM	2	A200	0	0	1	0	68	68:70D5/L*	0150 x1	
SRAM	3	A000	0	1	8	8	4C,54,67,68	4C:4C81/L,54:4611/L,54:4627/W,54:46D2/L,54:495A/L,54:4CE5/L,67:618C/L,67:62F0/L,+1	04D8 x4,06D1 x4	00 x1
SRAM	3	A100	0	0	1	1	4E	4E:48B6/L	06D1 x1	
SRAM	3	A200	0	0	1	0	67	67:5AFE/L*	0150 x1	
SRAM	3	B000	0	0	5	2	4C,4E,67	4C:454E/L,4C:4551/L,4E:4622/L*,67:5C5E/L*,67:5C61/L*	06D1 x4	
SRAM	3	B002	0	0	1	1	4C	4C:4E53/L	06D1 x1	
SRAM	3	B009	1	0	0	1	54	54:4E91/R		
SRAM	3	B00A	1	0	0	1	54	54:4E90/R		
SRAM	3	B00B	1	0	0	1	54	54:4E8E/R		
SRAM	3	B00C	1	0	1	2	54	54:4E89/L,54:4E8C/R		
SRAM	3	B400	0	0	1	0	4E	4E:462E/L*		
SRAM	?	A000	3	0	19	14	1D,4E,54,67,68	1D:421C/L,1D:42A2/L,1D:4300/L,1D:4376/L,4E:46F8/L,4E:4777/L,4E:47C2/L,54:5130/L,+14	1620 x4,0150 x3,14F3 x3	
SRAM	?	A001	1	0	0	1	54	54:5137/R		
SRAM	?	A002	1	1	1	0	68	68:72EB/L*,68:72EE/R*,68:72F1/W*		
SRAM	?	A003	1	2	1	0	68	68:6CF0/R*,68:6D19/W*,68:72F2/L*,68:72F6/W*	06D1 x1	00 x1
SRAM	?	A00C	0	0	1	0	68	68:6D7A/L*	14BF x1	
SRAM	?	A02C	0	0	2	1	68	68:4633/L,68:6D83/L*	14BF x2	
SRAM	?	A040	1	0	1	2	54	54:47D1/L,54:47D4/R		
SRAM	?	A04A	0	0	1	0	68	68:6D6E/L*	14C6 x1	
SRAM	?	A05E	0	0	1	0	68	68:6D47/L*	14C6 x1	
SRAM	?	A076	0	0	2	1	68	68:4660/L,68:6DC0/L*	4054 x1,409A x1	
SRAM	?	A07E	0	0	2	1	68	68:463C/L,68:6DC9/L*	14D1 x1,14C6 x1	
SRAM	?	A08E	0	0	1	1	68	68:4669/L	4054 x1	
SRAM	?	A096	0	0	1	1	68	68:4648/L	14D1 x1	
SRAM	?	A0A6	0	0	1	1	68	68:4672/L	4054 x1	
SRAM	?	A0AE	0	0	1	1	68	68:4654/L	14D1 x1	
SRAM	?	A0C0	0	0	1	0	68	68:6D12/L*	04D8 x1	
SRAM	?	A100	0	2	13	3	54,67,68	54:47B2/L,67:5B30/L*,67:5B4B/L*,67:5B8A/L*,67:5B8F/W*,67:5BBA/L*,67:5D5E/L*,67:5D63/W*,+7	0150 x5,14BF x4,06D1 x1	63 x2
SRAM	?	A101	0	2	0	0	67	67:5B92/W*,67:5D66/W*		A3 x1,A2 x1
SRAM	?	A102	0	1	0	0	67	67:5D69/W*		63 x1
SRAM	?	A103	0	1	0	0	67	67:5D6C/W*		A4 x1
SRAM	?	A104	0	1	0	0	67	67:5D6E/W*		00 x1
SRAM	?	A105	0	1	0	0	67	67:5D6F/W*		00 x1
SRAM	?	A108	0	0	1	0	67	67:5B39/L*	14BF x1	
SRAM	?	A1ED	0	0	1	0	2D	2D:41BD/L*	42AA x1	
SRAM	?	A1FD	0	0	1	0	2D	2D:41C6/L*	42AA x1	
SRAM	?	A200	0	0	2	0	67,68	67:5E86/L*,68:714A/L*	14F3 x1,14BF x1	
SRAM	?	A211	0	0	1	0	2D	2D:41CF/L*	42AA x1	
SRAM	?	A222	0	0	2	0	68	68:70F9/L*,68:7141/L*	0150 x1,14BF x1	
SRAM	?	A244	0	0	2	0	68	68:711D/L*,68:7187/L*	0150 x1,14BF x1	
SRAM	?	A251	0	1	1	0	2D	2D:41D8/L*,2D:41DE/W*		
SRAM	?	A25A	0	0	1	0	2D	2D:41E6/L*	42AA x1	
SRAM	?	A31A	0	0	1	0	2D	2D:41EF/L*	42AA x1	
SRAM	?	A32A	0	0	1	0	2D	2D:41F8/L*	42AA x1	
SRAM	?	A33E	0	0	1	0	2D	2D:4201/L*	42AA x1	
SRAM	?	A363	0	0	7	0	67	67:5B94/L*,67:5E80/L*,67:5E89/L*,67:5E92/L*,67:5E9B/L*,67:5EA4/L*,67:5EAD/L*	14F3 x5,1533 x1,14BF x1	
SRAM	?	A37E	0	1	1	0	2D	2D:420A/L*,2D:4210/W*		
SRAM	?	A387	0	0	1	0	2D	2D:4218/L*	42AA x1	
SRAM	?	A447	0	0	1	0	2D	2D:4221/L*	42AA x1	
SRAM	?	A457	0	0	1	0	2D	2D:422A/L*	42AA x1	
SRAM	?	A463	0	0	4	0	67	67:5B81/L*,67:5F99/L*,67:5FA0/L*,67:5FAE/L*	14BF x2,5FB5 x1,5FF9 x1	
SRAM	?	A46B	0	0	1	0	2D	2D:4233/L*	42AA x1	
SRAM	?	A4AB	0	1	1	0	2D	2D:423C/L*,2D:4242/W*		
SRAM	?	A4B4	0	0	1	0	2D	2D:424A/L*	42AA x1	
SRAM	?	A574	0	0	1	0	2D	2D:4253/L*	42AA x1	
SRAM	?	A584	0	0	1	0	2D	2D:425C/L*	42AA x1	
SRAM	?	A598	0	0	1	0	2D	2D:4265/L*	42AA x1	
SRAM	?	A5D8	0	1	1	0	2D	2D:426E/L*,2D:4274/W*		
SRAM	?	A5E1	0	0	1	0	2D	2D:427C/L*	42AA x1	
SRAM	?	A684	0	0	8	8	48,6C	48:48E5/L,6C:5998/L,6C:59C6/L,6C:5BB8/L,6C:5BCE/L,6C:5BEC/L,6C:5BF6/L,6C:5D6D/L	1620 x5,06D1 x3	
SRAM	?	A686	0	0	3	3	6C	6C:4332/L,6C:4554/L,6C:47AE/L	1620 x3	
SRAM	?	A687	0	0	6	6	6C	6C:433B/L,6C:4415/L,6C:455D/L,6C:4637/L,6C:47B7/L,6C:47E7/L	1620 x6	
SRAM	?	A688	0	0	3	3	6C	6C:4375/L,6C:4597/L,6C:47CA/L	1620 x3	
SRAM	?	A689	0	0	6	6	6C	6C:437E/L,6C:44A2/L,6C:45A0/L,6C:46C4/L,6C:47D3/L,6C:47FB/L	1620 x6	
SRAM	?	A6A1	0	0	1	0	2D	2D:4285/L*	42AA x1	
SRAM	?	A6B1	0	0	1	0	2D	2D:428E/L*	42AA x1	
SRAM	?	A6C5	0	0	1	0	2D	2D:4297/L*	42AA x1	
SRAM	?	A7ED	0	1	1	0	2D	2D:4581/L*,2D:4585/W*		
SRAM	?	A82D	0	1	1	0	2D	2D:458E/L*,2D:4592/W*		
SRAM	?	A83D	0	1	1	0	2D	2D:459B/L*,2D:459F/W*		
SRAM	?	A87D	0	0	1	1	48	48:4901/L	1620 x1	
SRAM	?	A880	0	0	8	7	57,65,67	57:41AB/L,57:41EC/L,57:459C/L,57:4767/L,57:4795/L,57:543A/L,65:464C/L*,67:59B4/L	06D1 x5,1620 x3	
SRAM	?	A881	0	0	3	3	48	48:4996/L,48:49C5/L,48:49CF/L	1620 x2,06D1 x1	
SRAM	?	A88D	0	0	2	2	57	57:45A6/L,57:5423/L	1620 x1	
SRAM	?	A89A	0	0	5	5	48	48:49E5/L,48:4A13/L,48:4A1D/L,48:4A38/L,48:4A42/L	1620 x3,06D1 x2	
SRAM	?	A89B	0	0	3	3	48	48:4A58/L,48:4A76/L,48:4A80/L	1620 x2,06D1 x1	
SRAM	?	A8B5	0	0	1	0	48	48:489E/L*	1620 x1	
SRAM	?	A8B6	0	0	2	0	48	48:48A7/L*,48:48CA/L*	1620 x2	
SRAM	?	A8B7	0	0	4	4	73	73:5F3F/L,73:6108/L,73:6136/L,73:616F/L	06D1 x3,1620 x1	
SRAM	?	A8B8	0	0	3	3	1D	1D:4018/L,1D:41DF/L,1D:420C/L	06D1 x2,1620 x1	
SRAM	?	A8B9	0	0	3	3	1F	1F:4015/L,1F:4245/L,1F:4280/L	06D1 x2,1620 x1	
SRAM	?	A8C1	0	0	1	1	73	73:60FA/L	06D1 x1	
SRAM	?	A8D7	0	0	1	1	22	22:5077/L		
SRAM	?	A9E4	0	2	2	4	4E	4E:4701/L,4E:4789/W,4E:47CB/L,4E:47D9/W	4739 x2	
SRAM	?	A9E5	0	2	0	2	4E	4E:478C/W,4E:47E1/W		
SRAM	?	A9E6	1	2	0	3	4E	4E:470A/R,4E:4782/W,4E:47D5/W		00 x1
SRAM	?	A9E7	1	2	0	3	4E	4E:4710/R,4E:4785/W,4E:47DD/W		00 x1
SRAM	?	A9E8	0	2	0	2	4E	4E:4769/W,4E:47B4/W		
SRAM	?	A9E9	0	2	0	2	4E	4E:476C/W,4E:47BC/W		
SRAM	?	A9EA	1	2	0	3	4E	4E:46E9/R,4E:4762/W,4E:47B0/W		00 x1
SRAM	?	A9EB	1	2	0	3	4E	4E:46EF/R,4E:4765/W,4E:47B8/W		00 x1
SRAM	?	A9EC	1	1	0	2	4E	4E:4722/R,4E:4771/W		01 x1
SRAM	?	A9ED	0	0	1	1	73	73:62E4/L	1620 x1	
SRAM	?	A9EE	0	2	0	0	70	70:46EA/W*,70:4710/W*		
SRAM	?	A9EF	1	1	0	2	4E	4E:4716/R,4E:4774/W		01 x1
SRAM	?	A9FE	1	1	0	2	4C	4C:4BA0/R,4C:4BA9/W		00 x1
SRAM	?	A9FF	1	1	0	2	4C	4C:4BAC/R,4C:4BB4/W		
SRAM	?	AAAA	0	0	1	1	1F	1F:43E3/L	0A65 x1	
SRAM	?	AE13	0	1	1	2	2D	2D:4168/L,2D:416F/W		00 x1
SRAM	?	AF50	0	0	1	1	2A	2A:54C1/L	06D1 x1	
SRAM	?	AFFF	0	1	2	3	4C,54	4C:4EE1/L,4C:4EE8/L,54:511E/W	0526 x1	00 x1
SRAM	?	B000	2	1	30	20	2E,4C,4E,67,68,74,7E	2E:4358/L,4C:4413/L,4C:443F/L,4C:4474/L,4C:4495/L,4C:4C98/L,4C:4ECA/R,4C:4EF3/L,+25	06D1 x9,050C x5,04D8 x5	
SRAM	?	B001	2	1	0	3	4C,7E	4C:4ECE/R,7E:7E64/W,7E:7EAE/R		
SRAM	?	B010	0	1	6	0	65,68	65:4123/L*,68:43B9/L*,68:4849/W*,68:4880/L*,68:4A9B/L*,68:4B7E/L*,68:4C2B/L*		
SRAM	?	B011	0	0	2	0	68	68:43F4/L*,68:4430/L*		
SRAM	?	B025	0	0	1	1	68	68:469C/L	14EA x1	
SRAM	?	B036	0	0	1	1	68	68:46A5/L	14EA x1	
SRAM	?	B066	0	0	2	0	65	65:4339/L*,65:44A4/L*	06D1 x2	
SRAM	?	B071	0	0	3	0	65,68	65:4359/L*,65:44C4/L*,68:4C9B/L*	06D1 x2,14EA x1	
SRAM	?	B07A	0	0	4	0	65,68	65:4367/L*,65:44D2/L*,68:4CA4/L*,68:5777/L*	06D1 x2,14EA x2	
SRAM	?	B07F	0	0	4	0	65,68	65:4405/L*,65:45FC/L*,68:4CAD/L*,68:4CB6/L*	06D1 x2,14EA x2	
SRAM	?	B088	0	0	4	0	65,68	65:4427/L*,65:461E/L*,68:47CC/L*,68:4CDA/L*	06D1 x2	
SRAM	?	B089	0	0	3	0	65,68	65:42E3/L*,65:4455/L*,68:4D53/L*	06D1 x2	
SRAM	?	B08A	0	0	4	0	65,68	65:44ED/L*,65:44FC/L*,65:4511/L*,68:4D15/L*	06D1 x3	
SRAM	?	B08B	0	0	2	0	65,68	65:453F/L*,68:4CBF/L*	06D1 x1,14EA x1	
SRAM	?	B09C	0	0	2	0	65,68	65:4558/L*,68:4CC8/L*	06D1 x1,14EA x1	
SRAM	?	B0AD	0	0	2	0	65,68	65:456F/L*,68:4CD1/L*	06D1 x1,14EA x1	
SRAM	?	B0BE	1	1	3	0	65,68	65:4226/L*,68:4A77/R*,68:4A7B/W*,68:4AD5/L*,68:4BB8/L*		
SRAM	?	B100	0	0	3	1	68	68:48F3/L*,68:4940/L*,68:49E1/L	4950 x2,050C x1	
SRAM	?	B400	0	1	3	4	54	54:4A28/L,54:4A2E/W,54:4B0E/L,54:4B75/L	06D1 x2	00 x1
SRAM	?	B410	1	1	6	8	54	54:4B3C/L,54:4B42/W,54:4B46/L,54:4B55/L,54:4B58/L,54:4B5E/R,54:4B69/L,54:4B90/L	06D1 x2,4C47 x1	00 x1
SRAM	?	B430	0	0	3	3	54	54:4AC2/L,54:4AE6/L,54:4B84/L	06D1 x3	
SRAM	?	B450	2	0	2	4	54	54:4A79/L,54:4BA5/L,54:4BA8/R,54:4BB7/R	4FD2 x1	
SRAM	?	B470	0	0	3	3	54	54:4A7C/L,54:4A84/L,54:4BAC/L	4FD2 x1,4C47 x1,06D1 x1	
SRAM	?	B4FF	1	1	0	2	54	54:4A25/W,54:4BBE/R		
SRAM	?	BB44	0	0	1	1	04	04:4F77/L		
SRAM	?	BF00	0	0	2	1	0E	0E:4024/L,0E:411A/L*		
SRAM	?	BF01	0	0	2	1	68	68:4FF3/L,68:507A/L*		
SRAM	?	BF02	0	0	1	1	67	67:4157/L		
SRAM	?	BF03	0	0	4	4	67	67:404D/L,67:418F/L,67:4C91/L,67:4CDF/L		
SRAM	?	BF04	1	2	1	3	67,68	67:41C7/L,67:467B/W,67:46B5/R,68:4D4D/W*		
SRAM	?	BF05	0	0	2	2	55	55:700E/L,55:704B/L		
MBC	RAMB	4000	0	337	0	172	00,0E,0F,22,24,25,27,2A,2B,2C,2D,2F,48,4C,4E,51,54,55,65,67,68,70,7C,7F	00:0299/W,00:0633/W*,00:064E/W,00:0669/W*,00:06A7/W,00:15D0/W,00:160A/W,00:1647/W,+329		01 x132,00 x49,03 x23,02 x12
MBC	RAMG	0000	0	422	0	261	00,0E,0F,22,24,25,27,2A,2B,2C,2D,2F,48,4C,4E,4F,51,54,55,65,67,68,70,74,7C,7F	00:0296/W,00:06AD/W,00:15D7/W,00:1614/W,00:164E/W,00:1658/W,0E:4041/W,0E:4055/W,+414		0A x215,00 x153
MBC	ROMB0	2000	0	7	0	6	00	00:0182/W,00:01A1/W*,00:01CD/W,00:01E1/W,00:021F/W,00:0233/W,00:2101/W		75 x3
MBC	ROMB0	2100	0	30	0	25	00,68	00:025B/W,00:026D/W,00:02A6/W,00:0311/W,00:031E/W,00:0639/W*,00:0654/W,00:066F/W*,+22		3F x3,4F x2,7F x2,0F x1
MBC	ROMB1	3000	0	10	0	9	00	00:0187/W,00:01A5/W*,00:01D2/W,00:01E5/W,00:0224/W,00:0237/W,00:025F/W,00:0271/W,+2		00 x5
